velocity,timing,articulation,id
0.0,0.0,0.0,n1-1
0.0,0.0,0.0,n2-1
0.0,0.0,0.0,n3-1
0.0,0.0,0.0,n16-1
0.0,0.0,0.0,n11-1
0.0,0.0,0.0,n6-1
0.0,0.0,0.0,n17-1
0.0,0.0,0.0,n12-1
0.0,0.0,0.0,n13-1
0.0,0.0,0.0,n14-1
0.0,0.0,0.0,n8-1
0.0,0.0,0.0,n9-1
0.0,0.0,0.0,n10-1
0.0,0.0,0.0,n29-1
0.0,0.0,0.0,n24-1
0.0,0.0,0.0,n19-1
0.0,0.0,0.0,n30-1
0.0,0.0,0.0,n25-1
0.0,0.0,0.0,n26-1
0.0,0.0,0.0,n27-1
0.0,0.0,0.0,n21-1
0.0,0.0,0.0,n22-1
0.0,0.0,0.0,n23-1
0.0,0.0,0.0,n42-1
0.0,0.0,0.0,n37-1
0.0,0.0,0.0,n32-1
0.0,0.0,0.0,n43-1
0.0,0.0,0.0,n38-1
0.0,0.0,0.0,n39-1
0.0,0.0,0.0,n40-1
0.0,0.0,0.0,n34-1
0.0,0.0,0.0,n35-1
0.0,0.0,0.0,n36-1
0.0,0.0,0.0,n50-1
0.0,0.0,0.0,n55-1
0.0,0.0,0.0,n45-1
0.0,0.0,0.0,n51-1
0.0,0.0,0.0,n56-1
0.0,0.0,0.0,n52-1
0.0,0.0,0.0,n53-1
0.0,0.0,0.0,n47-1
0.0,0.0,0.0,n48-1
0.0,0.0,0.0,n49-1
0.0,0.0,0.0,n63-1
0.0,0.0,0.0,n68-1
0.0,0.0,0.0,n58-1
0.0,0.0,0.0,n69-1
0.0,0.0,0.0,n64-1
0.0,0.0,0.0,n65-1
0.0,0.0,0.0,n66-1
0.0,0.0,0.0,n60-1
0.0,0.0,0.0,n61-1
0.0,0.0,0.0,n62-1
0.0,0.0,0.0,n81-1
0.0,0.0,0.0,n76-1
0.0,0.0,0.0,n71-1
0.0,0.0,0.0,n82-1
0.0,0.0,0.0,n77-1
0.0,0.0,0.0,n78-1
0.0,0.0,0.0,n79-1
0.0,0.0,0.0,n73-1
0.0,0.0,0.0,n74-1
0.0,0.0,0.0,n75-1
0.0,0.0,0.0,n94-1
0.0,0.0,0.0,n89-1
0.0,0.0,0.0,n84-1
0.0,0.0,0.0,n90-1
0.0,0.0,0.0,n95-1
0.0,0.0,0.0,n91-1
0.0,0.0,0.0,n92-1
0.0,0.0,0.0,n86-1
0.0,0.0,0.0,n87-1
0.0,0.0,0.0,n88-1
0.0,0.0,0.0,n107-1
0.0,0.0,0.0,n102-1
0.0,0.0,0.0,n97-1
0.0,0.0,0.0,n108-1
0.0,0.0,0.0,n103-1
0.0,0.0,0.0,n104-1
0.0,0.0,0.0,n105-1
0.0,0.0,0.0,n99-1
0.0,0.0,0.0,n100-1
0.0,0.0,0.0,n101-1
0.0,0.0,0.0,n115-1
0.0,0.0,0.0,n119-1
0.0,0.0,0.0,n110-1
0.0,0.0,0.0,n116-1
0.0,0.0,0.0,n118-1
0.0,0.0,0.0,n112-1
0.0,0.0,0.0,n113-1
0.0,0.0,0.0,n114-1
0.0,0.0,0.0,n129-1
0.0,0.0,0.0,n125-1
0.0,0.0,0.0,n120-1
0.0,0.0,0.0,n126-1
0.0,0.0,0.0,n128-1
0.0,0.0,0.0,n122-1
0.0,0.0,0.0,n123-1
0.0,0.0,0.0,n124-1
0.0,0.0,0.0,n135-1
0.0,0.0,0.0,n139-1
0.0,0.0,0.0,n130-1
0.0,0.0,0.0,n136-1
0.0,0.0,0.0,n138-1
0.0,0.0,0.0,n132-1
0.0,0.0,0.0,n133-1
0.0,0.0,0.0,n134-1
0.0,0.0,0.0,n149-1
0.0,0.0,0.0,n145-1
0.0,0.0,0.0,n140-1
0.0,0.0,0.0,n146-1
0.0,0.0,0.0,n148-1
0.0,0.0,0.0,n142-1
0.0,0.0,0.0,n143-1
0.0,0.0,0.0,n144-1
0.0,0.0,0.0,n155-1
0.0,0.0,0.0,n159-1
0.0,0.0,0.0,n150-1
0.0,0.0,0.0,n156-1
0.0,0.0,0.0,n158-1
0.0,0.0,0.0,n152-1
0.0,0.0,0.0,n153-1
0.0,0.0,0.0,n154-1
0.0,0.0,0.0,n165-1
0.0,0.0,0.0,n170-1
0.0,0.0,0.0,n160-1
0.0,0.0,0.0,n166-1
0.0,0.0,0.0,n172-1
0.0,0.0,0.0,n175-1
0.0,0.0,0.0,n167-1
0.0,0.0,0.0,n168-1
0.0,0.0,0.0,n162-1
0.0,0.0,0.0,n163-1
0.0,0.0,0.0,n164-1
0.0,0.0,0.0,n181-1
0.0,0.0,0.0,n177-1
0.0,0.0,0.0,n182-1
0.0,0.0,0.0,n183-1
0.0,0.0,0.0,n184-1
0.0,0.0,0.0,n185-1
0.0,0.0,0.0,n179-1
0.0,0.0,0.0,n180-1
0.0,0.0,0.0,n186-1
0.0,0.0,0.0,n187-1
0.0,0.0,0.0,n188-1
0.0,0.0,0.0,n189-1
0.0,0.0,0.0,n190-1
0.0,0.0,0.0,n191-1
0.0,0.0,0.0,n198-1
0.0,0.0,0.0,n202-1
0.0,0.0,0.0,n193-1
0.0,0.0,0.0,n199-1
0.0,0.0,0.0,n201-1
0.0,0.0,0.0,n195-1
0.0,0.0,0.0,n196-1
0.0,0.0,0.0,n197-1
0.0,0.0,0.0,n212-1
0.0,0.0,0.0,n208-1
0.0,0.0,0.0,n203-1
0.0,0.0,0.0,n209-1
0.0,0.0,0.0,n211-1
0.0,0.0,0.0,n205-1
0.0,0.0,0.0,n206-1
0.0,0.0,0.0,n207-1
0.0,0.0,0.0,n222-1
0.0,0.0,0.0,n218-1
0.0,0.0,0.0,n213-1
0.0,0.0,0.0,n219-1
0.0,0.0,0.0,n221-1
0.0,0.0,0.0,n215-1
0.0,0.0,0.0,n216-1
0.0,0.0,0.0,n217-1
0.0,0.0,0.0,n232-1
0.0,0.0,0.0,n228-1
0.0,0.0,0.0,n223-1
0.0,0.0,0.0,n229-1
0.0,0.0,0.0,n231-1
0.0,0.0,0.0,n225-1
0.0,0.0,0.0,n226-1
0.0,0.0,0.0,n227-1
0.0,0.0,0.0,n238-1
0.0,0.0,0.0,n242-1
0.0,0.0,0.0,n233-1
0.0,0.0,0.0,n239-1
0.0,0.0,0.0,n241-1
0.0,0.0,0.0,n235-1
0.0,0.0,0.0,n236-1
0.0,0.0,0.0,n237-1
0.0,0.0,0.0,n248-1
0.0,0.0,0.0,n253-1
0.0,0.0,0.0,n243-1
0.0,0.0,0.0,n255-1
0.0,0.0,0.0,n249-1
0.0,0.0,0.0,n250-1
0.0,0.0,0.0,n258-1
0.0,0.0,0.0,n251-1
0.0,0.0,0.0,n245-1
0.0,0.0,0.0,n246-1
0.0,0.0,0.0,n247-1
0.0,0.0,0.0,n264-1
0.0,0.0,0.0,n260-1
0.0,0.0,0.0,n265-1
0.0,0.0,0.0,n262-1
0.0,0.0,0.0,n266-1
0.0,0.0,0.0,n263-1
0.0,0.0,0.0,n267-1
0.0,0.0,0.0,n269-1
0.0,0.0,0.0,n270-1
0.0,0.0,0.0,n271-1
0.0,0.0,0.0,n272-1
0.0,0.0,0.0,n273-1
0.0,0.0,0.0,n274-1
0.0,0.0,0.0,n285-1
0.0,0.0,0.0,n281-1
0.0,0.0,0.0,n276-1
0.0,0.0,0.0,n282-1
0.0,0.0,0.0,n284-1
0.0,0.0,0.0,n278-1
0.0,0.0,0.0,n279-1
0.0,0.0,0.0,n280-1
0.0,0.0,0.0,n291-1
0.0,0.0,0.0,n296-1
0.0,0.0,0.0,n286-1
0.0,0.0,0.0,n298-1
0.0,0.0,0.0,n292-1
0.0,0.0,0.0,n293-1
0.0,0.0,0.0,n301-1
0.0,0.0,0.0,n294-1
0.0,0.0,0.0,n288-1
0.0,0.0,0.0,n289-1
0.0,0.0,0.0,n290-1
0.0,0.0,0.0,n307-1
0.0,0.0,0.0,n303-1
0.0,0.0,0.0,n308-1
0.0,0.0,0.0,n305-1
0.0,0.0,0.0,n309-1
0.0,0.0,0.0,n306-1
0.0,0.0,0.0,n310-1
0.0,0.0,0.0,n312-1
0.0,0.0,0.0,n313-1
0.0,0.0,0.0,n314-1
0.0,0.0,0.0,n315-1
0.0,0.0,0.0,n316-1
0.0,0.0,0.0,n317-1
0.0,0.0,0.0,n324-1
0.0,0.0,0.0,n328-1
0.0,0.0,0.0,n319-1
0.0,0.0,0.0,n325-1
0.0,0.0,0.0,n327-1
0.0,0.0,0.0,n321-1
0.0,0.0,0.0,n322-1
0.0,0.0,0.0,n323-1
0.0,0.0,0.0,n334-1
0.0,0.0,0.0,n329-1
0.0,0.0,0.0,n335-1
0.0,0.0,0.0,n336-1
0.0,0.0,0.0,n337-1
0.0,0.0,0.0,n331-1
0.0,0.0,0.0,n338-1
0.0,0.0,0.0,n332-1
0.0,0.0,0.0,n339-1
0.0,0.0,0.0,n333-1
0.0,0.0,0.0,n345-1
0.0,0.0,0.0,n340-1
0.0,0.0,0.0,n341-1
0.0,0.0,0.0,n342-1
0.0,0.0,0.0,n346-1
0.0,0.0,0.0,n343-1
0.0,0.0,0.0,n347-1
0.0,0.0,0.0,n344-1
0.0,0.0,0.0,n348-1
0.0,0.0,0.0,n350-1
0.0,0.0,0.0,n354-1
0.0,0.0,0.0,n355-1
0.0,0.0,0.0,n351-1
0.0,0.0,0.0,n356-1
0.0,0.0,0.0,n352-1
0.0,0.0,0.0,n357-1
0.0,0.0,0.0,n353-1
0.0,0.0,0.0,n359-1
0.0,0.0,0.0,n363-1
0.0,0.0,0.0,n364-1
0.0,0.0,0.0,n360-1
0.0,0.0,0.0,n365-1
0.0,0.0,0.0,n361-1
0.0,0.0,0.0,n366-1
0.0,0.0,0.0,n362-1
0.0,0.0,0.0,n373-1
0.0,0.0,0.0,n374-1
0.0,0.0,0.0,n367-1
0.0,0.0,0.0,n368-1
0.0,0.0,0.0,n369-1
0.0,0.0,0.0,n370-1
0.0,0.0,0.0,n371-1
0.0,0.0,0.0,n372-1
0.0,0.0,0.0,n381-1
0.0,0.0,0.0,n382-1
0.0,0.0,0.0,n375-1
0.0,0.0,0.0,n376-1
0.0,0.0,0.0,n383-1
0.0,0.0,0.0,n377-1
0.0,0.0,0.0,n378-1
0.0,0.0,0.0,n384-1
0.0,0.0,0.0,n379-1
0.0,0.0,0.0,n380-1
0.0,0.0,0.0,n391-1
0.0,0.0,0.0,n385-1
0.0,0.0,0.0,n386-1
0.0,0.0,0.0,n392-1
0.0,0.0,0.0,n387-1
0.0,0.0,0.0,n388-1
0.0,0.0,0.0,n393-1
0.0,0.0,0.0,n389-1
0.0,0.0,0.0,n390-1
0.0,0.0,0.0,n400-1
0.0,0.0,0.0,n394-1
0.0,0.0,0.0,n395-1
0.0,0.0,0.0,n401-1
0.0,0.0,0.0,n396-1
0.0,0.0,0.0,n397-1
0.0,0.0,0.0,n402-1
0.0,0.0,0.0,n398-1
0.0,0.0,0.0,n399-1
0.0,0.0,0.0,n408-1
0.0,0.0,0.0,n403-1
0.0,0.0,0.0,n404-1
0.0,0.0,0.0,n409-1
0.0,0.0,0.0,n405-1
0.0,0.0,0.0,n410-1
0.0,0.0,0.0,n406-1
0.0,0.0,0.0,n411-1
0.0,0.0,0.0,n412-1
0.0,0.0,0.0,n414-1
0.0,0.0,0.0,n418-1
0.0,0.0,0.0,n419-1
0.0,0.0,0.0,n415-1
0.0,0.0,0.0,n420-1
0.0,0.0,0.0,n416-1
0.0,0.0,0.0,n421-1
0.0,0.0,0.0,n417-1
0.0,0.0,0.0,n423-1
0.0,0.0,0.0,n427-1
0.0,0.0,0.0,n428-1
0.0,0.0,0.0,n424-1
0.0,0.0,0.0,n429-1
0.0,0.0,0.0,n425-1
0.0,0.0,0.0,n430-1
0.0,0.0,0.0,n426-1
0.0,0.0,0.0,n432-1
0.0,0.0,0.0,n436-1
0.0,0.0,0.0,n437-1
0.0,0.0,0.0,n433-1
0.0,0.0,0.0,n438-1
0.0,0.0,0.0,n434-1
0.0,0.0,0.0,n439-1
0.0,0.0,0.0,n435-1
0.0,0.0,0.0,n449-1
0.0,0.0,0.0,n450-1
0.0,0.0,0.0,n440-1
0.0,0.0,0.0,n441-1
0.0,0.0,0.0,n442-1
0.0,0.0,0.0,n443-1
0.0,0.0,0.0,n444-1
0.0,0.0,0.0,n445-1
0.0,0.0,0.0,n446-1
0.0,0.0,0.0,n447-1
0.0,0.0,0.0,n448-1
0.0,0.0,0.0,n459-1
0.0,0.0,0.0,n460-1
0.0,0.0,0.0,n451-1
0.0,0.0,0.0,n452-1
0.0,0.0,0.0,n461-1
0.0,0.0,0.0,n462-1
0.0,0.0,0.0,n456-1
0.0,0.0,0.0,n453-1
0.0,0.0,0.0,n457-1
0.0,0.0,0.0,n458-1
0.0,0.0,0.0,n463-1
0.0,0.0,0.0,n464-1
0.0,0.0,0.0,n454-1
0.0,0.0,0.0,n465-1
0.0,0.0,0.0,n473-1
0.0,0.0,0.0,n474-1
0.0,0.0,0.0,n466-1
0.0,0.0,0.0,n469-1
0.0,0.0,0.0,n470-1
0.0,0.0,0.0,n475-1
0.0,0.0,0.0,n476-1
0.0,0.0,0.0,n467-1
0.0,0.0,0.0,n477-1
0.0,0.0,0.0,n478-1
0.0,0.0,0.0,n479-1
0.0,0.0,0.0,n468-1
0.0,0.0,0.0,n471-1
0.0,0.0,0.0,n472-1
0.0,0.0,0.0,n480-1
0.0,0.0,0.0,n486-1
0.0,0.0,0.0,n481-1
0.0,0.0,0.0,n487-1
0.0,0.0,0.0,n488-1
0.0,0.0,0.0,n489-1
0.0,0.0,0.0,n482-1
0.0,0.0,0.0,n484-1
0.0,0.0,0.0,n485-1
0.0,0.0,0.0,n490-1
0.0,0.0,0.0,n491-1
0.0,0.0,0.0,n483-1
0.0,0.0,0.0,n492-1
0.0,0.0,0.0,n500-1
0.0,0.0,0.0,n501-1
0.0,0.0,0.0,n493-1
0.0,0.0,0.0,n496-1
0.0,0.0,0.0,n497-1
0.0,0.0,0.0,n502-1
0.0,0.0,0.0,n503-1
0.0,0.0,0.0,n494-1
0.0,0.0,0.0,n504-1
0.0,0.0,0.0,n505-1
0.0,0.0,0.0,n506-1
0.0,0.0,0.0,n495-1
0.0,0.0,0.0,n498-1
0.0,0.0,0.0,n499-1
0.0,0.0,0.0,n507-1
0.0,0.0,0.0,n510-1
0.0,0.0,0.0,n508-1
0.0,0.0,0.0,n511-1
0.0,0.0,0.0,n512-1
0.0,0.0,0.0,n513-1
0.0,0.0,0.0,n509-1
0.0,0.0,0.0,n514-1
0.0,0.0,0.0,n515-1
0.0,0.0,0.0,n516-1
0.0,0.0,0.0,n520-1
0.0,0.0,0.0,n521-1
0.0,0.0,0.0,n522-1
0.0,0.0,0.0,n523-1
0.0,0.0,0.0,n518-1
0.0,0.0,0.0,n524-1
0.0,0.0,0.0,n525-1
0.0,0.0,0.0,n526-1
0.0,0.0,0.0,n519-1
0.0,0.0,0.0,n527-1
0.0,0.0,0.0,n534-1
0.0,0.0,0.0,n528-1
0.0,0.0,0.0,n531-1
0.0,0.0,0.0,n532-1
0.0,0.0,0.0,n533-1
0.0,0.0,0.0,n535-1
0.0,0.0,0.0,n536-1
0.0,0.0,0.0,n529-1
0.0,0.0,0.0,n537-1
0.0,0.0,0.0,n538-1
0.0,0.0,0.0,n530-1
0.0,0.0,0.0,n539-1
0.0,0.0,0.0,n543-1
0.0,0.0,0.0,n540-1
0.0,0.0,0.0,n544-1
0.0,0.0,0.0,n545-1
0.0,0.0,0.0,n541-1
0.0,0.0,0.0,n546-1
0.0,0.0,0.0,n547-1
0.0,0.0,0.0,n542-1
0.0,0.0,0.0,n548-1
0.0,0.0,0.0,n554-1
0.0,0.0,0.0,n555-1
0.0,0.0,0.0,n549-1
0.0,0.0,0.0,n556-1
0.0,0.0,0.0,n557-1
0.0,0.0,0.0,n558-1
0.0,0.0,0.0,n550-1
0.0,0.0,0.0,n559-1
0.0,0.0,0.0,n551-1
0.0,0.0,0.0,n560-1
0.0,0.0,0.0,n552-1
0.0,0.0,0.0,n561-1
0.0,0.0,0.0,n553-1
0.0,0.0,0.0,n568-1
0.0,0.0,0.0,n569-1
0.0,0.0,0.0,n562-1
0.0,0.0,0.0,n570-1
0.0,0.0,0.0,n563-1
0.0,0.0,0.0,n571-1
0.0,0.0,0.0,n564-1
0.0,0.0,0.0,n572-1
0.0,0.0,0.0,n565-1
0.0,0.0,0.0,n573-1
0.0,0.0,0.0,n574-1
0.0,0.0,0.0,n566-1
0.0,0.0,0.0,n575-1
0.0,0.0,0.0,n567-1
0.0,0.0,0.0,n582-1
0.0,0.0,0.0,n576-1
0.0,0.0,0.0,n583-1
0.0,0.0,0.0,n577-1
0.0,0.0,0.0,n584-1
0.0,0.0,0.0,n585-1
0.0,0.0,0.0,n578-1
0.0,0.0,0.0,n586-1
0.0,0.0,0.0,n579-1
0.0,0.0,0.0,n587-1
0.0,0.0,0.0,n580-1
0.0,0.0,0.0,n588-1
0.0,0.0,0.0,n581-1
0.0,0.0,0.0,n595-1
0.0,0.0,0.0,n596-1
0.0,0.0,0.0,n589-1
0.0,0.0,0.0,n597-1
0.0,0.0,0.0,n590-1
0.0,0.0,0.0,n598-1
0.0,0.0,0.0,n591-1
0.0,0.0,0.0,n599-1
0.0,0.0,0.0,n592-1
0.0,0.0,0.0,n600-1
0.0,0.0,0.0,n601-1
0.0,0.0,0.0,n593-1
0.0,0.0,0.0,n602-1
0.0,0.0,0.0,n594-1
0.0,0.0,0.0,n607-1
0.0,0.0,0.0,n603-1
0.0,0.0,0.0,n604-1
0.0,0.0,0.0,n608-1
0.0,0.0,0.0,n609-1
0.0,0.0,0.0,n610-1
0.0,0.0,0.0,n605-1
0.0,0.0,0.0,n606-1
0.0,0.0,0.0,n611-1
0.0,0.0,0.0,n612-1
0.0,0.0,0.0,n613-1
0.0,0.0,0.0,n620-1
0.0,0.0,0.0,n621-1
0.0,0.0,0.0,n622-1
0.0,0.0,0.0,n623-1
0.0,0.0,0.0,n616-1
0.0,0.0,0.0,n617-1
0.0,0.0,0.0,n624-1
0.0,0.0,0.0,n625-1
0.0,0.0,0.0,n626-1
0.0,0.0,0.0,n618-1
0.0,0.0,0.0,n619-1
0.0,0.0,0.0,n627-1
0.0,0.0,0.0,n634-1
0.0,0.0,0.0,n628-1
0.0,0.0,0.0,n629-1
0.0,0.0,0.0,n635-1
0.0,0.0,0.0,n636-1
0.0,0.0,0.0,n630-1
0.0,0.0,0.0,n631-1
0.0,0.0,0.0,n637-1
0.0,0.0,0.0,n638-1
0.0,0.0,0.0,n632-1
0.0,0.0,0.0,n633-1
0.0,0.0,0.0,n639-1
0.0,0.0,0.0,n646-1
0.0,0.0,0.0,n640-1
0.0,0.0,0.0,n641-1
0.0,0.0,0.0,n647-1
0.0,0.0,0.0,n648-1
0.0,0.0,0.0,n642-1
0.0,0.0,0.0,n643-1
0.0,0.0,0.0,n649-1
0.0,0.0,0.0,n650-1
0.0,0.0,0.0,n644-1
0.0,0.0,0.0,n645-1
0.0,0.0,0.0,n651-1
0.0,0.0,0.0,n658-1
0.0,0.0,0.0,n652-1
0.0,0.0,0.0,n653-1
0.0,0.0,0.0,n659-1
0.0,0.0,0.0,n660-1
0.0,0.0,0.0,n654-1
0.0,0.0,0.0,n655-1
0.0,0.0,0.0,n661-1
0.0,0.0,0.0,n662-1
0.0,0.0,0.0,n656-1
0.0,0.0,0.0,n657-1
0.0,0.0,0.0,n663-1
0.0,0.0,0.0,n670-1
0.0,0.0,0.0,n664-1
0.0,0.0,0.0,n665-1
0.0,0.0,0.0,n671-1
0.0,0.0,0.0,n672-1
0.0,0.0,0.0,n666-1
0.0,0.0,0.0,n667-1
0.0,0.0,0.0,n673-1
0.0,0.0,0.0,n674-1
0.0,0.0,0.0,n668-1
0.0,0.0,0.0,n669-1
0.0,0.0,0.0,n675-1
0.0,0.0,0.0,n682-1
0.0,0.0,0.0,n676-1
0.0,0.0,0.0,n677-1
0.0,0.0,0.0,n683-1
0.0,0.0,0.0,n684-1
0.0,0.0,0.0,n678-1
0.0,0.0,0.0,n679-1
0.0,0.0,0.0,n685-1
0.0,0.0,0.0,n686-1
0.0,0.0,0.0,n680-1
0.0,0.0,0.0,n681-1
0.0,0.0,0.0,n687-1
0.0,0.0,0.0,n694-1
0.0,0.0,0.0,n688-1
0.0,0.0,0.0,n689-1
0.0,0.0,0.0,n695-1
0.0,0.0,0.0,n696-1
0.0,0.0,0.0,n690-1
0.0,0.0,0.0,n691-1
0.0,0.0,0.0,n697-1
0.0,0.0,0.0,n698-1
0.0,0.0,0.0,n692-1
0.0,0.0,0.0,n693-1
0.0,0.0,0.0,n699-1
0.0,0.0,0.0,n706-1
0.0,0.0,0.0,n700-1
0.0,0.0,0.0,n701-1
0.0,0.0,0.0,n707-1
0.0,0.0,0.0,n708-1
0.0,0.0,0.0,n702-1
0.0,0.0,0.0,n703-1
0.0,0.0,0.0,n709-1
0.0,0.0,0.0,n710-1
0.0,0.0,0.0,n704-1
0.0,0.0,0.0,n705-1
0.0,0.0,0.0,n711-1
0.0,0.0,0.0,n718-1
0.0,0.0,0.0,n712-1
0.0,0.0,0.0,n713-1
0.0,0.0,0.0,n719-1
0.0,0.0,0.0,n720-1
0.0,0.0,0.0,n721-1
0.0,0.0,0.0,n714-1
0.0,0.0,0.0,n715-1
0.0,0.0,0.0,n722-1
0.0,0.0,0.0,n723-1
0.0,0.0,0.0,n724-1
0.0,0.0,0.0,n716-1
0.0,0.0,0.0,n717-1
0.0,0.0,0.0,n725-1
0.0,0.0,0.0,n726-1
0.0,0.0,0.0,n733-1
0.0,0.0,0.0,n727-1
0.0,0.0,0.0,n728-1
0.0,0.0,0.0,n734-1
0.0,0.0,0.0,n735-1
0.0,0.0,0.0,n736-1
0.0,0.0,0.0,n729-1
0.0,0.0,0.0,n730-1
0.0,0.0,0.0,n737-1
0.0,0.0,0.0,n738-1
0.0,0.0,0.0,n739-1
0.0,0.0,0.0,n731-1
0.0,0.0,0.0,n732-1
0.0,0.0,0.0,n740-1
0.0,0.0,0.0,n741-1
0.0,0.0,0.0,n748-1
0.0,0.0,0.0,n742-1
0.0,0.0,0.0,n743-1
0.0,0.0,0.0,n749-1
0.0,0.0,0.0,n750-1
0.0,0.0,0.0,n751-1
0.0,0.0,0.0,n744-1
0.0,0.0,0.0,n745-1
0.0,0.0,0.0,n752-1
0.0,0.0,0.0,n753-1
0.0,0.0,0.0,n754-1
0.0,0.0,0.0,n746-1
0.0,0.0,0.0,n747-1
0.0,0.0,0.0,n755-1
0.0,0.0,0.0,n756-1
0.0,0.0,0.0,n762-1
0.0,0.0,0.0,n757-1
0.0,0.0,0.0,n758-1
0.0,0.0,0.0,n763-1
0.0,0.0,0.0,n764-1
0.0,0.0,0.0,n765-1
0.0,0.0,0.0,n766-1
0.0,0.0,0.0,n760-1
0.0,0.0,0.0,n767-1
0.0,0.0,0.0,n761-1
0.0,0.0,0.0,n772-1
0.0,0.0,0.0,n768-1
0.0,0.0,0.0,n773-1
0.0,0.0,0.0,n774-1
0.0,0.0,0.0,n775-1
0.0,0.0,0.0,n776-1
0.0,0.0,0.0,n770-1
0.0,0.0,0.0,n777-1
0.0,0.0,0.0,n771-1
0.0,0.0,0.0,n782-1
0.0,0.0,0.0,n778-1
0.0,0.0,0.0,n783-1
0.0,0.0,0.0,n784-1
0.0,0.0,0.0,n785-1
0.0,0.0,0.0,n786-1
0.0,0.0,0.0,n780-1
0.0,0.0,0.0,n787-1
0.0,0.0,0.0,n781-1
0.0,0.0,0.0,n792-1
0.0,0.0,0.0,n788-1
0.0,0.0,0.0,n793-1
0.0,0.0,0.0,n794-1
0.0,0.0,0.0,n795-1
0.0,0.0,0.0,n796-1
0.0,0.0,0.0,n790-1
0.0,0.0,0.0,n797-1
0.0,0.0,0.0,n791-1
0.0,0.0,0.0,n800-1
0.0,0.0,0.0,n799-1
0.0,0.0,0.0,n801-1
0.0,0.0,0.0,n802-1
0.0,0.0,0.0,n798-1
0.0,0.0,0.0,n803-1
0.0,0.0,0.0,n804-1
0.0,0.0,0.0,n805-1
0.0,0.0,0.0,n812-1
0.0,0.0,0.0,n813-1
0.0,0.0,0.0,n814-1
0.0,0.0,0.0,n810-1
0.0,0.0,0.0,n807-1
0.0,0.0,0.0,n815-1
0.0,0.0,0.0,n816-1
0.0,0.0,0.0,n811-1
0.0,0.0,0.0,n808-1
0.0,0.0,0.0,n817-1
0.0,0.0,0.0,n824-1
0.0,0.0,0.0,n818-1
0.0,0.0,0.0,n819-1
0.0,0.0,0.0,n825-1
0.0,0.0,0.0,n826-1
0.0,0.0,0.0,n827-1
0.0,0.0,0.0,n821-1
0.0,0.0,0.0,n828-1
0.0,0.0,0.0,n822-1
0.0,0.0,0.0,n829-1
0.0,0.0,0.0,n823-1
0.0,0.0,0.0,n835-1
0.0,0.0,0.0,n830-1
0.0,0.0,0.0,n836-1
0.0,0.0,0.0,n837-1
0.0,0.0,0.0,n838-1
0.0,0.0,0.0,n832-1
0.0,0.0,0.0,n839-1
0.0,0.0,0.0,n833-1
0.0,0.0,0.0,n840-1
0.0,0.0,0.0,n834-1
0.0,0.0,0.0,n846-1
0.0,0.0,0.0,n841-1
0.0,0.0,0.0,n847-1
0.0,0.0,0.0,n848-1
0.0,0.0,0.0,n849-1
0.0,0.0,0.0,n843-1
0.0,0.0,0.0,n850-1
0.0,0.0,0.0,n844-1
0.0,0.0,0.0,n851-1
0.0,0.0,0.0,n845-1
0.0,0.0,0.0,n857-1
0.0,0.0,0.0,n852-1
0.0,0.0,0.0,n858-1
0.0,0.0,0.0,n859-1
0.0,0.0,0.0,n860-1
0.0,0.0,0.0,n854-1
0.0,0.0,0.0,n861-1
0.0,0.0,0.0,n855-1
0.0,0.0,0.0,n862-1
0.0,0.0,0.0,n856-1
0.0,0.0,0.0,n865-1
0.0,0.0,0.0,n864-1
0.0,0.0,0.0,n866-1
0.0,0.0,0.0,n867-1
0.0,0.0,0.0,n863-1
0.0,0.0,0.0,n868-1
0.0,0.0,0.0,n869-1
0.0,0.0,0.0,n870-1
0.0,0.0,0.0,n877-1
0.0,0.0,0.0,n878-1
0.0,0.0,0.0,n879-1
0.0,0.0,0.0,n875-1
0.0,0.0,0.0,n872-1
0.0,0.0,0.0,n880-1
0.0,0.0,0.0,n881-1
0.0,0.0,0.0,n876-1
0.0,0.0,0.0,n873-1
0.0,0.0,0.0,n882-1
0.0,0.0,0.0,n889-1
0.0,0.0,0.0,n883-1
0.0,0.0,0.0,n884-1
0.0,0.0,0.0,n890-1
0.0,0.0,0.0,n891-1
0.0,0.0,0.0,n885-1
0.0,0.0,0.0,n886-1
0.0,0.0,0.0,n892-1
0.0,0.0,0.0,n893-1
0.0,0.0,0.0,n887-1
0.0,0.0,0.0,n888-1
0.0,0.0,0.0,n894-1
0.0,0.0,0.0,n901-1
0.0,0.0,0.0,n895-1
0.0,0.0,0.0,n896-1
0.0,0.0,0.0,n902-1
0.0,0.0,0.0,n903-1
0.0,0.0,0.0,n897-1
0.0,0.0,0.0,n898-1
0.0,0.0,0.0,n904-1
0.0,0.0,0.0,n905-1
0.0,0.0,0.0,n899-1
0.0,0.0,0.0,n900-1
0.0,0.0,0.0,n906-1
0.0,0.0,0.0,n913-1
0.0,0.0,0.0,n907-1
0.0,0.0,0.0,n908-1
0.0,0.0,0.0,n914-1
0.0,0.0,0.0,n915-1
0.0,0.0,0.0,n909-1
0.0,0.0,0.0,n910-1
0.0,0.0,0.0,n916-1
0.0,0.0,0.0,n917-1
0.0,0.0,0.0,n911-1
0.0,0.0,0.0,n912-1
0.0,0.0,0.0,n918-1
0.0,0.0,0.0,n925-1
0.0,0.0,0.0,n919-1
0.0,0.0,0.0,n920-1
0.0,0.0,0.0,n926-1
0.0,0.0,0.0,n927-1
0.0,0.0,0.0,n921-1
0.0,0.0,0.0,n922-1
0.0,0.0,0.0,n928-1
0.0,0.0,0.0,n929-1
0.0,0.0,0.0,n923-1
0.0,0.0,0.0,n924-1
0.0,0.0,0.0,n930-1
0.0,0.0,0.0,n937-1
0.0,0.0,0.0,n931-1
0.0,0.0,0.0,n938-1
0.0,0.0,0.0,n932-1
0.0,0.0,0.0,n939-1
0.0,0.0,0.0,n933-1
0.0,0.0,0.0,n940-1
0.0,0.0,0.0,n934-1
0.0,0.0,0.0,n941-1
0.0,0.0,0.0,n935-1
0.0,0.0,0.0,n942-1
0.0,0.0,0.0,n936-1
0.0,0.0,0.0,n949-1
0.0,0.0,0.0,n943-1
0.0,0.0,0.0,n950-1
0.0,0.0,0.0,n944-1
0.0,0.0,0.0,n951-1
0.0,0.0,0.0,n945-1
0.0,0.0,0.0,n952-1
0.0,0.0,0.0,n946-1
0.0,0.0,0.0,n953-1
0.0,0.0,0.0,n947-1
0.0,0.0,0.0,n954-1
0.0,0.0,0.0,n948-1
0.0,0.0,0.0,n961-1
0.0,0.0,0.0,n955-1
0.0,0.0,0.0,n962-1
0.0,0.0,0.0,n956-1
0.0,0.0,0.0,n963-1
0.0,0.0,0.0,n957-1
0.0,0.0,0.0,n964-1
0.0,0.0,0.0,n958-1
0.0,0.0,0.0,n965-1
0.0,0.0,0.0,n959-1
0.0,0.0,0.0,n966-1
0.0,0.0,0.0,n960-1
0.0,0.0,0.0,n973-1
0.0,0.0,0.0,n967-1
0.0,0.0,0.0,n974-1
0.0,0.0,0.0,n968-1
0.0,0.0,0.0,n975-1
0.0,0.0,0.0,n969-1
0.0,0.0,0.0,n976-1
0.0,0.0,0.0,n970-1
0.0,0.0,0.0,n977-1
0.0,0.0,0.0,n971-1
0.0,0.0,0.0,n978-1
0.0,0.0,0.0,n972-1
0.0,0.0,0.0,n985-1
0.0,0.0,0.0,n979-1
0.0,0.0,0.0,n986-1
0.0,0.0,0.0,n980-1
0.0,0.0,0.0,n987-1
0.0,0.0,0.0,n981-1
0.0,0.0,0.0,n988-1
0.0,0.0,0.0,n982-1
0.0,0.0,0.0,n989-1
0.0,0.0,0.0,n983-1
0.0,0.0,0.0,n990-1
0.0,0.0,0.0,n984-1
0.0,0.0,0.0,n997-1
0.0,0.0,0.0,n991-1
0.0,0.0,0.0,n998-1
0.0,0.0,0.0,n992-1
0.0,0.0,0.0,n999-1
0.0,0.0,0.0,n993-1
0.0,0.0,0.0,n1000-1
0.0,0.0,0.0,n994-1
0.0,0.0,0.0,n1001-1
0.0,0.0,0.0,n995-1
0.0,0.0,0.0,n1002-1
0.0,0.0,0.0,n996-1
0.0,0.0,0.0,n1009-1
0.0,0.0,0.0,n1003-1
0.0,0.0,0.0,n1010-1
0.0,0.0,0.0,n1004-1
0.0,0.0,0.0,n1011-1
0.0,0.0,0.0,n1005-1
0.0,0.0,0.0,n1012-1
0.0,0.0,0.0,n1006-1
0.0,0.0,0.0,n1013-1
0.0,0.0,0.0,n1007-1
0.0,0.0,0.0,n1014-1
0.0,0.0,0.0,n1008-1
0.0,0.0,0.0,n1021-1
0.0,0.0,0.0,n1015-1
0.0,0.0,0.0,n1022-1
0.0,0.0,0.0,n1016-1
0.0,0.0,0.0,n1023-1
0.0,0.0,0.0,n1017-1
0.0,0.0,0.0,n1024-1
0.0,0.0,0.0,n1018-1
0.0,0.0,0.0,n1025-1
0.0,0.0,0.0,n1019-1
0.0,0.0,0.0,n1026-1
0.0,0.0,0.0,n1020-1
0.0,0.0,0.0,n1033-1
0.0,0.0,0.0,n1034-1
0.0,0.0,0.0,n1035-1
0.0,0.0,0.0,n1027-1
0.0,0.0,0.0,n1028-1
0.0,0.0,0.0,n1029-1
0.0,0.0,0.0,n1030-1
0.0,0.0,0.0,n1031-1
0.0,0.0,0.0,n1032-1
0.0,0.0,0.0,n1038-1
0.0,0.0,0.0,n1039-1
0.0,0.0,0.0,n1040-1
0.0,0.0,0.0,n1041-1
0.0,0.0,0.0,n1042-1
0.0,0.0,0.0,n1043-1
0.0,0.0,0.0,n1045-1
0.0,0.0,0.0,n1046-1
0.0,0.0,0.0,n1047-1
0.0,0.0,0.0,n1048-1
0.0,0.0,0.0,n1049-1
0.0,0.0,0.0,n1050-1
0.0,0.0,0.0,n1052-1
0.0,0.0,0.0,n1053-1
0.0,0.0,0.0,n1054-1
0.0,0.0,0.0,n1055-1
0.0,0.0,0.0,n1056-1
0.0,0.0,0.0,n1057-1
0.0,0.0,0.0,n11-2
0.0,0.0,0.0,n16-2
0.0,0.0,0.0,n6-2
0.0,0.0,0.0,n12-2
0.0,0.0,0.0,n17-2
0.0,0.0,0.0,n13-2
0.0,0.0,0.0,n14-2
0.0,0.0,0.0,n8-2
0.0,0.0,0.0,n9-2
0.0,0.0,0.0,n10-2
0.0,0.0,0.0,n24-2
0.0,0.0,0.0,n29-2
0.0,0.0,0.0,n19-2
0.0,0.0,0.0,n30-2
0.0,0.0,0.0,n25-2
0.0,0.0,0.0,n26-2
0.0,0.0,0.0,n27-2
0.0,0.0,0.0,n21-2
0.0,0.0,0.0,n22-2
0.0,0.0,0.0,n23-2
0.0,0.0,0.0,n37-2
0.0,0.0,0.0,n42-2
0.0,0.0,0.0,n32-2
0.0,0.0,0.0,n43-2
0.0,0.0,0.0,n38-2
0.0,0.0,0.0,n39-2
0.0,0.0,0.0,n40-2
0.0,0.0,0.0,n34-2
0.0,0.0,0.0,n35-2
0.0,0.0,0.0,n36-2
0.0,0.0,0.0,n50-2
0.0,0.0,0.0,n55-2
0.0,0.0,0.0,n45-2
0.0,0.0,0.0,n56-2
0.0,0.0,0.0,n51-2
0.0,0.0,0.0,n52-2
0.0,0.0,0.0,n53-2
0.0,0.0,0.0,n47-2
0.0,0.0,0.0,n48-2
0.0,0.0,0.0,n49-2
0.0,0.0,0.0,n63-2
0.0,0.0,0.0,n68-2
0.0,0.0,0.0,n58-2
0.0,0.0,0.0,n64-2
0.0,0.0,0.0,n69-2
0.0,0.0,0.0,n65-2
0.0,0.0,0.0,n66-2
0.0,0.0,0.0,n60-2
0.0,0.0,0.0,n61-2
0.0,0.0,0.0,n62-2
0.0,0.0,0.0,n76-2
0.0,0.0,0.0,n81-2
0.0,0.0,0.0,n71-2
0.0,0.0,0.0,n77-2
0.0,0.0,0.0,n82-2
0.0,0.0,0.0,n78-2
0.0,0.0,0.0,n79-2
0.0,0.0,0.0,n73-2
0.0,0.0,0.0,n74-2
0.0,0.0,0.0,n75-2
0.0,0.0,0.0,n89-2
0.0,0.0,0.0,n94-2
0.0,0.0,0.0,n84-2
0.0,0.0,0.0,n95-2
0.0,0.0,0.0,n90-2
0.0,0.0,0.0,n91-2
0.0,0.0,0.0,n92-2
0.0,0.0,0.0,n86-2
0.0,0.0,0.0,n87-2
0.0,0.0,0.0,n88-2
0.0,0.0,0.0,n107-2
0.0,0.0,0.0,n102-2
0.0,0.0,0.0,n97-2
0.0,0.0,0.0,n103-2
0.0,0.0,0.0,n108-2
0.0,0.0,0.0,n104-2
0.0,0.0,0.0,n105-2
0.0,0.0,0.0,n99-2
0.0,0.0,0.0,n100-2
0.0,0.0,0.0,n101-2
0.0,0.0,0.0,n119-2
0.0,0.0,0.0,n115-2
0.0,0.0,0.0,n110-2
0.0,0.0,0.0,n116-2
0.0,0.0,0.0,n118-2
0.0,0.0,0.0,n112-2
0.0,0.0,0.0,n113-2
0.0,0.0,0.0,n114-2
0.0,0.0,0.0,n129-2
0.0,0.0,0.0,n125-2
0.0,0.0,0.0,n120-2
0.0,0.0,0.0,n126-2
0.0,0.0,0.0,n128-2
0.0,0.0,0.0,n122-2
0.0,0.0,0.0,n123-2
0.0,0.0,0.0,n124-2
0.0,0.0,0.0,n139-2
0.0,0.0,0.0,n135-2
0.0,0.0,0.0,n130-2
0.0,0.0,0.0,n136-2
0.0,0.0,0.0,n138-2
0.0,0.0,0.0,n132-2
0.0,0.0,0.0,n133-2
0.0,0.0,0.0,n134-2
0.0,0.0,0.0,n145-2
0.0,0.0,0.0,n149-2
0.0,0.0,0.0,n140-2
0.0,0.0,0.0,n146-2
0.0,0.0,0.0,n148-2
0.0,0.0,0.0,n142-2
0.0,0.0,0.0,n143-2
0.0,0.0,0.0,n144-2
0.0,0.0,0.0,n155-2
0.0,0.0,0.0,n159-2
0.0,0.0,0.0,n150-2
0.0,0.0,0.0,n156-2
0.0,0.0,0.0,n158-2
0.0,0.0,0.0,n152-2
0.0,0.0,0.0,n153-2
0.0,0.0,0.0,n154-2
0.0,0.0,0.0,n165-2
0.0,0.0,0.0,n170-2
0.0,0.0,0.0,n160-2
0.0,0.0,0.0,n166-2
0.0,0.0,0.0,n172-2
0.0,0.0,0.0,n167-2
0.0,0.0,0.0,n175-2
0.0,0.0,0.0,n168-2
0.0,0.0,0.0,n162-2
0.0,0.0,0.0,n163-2
0.0,0.0,0.0,n164-2
0.0,0.0,0.0,n181-2
0.0,0.0,0.0,n177-2
0.0,0.0,0.0,n182-2
0.0,0.0,0.0,n183-2
0.0,0.0,0.0,n184-2
0.0,0.0,0.0,n185-2
0.0,0.0,0.0,n179-2
0.0,0.0,0.0,n180-2
0.0,0.0,0.0,n186-2
0.0,0.0,0.0,n187-2
0.0,0.0,0.0,n188-2
0.0,0.0,0.0,n189-2
0.0,0.0,0.0,n190-2
0.0,0.0,0.0,n191-2
0.0,0.0,0.0,n198-2
0.0,0.0,0.0,n202-2
0.0,0.0,0.0,n193-2
0.0,0.0,0.0,n199-2
0.0,0.0,0.0,n201-2
0.0,0.0,0.0,n195-2
0.0,0.0,0.0,n196-2
0.0,0.0,0.0,n197-2
0.0,0.0,0.0,n212-2
0.0,0.0,0.0,n208-2
0.0,0.0,0.0,n203-2
0.0,0.0,0.0,n209-2
0.0,0.0,0.0,n211-2
0.0,0.0,0.0,n205-2
0.0,0.0,0.0,n206-2
0.0,0.0,0.0,n207-2
0.0,0.0,0.0,n218-2
0.0,0.0,0.0,n222-2
0.0,0.0,0.0,n213-2
0.0,0.0,0.0,n219-2
0.0,0.0,0.0,n221-2
0.0,0.0,0.0,n215-2
0.0,0.0,0.0,n216-2
0.0,0.0,0.0,n217-2
0.0,0.0,0.0,n232-2
0.0,0.0,0.0,n228-2
0.0,0.0,0.0,n223-2
0.0,0.0,0.0,n229-2
0.0,0.0,0.0,n231-2
0.0,0.0,0.0,n225-2
0.0,0.0,0.0,n226-2
0.0,0.0,0.0,n227-2
0.0,0.0,0.0,n238-2
0.0,0.0,0.0,n242-2
0.0,0.0,0.0,n233-2
0.0,0.0,0.0,n239-2
0.0,0.0,0.0,n241-2
0.0,0.0,0.0,n235-2
0.0,0.0,0.0,n236-2
0.0,0.0,0.0,n237-2
0.0,0.0,0.0,n248-2
0.0,0.0,0.0,n253-2
0.0,0.0,0.0,n243-2
0.0,0.0,0.0,n255-2
0.0,0.0,0.0,n249-2
0.0,0.0,0.0,n250-2
0.0,0.0,0.0,n258-2
0.0,0.0,0.0,n251-2
0.0,0.0,0.0,n245-2
0.0,0.0,0.0,n246-2
0.0,0.0,0.0,n247-2
0.0,0.0,0.0,n264-2
0.0,0.0,0.0,n260-2
0.0,0.0,0.0,n265-2
0.0,0.0,0.0,n262-2
0.0,0.0,0.0,n266-2
0.0,0.0,0.0,n263-2
0.0,0.0,0.0,n267-2
0.0,0.0,0.0,n269-2
0.0,0.0,0.0,n270-2
0.0,0.0,0.0,n271-2
0.0,0.0,0.0,n272-2
0.0,0.0,0.0,n273-2
0.0,0.0,0.0,n274-2
0.0,0.0,0.0,n285-2
0.0,0.0,0.0,n281-2
0.0,0.0,0.0,n276-2
0.0,0.0,0.0,n282-2
0.0,0.0,0.0,n284-2
0.0,0.0,0.0,n278-2
0.0,0.0,0.0,n279-2
0.0,0.0,0.0,n280-2
0.0,0.0,0.0,n296-2
0.0,0.0,0.0,n291-2
0.0,0.0,0.0,n286-2
0.0,0.0,0.0,n292-2
0.0,0.0,0.0,n298-2
0.0,0.0,0.0,n293-2
0.0,0.0,0.0,n301-2
0.0,0.0,0.0,n294-2
0.0,0.0,0.0,n288-2
0.0,0.0,0.0,n289-2
0.0,0.0,0.0,n290-2
0.0,0.0,0.0,n307-2
0.0,0.0,0.0,n303-2
0.0,0.0,0.0,n308-2
0.0,0.0,0.0,n305-2
0.0,0.0,0.0,n309-2
0.0,0.0,0.0,n306-2
0.0,0.0,0.0,n310-2
0.0,0.0,0.0,n312-2
0.0,0.0,0.0,n313-2
0.0,0.0,0.0,n314-2
0.0,0.0,0.0,n315-2
0.0,0.0,0.0,n316-2
0.0,0.0,0.0,n317-2
0.0,0.0,0.0,n324-2
0.0,0.0,0.0,n328-2
0.0,0.0,0.0,n319-2
0.0,0.0,0.0,n325-2
0.0,0.0,0.0,n327-2
0.0,0.0,0.0,n321-2
0.0,0.0,0.0,n322-2
0.0,0.0,0.0,n323-2
0.0,0.0,0.0,n334-2
0.0,0.0,0.0,n329-2
0.0,0.0,0.0,n335-2
0.0,0.0,0.0,n336-2
0.0,0.0,0.0,n337-2
0.0,0.0,0.0,n331-2
0.0,0.0,0.0,n338-2
0.0,0.0,0.0,n332-2
0.0,0.0,0.0,n339-2
0.0,0.0,0.0,n333-2
0.0,0.0,0.0,n345-2
0.0,0.0,0.0,n340-2
0.0,0.0,0.0,n341-2
0.0,0.0,0.0,n342-2
0.0,0.0,0.0,n346-2
0.0,0.0,0.0,n343-2
0.0,0.0,0.0,n347-2
0.0,0.0,0.0,n344-2
0.0,0.0,0.0,n348-2
0.0,0.0,0.0,n350-2
0.0,0.0,0.0,n354-2
0.0,0.0,0.0,n355-2
0.0,0.0,0.0,n351-2
0.0,0.0,0.0,n356-2
0.0,0.0,0.0,n352-2
0.0,0.0,0.0,n357-2
0.0,0.0,0.0,n353-2
0.0,0.0,0.0,n359-2
0.0,0.0,0.0,n363-2
0.0,0.0,0.0,n364-2
0.0,0.0,0.0,n360-2
0.0,0.0,0.0,n365-2
0.0,0.0,0.0,n361-2
0.0,0.0,0.0,n366-2
0.0,0.0,0.0,n362-2
0.0,0.0,0.0,n373-2
0.0,0.0,0.0,n374-2
0.0,0.0,0.0,n367-2
0.0,0.0,0.0,n368-2
0.0,0.0,0.0,n369-2
0.0,0.0,0.0,n370-2
0.0,0.0,0.0,n371-2
0.0,0.0,0.0,n372-2
0.0,0.0,0.0,n381-2
0.0,0.0,0.0,n382-2
0.0,0.0,0.0,n375-2
0.0,0.0,0.0,n376-2
0.0,0.0,0.0,n383-2
0.0,0.0,0.0,n377-2
0.0,0.0,0.0,n378-2
0.0,0.0,0.0,n384-2
0.0,0.0,0.0,n379-2
0.0,0.0,0.0,n380-2
0.0,0.0,0.0,n391-2
0.0,0.0,0.0,n385-2
0.0,0.0,0.0,n386-2
0.0,0.0,0.0,n392-2
0.0,0.0,0.0,n387-2
0.0,0.0,0.0,n388-2
0.0,0.0,0.0,n393-2
0.0,0.0,0.0,n389-2
0.0,0.0,0.0,n390-2
0.0,0.0,0.0,n400-2
0.0,0.0,0.0,n394-2
0.0,0.0,0.0,n395-2
0.0,0.0,0.0,n401-2
0.0,0.0,0.0,n396-2
0.0,0.0,0.0,n397-2
0.0,0.0,0.0,n402-2
0.0,0.0,0.0,n398-2
0.0,0.0,0.0,n399-2
0.0,0.0,0.0,n408-2
0.0,0.0,0.0,n403-2
0.0,0.0,0.0,n404-2
0.0,0.0,0.0,n409-2
0.0,0.0,0.0,n405-2
0.0,0.0,0.0,n410-2
0.0,0.0,0.0,n406-2
0.0,0.0,0.0,n411-2
0.0,0.0,0.0,n412-2
0.0,0.0,0.0,n414-2
0.0,0.0,0.0,n418-2
0.0,0.0,0.0,n419-2
0.0,0.0,0.0,n415-2
0.0,0.0,0.0,n420-2
0.0,0.0,0.0,n416-2
0.0,0.0,0.0,n421-2
0.0,0.0,0.0,n417-2
0.0,0.0,0.0,n423-2
0.0,0.0,0.0,n427-2
0.0,0.0,0.0,n428-2
0.0,0.0,0.0,n424-2
0.0,0.0,0.0,n429-2
0.0,0.0,0.0,n425-2
0.0,0.0,0.0,n430-2
0.0,0.0,0.0,n426-2
0.0,0.0,0.0,n432-2
0.0,0.0,0.0,n436-2
0.0,0.0,0.0,n437-2
0.0,0.0,0.0,n433-2
0.0,0.0,0.0,n438-2
0.0,0.0,0.0,n434-2
0.0,0.0,0.0,n439-2
0.0,0.0,0.0,n435-2
0.0,0.0,0.0,n449-2
0.0,0.0,0.0,n450-2
0.0,0.0,0.0,n440-2
0.0,0.0,0.0,n441-2
0.0,0.0,0.0,n442-2
0.0,0.0,0.0,n443-2
0.0,0.0,0.0,n444-2
0.0,0.0,0.0,n445-2
0.0,0.0,0.0,n446-2
0.0,0.0,0.0,n447-2
0.0,0.0,0.0,n448-2
0.0,0.0,0.0,n459-2
0.0,0.0,0.0,n460-2
0.0,0.0,0.0,n451-2
0.0,0.0,0.0,n452-2
0.0,0.0,0.0,n461-2
0.0,0.0,0.0,n462-2
0.0,0.0,0.0,n453-2
0.0,0.0,0.0,n456-2
0.0,0.0,0.0,n457-2
0.0,0.0,0.0,n458-2
0.0,0.0,0.0,n463-2
0.0,0.0,0.0,n464-2
0.0,0.0,0.0,n454-2
0.0,0.0,0.0,n465-2
0.0,0.0,0.0,n473-2
0.0,0.0,0.0,n474-2
0.0,0.0,0.0,n466-2
0.0,0.0,0.0,n469-2
0.0,0.0,0.0,n470-2
0.0,0.0,0.0,n475-2
0.0,0.0,0.0,n476-2
0.0,0.0,0.0,n467-2
0.0,0.0,0.0,n477-2
0.0,0.0,0.0,n478-2
0.0,0.0,0.0,n479-2
0.0,0.0,0.0,n468-2
0.0,0.0,0.0,n471-2
0.0,0.0,0.0,n472-2
0.0,0.0,0.0,n480-2
0.0,0.0,0.0,n486-2
0.0,0.0,0.0,n481-2
0.0,0.0,0.0,n487-2
0.0,0.0,0.0,n488-2
0.0,0.0,0.0,n489-2
0.0,0.0,0.0,n482-2
0.0,0.0,0.0,n484-2
0.0,0.0,0.0,n485-2
0.0,0.0,0.0,n490-2
0.0,0.0,0.0,n491-2
0.0,0.0,0.0,n483-2
0.0,0.0,0.0,n492-2
0.0,0.0,0.0,n500-2
0.0,0.0,0.0,n501-2
0.0,0.0,0.0,n493-2
0.0,0.0,0.0,n496-2
0.0,0.0,0.0,n497-2
0.0,0.0,0.0,n502-2
0.0,0.0,0.0,n503-2
0.0,0.0,0.0,n494-2
0.0,0.0,0.0,n504-2
0.0,0.0,0.0,n505-2
0.0,0.0,0.0,n506-2
0.0,0.0,0.0,n495-2
0.0,0.0,0.0,n498-2
0.0,0.0,0.0,n499-2
0.0,0.0,0.0,n507-2
0.0,0.0,0.0,n510-2
0.0,0.0,0.0,n508-2
0.0,0.0,0.0,n511-2
0.0,0.0,0.0,n512-2
0.0,0.0,0.0,n513-2
0.0,0.0,0.0,n509-2
0.0,0.0,0.0,n514-2
0.0,0.0,0.0,n515-2
0.0,0.0,0.0,n516-2
0.0,0.0,0.0,n520-2
0.0,0.0,0.0,n521-2
0.0,0.0,0.0,n522-2
0.0,0.0,0.0,n523-2
0.0,0.0,0.0,n518-2
0.0,0.0,0.0,n524-2
0.0,0.0,0.0,n525-2
0.0,0.0,0.0,n526-2
0.0,0.0,0.0,n519-2
0.0,0.0,0.0,n527-2
0.0,0.0,0.0,n534-2
0.0,0.0,0.0,n531-2
0.0,0.0,0.0,n528-2
0.0,0.0,0.0,n532-2
0.0,0.0,0.0,n533-2
0.0,0.0,0.0,n535-2
0.0,0.0,0.0,n536-2
0.0,0.0,0.0,n529-2
0.0,0.0,0.0,n537-2
0.0,0.0,0.0,n538-2
0.0,0.0,0.0,n530-2
0.0,0.0,0.0,n539-2
0.0,0.0,0.0,n543-2
0.0,0.0,0.0,n540-2
0.0,0.0,0.0,n544-2
0.0,0.0,0.0,n545-2
0.0,0.0,0.0,n541-2
0.0,0.0,0.0,n546-2
0.0,0.0,0.0,n547-2
0.0,0.0,0.0,n542-2
0.0,0.0,0.0,n548-2
0.0,0.0,0.0,n554-2
0.0,0.0,0.0,n555-2
0.0,0.0,0.0,n549-2
0.0,0.0,0.0,n556-2
0.0,0.0,0.0,n557-2
0.0,0.0,0.0,n558-2
0.0,0.0,0.0,n550-2
0.0,0.0,0.0,n559-2
0.0,0.0,0.0,n551-2
0.0,0.0,0.0,n560-2
0.0,0.0,0.0,n552-2
0.0,0.0,0.0,n561-2
0.0,0.0,0.0,n553-2
0.0,0.0,0.0,n568-2
0.0,0.0,0.0,n569-2
0.0,0.0,0.0,n562-2
0.0,0.0,0.0,n570-2
0.0,0.0,0.0,n563-2
0.0,0.0,0.0,n571-2
0.0,0.0,0.0,n564-2
0.0,0.0,0.0,n572-2
0.0,0.0,0.0,n565-2
0.0,0.0,0.0,n573-2
0.0,0.0,0.0,n574-2
0.0,0.0,0.0,n566-2
0.0,0.0,0.0,n575-2
0.0,0.0,0.0,n567-2
0.0,0.0,0.0,n582-2
0.0,0.0,0.0,n576-2
0.0,0.0,0.0,n583-2
0.0,0.0,0.0,n577-2
0.0,0.0,0.0,n584-2
0.0,0.0,0.0,n585-2
0.0,0.0,0.0,n578-2
0.0,0.0,0.0,n586-2
0.0,0.0,0.0,n579-2
0.0,0.0,0.0,n587-2
0.0,0.0,0.0,n580-2
0.0,0.0,0.0,n588-2
0.0,0.0,0.0,n581-2
0.0,0.0,0.0,n595-2
0.0,0.0,0.0,n596-2
0.0,0.0,0.0,n589-2
0.0,0.0,0.0,n597-2
0.0,0.0,0.0,n590-2
0.0,0.0,0.0,n598-2
0.0,0.0,0.0,n591-2
0.0,0.0,0.0,n599-2
0.0,0.0,0.0,n592-2
0.0,0.0,0.0,n600-2
0.0,0.0,0.0,n601-2
0.0,0.0,0.0,n593-2
0.0,0.0,0.0,n602-2
0.0,0.0,0.0,n594-2
0.0,0.0,0.0,n607-2
0.0,0.0,0.0,n603-2
0.0,0.0,0.0,n604-2
0.0,0.0,0.0,n608-2
0.0,0.0,0.0,n609-2
0.0,0.0,0.0,n610-2
0.0,0.0,0.0,n605-2
0.0,0.0,0.0,n606-2
0.0,0.0,0.0,n611-2
0.0,0.0,0.0,n612-2
0.0,0.0,0.0,n613-2
0.0,0.0,0.0,n620-2
0.0,0.0,0.0,n621-2
0.0,0.0,0.0,n622-2
0.0,0.0,0.0,n623-2
0.0,0.0,0.0,n616-2
0.0,0.0,0.0,n617-2
0.0,0.0,0.0,n624-2
0.0,0.0,0.0,n625-2
0.0,0.0,0.0,n626-2
0.0,0.0,0.0,n618-2
0.0,0.0,0.0,n619-2
0.0,0.0,0.0,n627-2
0.0,0.0,0.0,n634-2
0.0,0.0,0.0,n628-2
0.0,0.0,0.0,n629-2
0.0,0.0,0.0,n635-2
0.0,0.0,0.0,n636-2
0.0,0.0,0.0,n630-2
0.0,0.0,0.0,n631-2
0.0,0.0,0.0,n637-2
0.0,0.0,0.0,n638-2
0.0,0.0,0.0,n632-2
0.0,0.0,0.0,n633-2
0.0,0.0,0.0,n639-2
0.0,0.0,0.0,n646-2
0.0,0.0,0.0,n640-2
0.0,0.0,0.0,n641-2
0.0,0.0,0.0,n647-2
0.0,0.0,0.0,n648-2
0.0,0.0,0.0,n642-2
0.0,0.0,0.0,n643-2
0.0,0.0,0.0,n649-2
0.0,0.0,0.0,n650-2
0.0,0.0,0.0,n644-2
0.0,0.0,0.0,n645-2
0.0,0.0,0.0,n651-2
0.0,0.0,0.0,n658-2
0.0,0.0,0.0,n652-2
0.0,0.0,0.0,n653-2
0.0,0.0,0.0,n659-2
0.0,0.0,0.0,n660-2
0.0,0.0,0.0,n654-2
0.0,0.0,0.0,n655-2
0.0,0.0,0.0,n661-2
0.0,0.0,0.0,n662-2
0.0,0.0,0.0,n656-2
0.0,0.0,0.0,n657-2
0.0,0.0,0.0,n663-2
0.0,0.0,0.0,n670-2
0.0,0.0,0.0,n664-2
0.0,0.0,0.0,n665-2
0.0,0.0,0.0,n671-2
0.0,0.0,0.0,n672-2
0.0,0.0,0.0,n666-2
0.0,0.0,0.0,n667-2
0.0,0.0,0.0,n673-2
0.0,0.0,0.0,n674-2
0.0,0.0,0.0,n668-2
0.0,0.0,0.0,n669-2
0.0,0.0,0.0,n675-2
0.0,0.0,0.0,n682-2
0.0,0.0,0.0,n676-2
0.0,0.0,0.0,n677-2
0.0,0.0,0.0,n683-2
0.0,0.0,0.0,n684-2
0.0,0.0,0.0,n678-2
0.0,0.0,0.0,n679-2
0.0,0.0,0.0,n685-2
0.0,0.0,0.0,n686-2
0.0,0.0,0.0,n680-2
0.0,0.0,0.0,n681-2
0.0,0.0,0.0,n687-2
0.0,0.0,0.0,n694-2
0.0,0.0,0.0,n688-2
0.0,0.0,0.0,n689-2
0.0,0.0,0.0,n695-2
0.0,0.0,0.0,n696-2
0.0,0.0,0.0,n690-2
0.0,0.0,0.0,n691-2
0.0,0.0,0.0,n697-2
0.0,0.0,0.0,n698-2
0.0,0.0,0.0,n692-2
0.0,0.0,0.0,n693-2
0.0,0.0,0.0,n699-2
0.0,0.0,0.0,n706-2
0.0,0.0,0.0,n700-2
0.0,0.0,0.0,n701-2
0.0,0.0,0.0,n707-2
0.0,0.0,0.0,n708-2
0.0,0.0,0.0,n702-2
0.0,0.0,0.0,n703-2
0.0,0.0,0.0,n709-2
0.0,0.0,0.0,n710-2
0.0,0.0,0.0,n704-2
0.0,0.0,0.0,n705-2
0.0,0.0,0.0,n711-2
0.0,0.0,0.0,n718-2
0.0,0.0,0.0,n712-2
0.0,0.0,0.0,n713-2
0.0,0.0,0.0,n719-2
0.0,0.0,0.0,n720-2
0.0,0.0,0.0,n721-2
0.0,0.0,0.0,n714-2
0.0,0.0,0.0,n715-2
0.0,0.0,0.0,n722-2
0.0,0.0,0.0,n723-2
0.0,0.0,0.0,n724-2
0.0,0.0,0.0,n716-2
0.0,0.0,0.0,n717-2
0.0,0.0,0.0,n725-2
0.0,0.0,0.0,n726-2
0.0,0.0,0.0,n733-2
0.0,0.0,0.0,n727-2
0.0,0.0,0.0,n728-2
0.0,0.0,0.0,n734-2
0.0,0.0,0.0,n735-2
0.0,0.0,0.0,n736-2
0.0,0.0,0.0,n729-2
0.0,0.0,0.0,n730-2
0.0,0.0,0.0,n737-2
0.0,0.0,0.0,n738-2
0.0,0.0,0.0,n739-2
0.0,0.0,0.0,n731-2
0.0,0.0,0.0,n732-2
0.0,0.0,0.0,n740-2
0.0,0.0,0.0,n741-2
0.0,0.0,0.0,n748-2
0.0,0.0,0.0,n742-2
0.0,0.0,0.0,n743-2
0.0,0.0,0.0,n749-2
0.0,0.0,0.0,n750-2
0.0,0.0,0.0,n751-2
0.0,0.0,0.0,n744-2
0.0,0.0,0.0,n745-2
0.0,0.0,0.0,n752-2
0.0,0.0,0.0,n753-2
0.0,0.0,0.0,n754-2
0.0,0.0,0.0,n746-2
0.0,0.0,0.0,n747-2
0.0,0.0,0.0,n755-2
0.0,0.0,0.0,n756-2
0.0,0.0,0.0,n762-2
0.0,0.0,0.0,n757-2
0.0,0.0,0.0,n758-2
0.0,0.0,0.0,n763-2
0.0,0.0,0.0,n764-2
0.0,0.0,0.0,n765-2
0.0,0.0,0.0,n766-2
0.0,0.0,0.0,n760-2
0.0,0.0,0.0,n767-2
0.0,0.0,0.0,n761-2
0.0,0.0,0.0,n772-2
0.0,0.0,0.0,n768-2
0.0,0.0,0.0,n773-2
0.0,0.0,0.0,n774-2
0.0,0.0,0.0,n775-2
0.0,0.0,0.0,n776-2
0.0,0.0,0.0,n770-2
0.0,0.0,0.0,n777-2
0.0,0.0,0.0,n771-2
0.0,0.0,0.0,n782-2
0.0,0.0,0.0,n778-2
0.0,0.0,0.0,n783-2
0.0,0.0,0.0,n784-2
0.0,0.0,0.0,n785-2
0.0,0.0,0.0,n786-2
0.0,0.0,0.0,n780-2
0.0,0.0,0.0,n787-2
0.0,0.0,0.0,n781-2
0.0,0.0,0.0,n792-2
0.0,0.0,0.0,n788-2
0.0,0.0,0.0,n793-2
0.0,0.0,0.0,n794-2
0.0,0.0,0.0,n795-2
0.0,0.0,0.0,n796-2
0.0,0.0,0.0,n790-2
0.0,0.0,0.0,n797-2
0.0,0.0,0.0,n791-2
0.0,0.0,0.0,n800-2
0.0,0.0,0.0,n799-2
0.0,0.0,0.0,n801-2
0.0,0.0,0.0,n802-2
0.0,0.0,0.0,n798-2
0.0,0.0,0.0,n803-2
0.0,0.0,0.0,n804-2
0.0,0.0,0.0,n805-2
0.0,0.0,0.0,n812-2
0.0,0.0,0.0,n813-2
0.0,0.0,0.0,n814-2
0.0,0.0,0.0,n810-2
0.0,0.0,0.0,n807-2
0.0,0.0,0.0,n815-2
0.0,0.0,0.0,n816-2
0.0,0.0,0.0,n811-2
0.0,0.0,0.0,n808-2
0.0,0.0,0.0,n817-2
0.0,0.0,0.0,n824-2
0.0,0.0,0.0,n818-2
0.0,0.0,0.0,n819-2
0.0,0.0,0.0,n825-2
0.0,0.0,0.0,n826-2
0.0,0.0,0.0,n827-2
0.0,0.0,0.0,n821-2
0.0,0.0,0.0,n828-2
0.0,0.0,0.0,n822-2
0.0,0.0,0.0,n829-2
0.0,0.0,0.0,n823-2
0.0,0.0,0.0,n835-2
0.0,0.0,0.0,n830-2
0.0,0.0,0.0,n836-2
0.0,0.0,0.0,n837-2
0.0,0.0,0.0,n838-2
0.0,0.0,0.0,n832-2
0.0,0.0,0.0,n839-2
0.0,0.0,0.0,n833-2
0.0,0.0,0.0,n840-2
0.0,0.0,0.0,n834-2
0.0,0.0,0.0,n846-2
0.0,0.0,0.0,n841-2
0.0,0.0,0.0,n847-2
0.0,0.0,0.0,n848-2
0.0,0.0,0.0,n849-2
0.0,0.0,0.0,n843-2
0.0,0.0,0.0,n850-2
0.0,0.0,0.0,n844-2
0.0,0.0,0.0,n851-2
0.0,0.0,0.0,n845-2
0.0,0.0,0.0,n857-2
0.0,0.0,0.0,n852-2
0.0,0.0,0.0,n858-2
0.0,0.0,0.0,n859-2
0.0,0.0,0.0,n860-2
0.0,0.0,0.0,n854-2
0.0,0.0,0.0,n861-2
0.0,0.0,0.0,n855-2
0.0,0.0,0.0,n862-2
0.0,0.0,0.0,n856-2
0.0,0.0,0.0,n865-2
0.0,0.0,0.0,n864-2
0.0,0.0,0.0,n866-2
0.0,0.0,0.0,n867-2
0.0,0.0,0.0,n863-2
0.0,0.0,0.0,n868-2
0.0,0.0,0.0,n869-2
0.0,0.0,0.0,n870-2
0.0,0.0,0.0,n877-2
0.0,0.0,0.0,n878-2
0.0,0.0,0.0,n879-2
0.0,0.0,0.0,n875-2
0.0,0.0,0.0,n872-2
0.0,0.0,0.0,n880-2
0.0,0.0,0.0,n881-2
0.0,0.0,0.0,n876-2
0.0,0.0,0.0,n873-2
0.0,0.0,0.0,n882-2
0.0,0.0,0.0,n889-2
0.0,0.0,0.0,n883-2
0.0,0.0,0.0,n884-2
0.0,0.0,0.0,n890-2
0.0,0.0,0.0,n891-2
0.0,0.0,0.0,n885-2
0.0,0.0,0.0,n886-2
0.0,0.0,0.0,n892-2
0.0,0.0,0.0,n893-2
0.0,0.0,0.0,n887-2
0.0,0.0,0.0,n888-2
0.0,0.0,0.0,n894-2
0.0,0.0,0.0,n901-2
0.0,0.0,0.0,n895-2
0.0,0.0,0.0,n896-2
0.0,0.0,0.0,n902-2
0.0,0.0,0.0,n903-2
0.0,0.0,0.0,n897-2
0.0,0.0,0.0,n898-2
0.0,0.0,0.0,n904-2
0.0,0.0,0.0,n905-2
0.0,0.0,0.0,n899-2
0.0,0.0,0.0,n900-2
0.0,0.0,0.0,n906-2
0.0,0.0,0.0,n913-2
0.0,0.0,0.0,n907-2
0.0,0.0,0.0,n908-2
0.0,0.0,0.0,n914-2
0.0,0.0,0.0,n915-2
0.0,0.0,0.0,n909-2
0.0,0.0,0.0,n910-2
0.0,0.0,0.0,n916-2
0.0,0.0,0.0,n917-2
0.0,0.0,0.0,n911-2
0.0,0.0,0.0,n912-2
0.0,0.0,0.0,n918-2
0.0,0.0,0.0,n925-2
0.0,0.0,0.0,n919-2
0.0,0.0,0.0,n920-2
0.0,0.0,0.0,n926-2
0.0,0.0,0.0,n927-2
0.0,0.0,0.0,n921-2
0.0,0.0,0.0,n922-2
0.0,0.0,0.0,n928-2
0.0,0.0,0.0,n929-2
0.0,0.0,0.0,n923-2
0.0,0.0,0.0,n924-2
0.0,0.0,0.0,n930-2
0.0,0.0,0.0,n937-2
0.0,0.0,0.0,n931-2
0.0,0.0,0.0,n938-2
0.0,0.0,0.0,n932-2
0.0,0.0,0.0,n939-2
0.0,0.0,0.0,n933-2
0.0,0.0,0.0,n940-2
0.0,0.0,0.0,n934-2
0.0,0.0,0.0,n941-2
0.0,0.0,0.0,n935-2
0.0,0.0,0.0,n942-2
0.0,0.0,0.0,n936-2
0.0,0.0,0.0,n949-2
0.0,0.0,0.0,n943-2
0.0,0.0,0.0,n950-2
0.0,0.0,0.0,n944-2
0.0,0.0,0.0,n951-2
0.0,0.0,0.0,n945-2
0.0,0.0,0.0,n952-2
0.0,0.0,0.0,n946-2
0.0,0.0,0.0,n953-2
0.0,0.0,0.0,n947-2
0.0,0.0,0.0,n954-2
0.0,0.0,0.0,n948-2
0.0,0.0,0.0,n961-2
0.0,0.0,0.0,n955-2
0.0,0.0,0.0,n962-2
0.0,0.0,0.0,n956-2
0.0,0.0,0.0,n963-2
0.0,0.0,0.0,n957-2
0.0,0.0,0.0,n964-2
0.0,0.0,0.0,n958-2
0.0,0.0,0.0,n965-2
0.0,0.0,0.0,n959-2
0.0,0.0,0.0,n966-2
0.0,0.0,0.0,n960-2
0.0,0.0,0.0,n973-2
0.0,0.0,0.0,n967-2
0.0,0.0,0.0,n974-2
0.0,0.0,0.0,n968-2
0.0,0.0,0.0,n975-2
0.0,0.0,0.0,n969-2
0.0,0.0,0.0,n976-2
0.0,0.0,0.0,n970-2
0.0,0.0,0.0,n977-2
0.0,0.0,0.0,n971-2
0.0,0.0,0.0,n978-2
0.0,0.0,0.0,n972-2
0.0,0.0,0.0,n985-2
0.0,0.0,0.0,n979-2
0.0,0.0,0.0,n986-2
0.0,0.0,0.0,n980-2
0.0,0.0,0.0,n987-2
0.0,0.0,0.0,n981-2
0.0,0.0,0.0,n988-2
0.0,0.0,0.0,n982-2
0.0,0.0,0.0,n989-2
0.0,0.0,0.0,n983-2
0.0,0.0,0.0,n990-2
0.0,0.0,0.0,n984-2
0.0,0.0,0.0,n997-2
0.0,0.0,0.0,n991-2
0.0,0.0,0.0,n998-2
0.0,0.0,0.0,n992-2
0.0,0.0,0.0,n999-2
0.0,0.0,0.0,n993-2
0.0,0.0,0.0,n1000-2
0.0,0.0,0.0,n994-2
0.0,0.0,0.0,n1001-2
0.0,0.0,0.0,n995-2
0.0,0.0,0.0,n1002-2
0.0,0.0,0.0,n996-2
0.0,0.0,0.0,n1009-2
0.0,0.0,0.0,n1003-2
0.0,0.0,0.0,n1010-2
0.0,0.0,0.0,n1004-2
0.0,0.0,0.0,n1011-2
0.0,0.0,0.0,n1005-2
0.0,0.0,0.0,n1012-2
0.0,0.0,0.0,n1006-2
0.0,0.0,0.0,n1013-2
0.0,0.0,0.0,n1007-2
0.0,0.0,0.0,n1014-2
0.0,0.0,0.0,n1008-2
0.0,0.0,0.0,n1021-2
0.0,0.0,0.0,n1015-2
0.0,0.0,0.0,n1022-2
0.0,0.0,0.0,n1016-2
0.0,0.0,0.0,n1023-2
0.0,0.0,0.0,n1017-2
0.0,0.0,0.0,n1024-2
0.0,0.0,0.0,n1018-2
0.0,0.0,0.0,n1025-2
0.0,0.0,0.0,n1019-2
0.0,0.0,0.0,n1026-2
0.0,0.0,0.0,n1020-2
0.0,0.0,0.0,n1033-2
0.0,0.0,0.0,n1034-2
0.0,0.0,0.0,n1035-2
0.0,0.0,0.0,n1027-2
0.0,0.0,0.0,n1028-2
0.0,0.0,0.0,n1029-2
0.0,0.0,0.0,n1030-2
0.0,0.0,0.0,n1031-2
0.0,0.0,0.0,n1032-2
0.0,0.0,0.0,n1038-2
0.0,0.0,0.0,n1039-2
0.0,0.0,0.0,n1040-2
0.0,0.0,0.0,n1041-2
0.0,0.0,0.0,n1042-2
0.0,0.0,0.0,n1043-2
0.0,0.0,0.0,n1045-2
0.0,0.0,0.0,n1046-2
0.0,0.0,0.0,n1047-2
0.0,0.0,0.0,n1048-2
0.0,0.0,0.0,n1049-2
0.0,0.0,0.0,n1050-2
0.0,0.0,0.0,n1052-2
0.0,0.0,0.0,n1053-2
0.0,0.0,0.0,n1054-2
0.0,0.0,0.0,n1055-2
0.0,0.0,0.0,n1056-2
0.0,0.0,0.0,n1057-2
0.0,0.0,0.0,n1064-1
0.0,0.0,0.0,n1069-1
0.0,0.0,0.0,n1059-1
0.0,0.0,0.0,n1065-1
0.0,0.0,0.0,n1066-1
0.0,0.0,0.0,n1061-1
0.0,0.0,0.0,n1062-1
0.0,0.0,0.0,n1063-1
0.0,0.0,0.0,n1075-1
0.0,0.0,0.0,n1080-1
0.0,0.0,0.0,n1070-1
0.0,0.0,0.0,n1076-1
0.0,0.0,0.0,n1077-1
0.0,0.0,0.0,n1072-1
0.0,0.0,0.0,n1073-1
0.0,0.0,0.0,n1074-1
0.0,0.0,0.0,n1086-1
0.0,0.0,0.0,n1091-1
0.0,0.0,0.0,n1081-1
0.0,0.0,0.0,n1087-1
0.0,0.0,0.0,n1088-1
0.0,0.0,0.0,n1083-1
0.0,0.0,0.0,n1084-1
0.0,0.0,0.0,n1085-1
0.0,0.0,0.0,n1102-1
0.0,0.0,0.0,n1097-1
0.0,0.0,0.0,n1092-1
0.0,0.0,0.0,n1098-1
0.0,0.0,0.0,n1099-1
0.0,0.0,0.0,n1094-1
0.0,0.0,0.0,n1095-1
0.0,0.0,0.0,n1096-1
0.0,0.0,0.0,n1113-1
0.0,0.0,0.0,n1108-1
0.0,0.0,0.0,n1103-1
0.0,0.0,0.0,n1114-1
0.0,0.0,0.0,n1109-1
0.0,0.0,0.0,n1110-1
0.0,0.0,0.0,n1116-1
0.0,0.0,0.0,n1111-1
0.0,0.0,0.0,n1105-1
0.0,0.0,0.0,n1106-1
0.0,0.0,0.0,n1107-1
0.0,0.0,0.0,n1123-1
0.0,0.0,0.0,n1128-1
0.0,0.0,0.0,n1118-1
0.0,0.0,0.0,n1124-1
0.0,0.0,0.0,n1129-1
0.0,0.0,0.0,n1131-1
0.0,0.0,0.0,n1125-1
0.0,0.0,0.0,n1126-1
0.0,0.0,0.0,n1120-1
0.0,0.0,0.0,n1121-1
0.0,0.0,0.0,n1122-1
0.0,0.0,0.0,n1143-1
0.0,0.0,0.0,n1138-1
0.0,0.0,0.0,n1133-1
0.0,0.0,0.0,n1139-1
0.0,0.0,0.0,n1144-1
0.0,0.0,0.0,n1146-1
0.0,0.0,0.0,n1140-1
0.0,0.0,0.0,n1141-1
0.0,0.0,0.0,n1135-1
0.0,0.0,0.0,n1136-1
0.0,0.0,0.0,n1137-1
0.0,0.0,0.0,n1153-1
0.0,0.0,0.0,n1148-1
0.0,0.0,0.0,n1154-1
0.0,0.0,0.0,n1155-1
0.0,0.0,0.0,n1156-1
0.0,0.0,0.0,n1150-1
0.0,0.0,0.0,n1157-1
0.0,0.0,0.0,n1151-1
0.0,0.0,0.0,n1158-1
0.0,0.0,0.0,n1152-1
0.0,0.0,0.0,n1164-1
0.0,0.0,0.0,n1169-1
0.0,0.0,0.0,n1159-1
0.0,0.0,0.0,n1165-1
0.0,0.0,0.0,n1166-1
0.0,0.0,0.0,n1161-1
0.0,0.0,0.0,n1162-1
0.0,0.0,0.0,n1163-1
0.0,0.0,0.0,n1180-1
0.0,0.0,0.0,n1175-1
0.0,0.0,0.0,n1170-1
0.0,0.0,0.0,n1176-1
0.0,0.0,0.0,n1177-1
0.0,0.0,0.0,n1172-1
0.0,0.0,0.0,n1173-1
0.0,0.0,0.0,n1174-1
0.0,0.0,0.0,n1186-1
0.0,0.0,0.0,n1191-1
0.0,0.0,0.0,n1181-1
0.0,0.0,0.0,n1187-1
0.0,0.0,0.0,n1188-1
0.0,0.0,0.0,n1183-1
0.0,0.0,0.0,n1184-1
0.0,0.0,0.0,n1185-1
0.0,0.0,0.0,n1197-1
0.0,0.0,0.0,n1202-1
0.0,0.0,0.0,n1192-1
0.0,0.0,0.0,n1198-1
0.0,0.0,0.0,n1199-1
0.0,0.0,0.0,n1194-1
0.0,0.0,0.0,n1195-1
0.0,0.0,0.0,n1196-1
0.0,0.0,0.0,n1208-1
0.0,0.0,0.0,n1213-1
0.0,0.0,0.0,n1203-1
0.0,0.0,0.0,n1209-1
0.0,0.0,0.0,n1214-1
0.0,0.0,0.0,n1210-1
0.0,0.0,0.0,n1216-1
0.0,0.0,0.0,n1211-1
0.0,0.0,0.0,n1205-1
0.0,0.0,0.0,n1206-1
0.0,0.0,0.0,n1207-1
0.0,0.0,0.0,n1223-1
0.0,0.0,0.0,n1228-1
0.0,0.0,0.0,n1218-1
0.0,0.0,0.0,n1224-1
0.0,0.0,0.0,n1229-1
0.0,0.0,0.0,n1231-1
0.0,0.0,0.0,n1225-1
0.0,0.0,0.0,n1226-1
0.0,0.0,0.0,n1220-1
0.0,0.0,0.0,n1221-1
0.0,0.0,0.0,n1222-1
0.0,0.0,0.0,n1243-1
0.0,0.0,0.0,n1238-1
0.0,0.0,0.0,n1233-1
0.0,0.0,0.0,n1239-1
0.0,0.0,0.0,n1244-1
0.0,0.0,0.0,n1246-1
0.0,0.0,0.0,n1240-1
0.0,0.0,0.0,n1241-1
0.0,0.0,0.0,n1235-1
0.0,0.0,0.0,n1236-1
0.0,0.0,0.0,n1237-1
0.0,0.0,0.0,n1248-1
0.0,0.0,0.0,n1252-1
0.0,0.0,0.0,n1253-1
0.0,0.0,0.0,n1254-1
0.0,0.0,0.0,n1255-1
0.0,0.0,0.0,n1256-1
0.0,0.0,0.0,n1265-1
0.0,0.0,0.0,n1261-1
0.0,0.0,0.0,n1262-1
0.0,0.0,0.0,n1267-1
0.0,0.0,0.0,n1263-1
0.0,0.0,0.0,n1268-1
0.0,0.0,0.0,n1264-1
0.0,0.0,0.0,n1269-1
0.0,0.0,0.0,n1275-1
0.0,0.0,0.0,n1271-1
0.0,0.0,0.0,n1272-1
0.0,0.0,0.0,n1277-1
0.0,0.0,0.0,n1273-1
0.0,0.0,0.0,n1278-1
0.0,0.0,0.0,n1274-1
0.0,0.0,0.0,n1279-1
0.0,0.0,0.0,n1285-1
0.0,0.0,0.0,n1281-1
0.0,0.0,0.0,n1282-1
0.0,0.0,0.0,n1287-1
0.0,0.0,0.0,n1283-1
0.0,0.0,0.0,n1288-1
0.0,0.0,0.0,n1284-1
0.0,0.0,0.0,n1289-1
0.0,0.0,0.0,n1295-1
0.0,0.0,0.0,n1291-1
0.0,0.0,0.0,n1292-1
0.0,0.0,0.0,n1297-1
0.0,0.0,0.0,n1293-1
0.0,0.0,0.0,n1298-1
0.0,0.0,0.0,n1299-1
0.0,0.0,0.0,n1305-1
0.0,0.0,0.0,n1301-1
0.0,0.0,0.0,n1302-1
0.0,0.0,0.0,n1307-1
0.0,0.0,0.0,n1303-1
0.0,0.0,0.0,n1308-1
0.0,0.0,0.0,n1304-1
0.0,0.0,0.0,n1309-1
0.0,0.0,0.0,n1315-1
0.0,0.0,0.0,n1311-1
0.0,0.0,0.0,n1312-1
0.0,0.0,0.0,n1317-1
0.0,0.0,0.0,n1313-1
0.0,0.0,0.0,n1318-1
0.0,0.0,0.0,n1314-1
0.0,0.0,0.0,n1319-1
0.0,0.0,0.0,n1325-1
0.0,0.0,0.0,n1321-1
0.0,0.0,0.0,n1322-1
0.0,0.0,0.0,n1327-1
0.0,0.0,0.0,n1323-1
0.0,0.0,0.0,n1328-1
0.0,0.0,0.0,n1324-1
0.0,0.0,0.0,n1329-1
0.0,0.0,0.0,n1335-1
0.0,0.0,0.0,n1336-1
0.0,0.0,0.0,n1337-1
0.0,0.0,0.0,n1332-1
0.0,0.0,0.0,n1333-1
0.0,0.0,0.0,n1334-1
0.0,0.0,0.0,n1340-1
0.0,0.0,0.0,n1346-1
0.0,0.0,0.0,n1347-1
0.0,0.0,0.0,n1348-1
0.0,0.0,0.0,n1342-1
0.0,0.0,0.0,n1349-1
0.0,0.0,0.0,n1343-1
0.0,0.0,0.0,n1344-1
0.0,0.0,0.0,n1350-1
0.0,0.0,0.0,n1356-1
0.0,0.0,0.0,n1357-1
0.0,0.0,0.0,n1358-1
0.0,0.0,0.0,n1352-1
0.0,0.0,0.0,n1359-1
0.0,0.0,0.0,n1353-1
0.0,0.0,0.0,n1354-1
0.0,0.0,0.0,n1360-1
0.0,0.0,0.0,n1366-1
0.0,0.0,0.0,n1367-1
0.0,0.0,0.0,n1368-1
0.0,0.0,0.0,n1362-1
0.0,0.0,0.0,n1369-1
0.0,0.0,0.0,n1363-1
0.0,0.0,0.0,n1364-1
0.0,0.0,0.0,n1370-1
0.0,0.0,0.0,n1376-1
0.0,0.0,0.0,n1377-1
0.0,0.0,0.0,n1378-1
0.0,0.0,0.0,n1372-1
0.0,0.0,0.0,n1379-1
0.0,0.0,0.0,n1373-1
0.0,0.0,0.0,n1380-1
0.0,0.0,0.0,n1374-1
0.0,0.0,0.0,n1386-1
0.0,0.0,0.0,n1381-1
0.0,0.0,0.0,n1387-1
0.0,0.0,0.0,n1388-1
0.0,0.0,0.0,n1389-1
0.0,0.0,0.0,n1383-1
0.0,0.0,0.0,n1384-1
0.0,0.0,0.0,n1385-1
0.0,0.0,0.0,n1391-1
0.0,0.0,0.0,n1397-1
0.0,0.0,0.0,n1398-1
0.0,0.0,0.0,n1399-1
0.0,0.0,0.0,n1393-1
0.0,0.0,0.0,n1394-1
0.0,0.0,0.0,n1395-1
0.0,0.0,0.0,n1401-1
0.0,0.0,0.0,n1407-1
0.0,0.0,0.0,n1408-1
0.0,0.0,0.0,n1409-1
0.0,0.0,0.0,n1403-1
0.0,0.0,0.0,n1404-1
0.0,0.0,0.0,n1405-1
0.0,0.0,0.0,n1411-1
0.0,0.0,0.0,n1412-1
0.0,0.0,0.0,n1413-1
0.0,0.0,0.0,n1418-1
0.0,0.0,0.0,n1419-1
0.0,0.0,0.0,n1420-1
0.0,0.0,0.0,n1426-1
0.0,0.0,0.0,n1422-1
0.0,0.0,0.0,n1423-1
0.0,0.0,0.0,n1428-1
0.0,0.0,0.0,n1424-1
0.0,0.0,0.0,n1429-1
0.0,0.0,0.0,n1425-1
0.0,0.0,0.0,n1430-1
0.0,0.0,0.0,n1436-1
0.0,0.0,0.0,n1432-1
0.0,0.0,0.0,n1433-1
0.0,0.0,0.0,n1438-1
0.0,0.0,0.0,n1434-1
0.0,0.0,0.0,n1439-1
0.0,0.0,0.0,n1435-1
0.0,0.0,0.0,n1440-1
0.0,0.0,0.0,n1446-1
0.0,0.0,0.0,n1442-1
0.0,0.0,0.0,n1443-1
0.0,0.0,0.0,n1448-1
0.0,0.0,0.0,n1444-1
0.0,0.0,0.0,n1449-1
0.0,0.0,0.0,n1445-1
0.0,0.0,0.0,n1450-1
0.0,0.0,0.0,n1456-1
0.0,0.0,0.0,n1452-1
0.0,0.0,0.0,n1453-1
0.0,0.0,0.0,n1458-1
0.0,0.0,0.0,n1454-1
0.0,0.0,0.0,n1459-1
0.0,0.0,0.0,n1460-1
0.0,0.0,0.0,n1466-1
0.0,0.0,0.0,n1462-1
0.0,0.0,0.0,n1463-1
0.0,0.0,0.0,n1468-1
0.0,0.0,0.0,n1464-1
0.0,0.0,0.0,n1469-1
0.0,0.0,0.0,n1465-1
0.0,0.0,0.0,n1470-1
0.0,0.0,0.0,n1476-1
0.0,0.0,0.0,n1472-1
0.0,0.0,0.0,n1473-1
0.0,0.0,0.0,n1478-1
0.0,0.0,0.0,n1474-1
0.0,0.0,0.0,n1479-1
0.0,0.0,0.0,n1475-1
0.0,0.0,0.0,n1480-1
0.0,0.0,0.0,n1486-1
0.0,0.0,0.0,n1482-1
0.0,0.0,0.0,n1483-1
0.0,0.0,0.0,n1488-1
0.0,0.0,0.0,n1484-1
0.0,0.0,0.0,n1489-1
0.0,0.0,0.0,n1485-1
0.0,0.0,0.0,n1490-1
0.0,0.0,0.0,n1496-1
0.0,0.0,0.0,n1497-1
0.0,0.0,0.0,n1498-1
0.0,0.0,0.0,n1493-1
0.0,0.0,0.0,n1494-1
0.0,0.0,0.0,n1495-1
0.0,0.0,0.0,n1501-1
0.0,0.0,0.0,n1507-1
0.0,0.0,0.0,n1508-1
0.0,0.0,0.0,n1509-1
0.0,0.0,0.0,n1503-1
0.0,0.0,0.0,n1504-1
0.0,0.0,0.0,n1505-1
0.0,0.0,0.0,n1511-1
0.0,0.0,0.0,n1517-1
0.0,0.0,0.0,n1518-1
0.0,0.0,0.0,n1519-1
0.0,0.0,0.0,n1513-1
0.0,0.0,0.0,n1514-1
0.0,0.0,0.0,n1515-1
0.0,0.0,0.0,n1521-1
0.0,0.0,0.0,n1527-1
0.0,0.0,0.0,n1528-1
0.0,0.0,0.0,n1529-1
0.0,0.0,0.0,n1523-1
0.0,0.0,0.0,n1524-1
0.0,0.0,0.0,n1525-1
0.0,0.0,0.0,n1531-1
0.0,0.0,0.0,n1537-1
0.0,0.0,0.0,n1538-1
0.0,0.0,0.0,n1539-1
0.0,0.0,0.0,n1533-1
0.0,0.0,0.0,n1534-1
0.0,0.0,0.0,n1535-1
0.0,0.0,0.0,n1541-1
0.0,0.0,0.0,n1547-1
0.0,0.0,0.0,n1548-1
0.0,0.0,0.0,n1549-1
0.0,0.0,0.0,n1543-1
0.0,0.0,0.0,n1544-1
0.0,0.0,0.0,n1545-1
0.0,0.0,0.0,n1551-1
0.0,0.0,0.0,n1557-1
0.0,0.0,0.0,n1558-1
0.0,0.0,0.0,n1559-1
0.0,0.0,0.0,n1553-1
0.0,0.0,0.0,n1554-1
0.0,0.0,0.0,n1555-1
0.0,0.0,0.0,n1561-1
0.0,0.0,0.0,n1567-1
0.0,0.0,0.0,n1568-1
0.0,0.0,0.0,n1569-1
0.0,0.0,0.0,n1563-1
0.0,0.0,0.0,n1564-1
0.0,0.0,0.0,n1565-1
0.0,0.0,0.0,n1571-1
0.0,0.0,0.0,n1577-1
0.0,0.0,0.0,n1578-1
0.0,0.0,0.0,n1579-1
0.0,0.0,0.0,n1573-1
0.0,0.0,0.0,n1574-1
0.0,0.0,0.0,n1575-1
0.0,0.0,0.0,n1581-1
0.0,0.0,0.0,n1587-1
0.0,0.0,0.0,n1588-1
0.0,0.0,0.0,n1589-1
0.0,0.0,0.0,n1583-1
0.0,0.0,0.0,n1584-1
0.0,0.0,0.0,n1585-1
0.0,0.0,0.0,n1591-1
0.0,0.0,0.0,n1597-1
0.0,0.0,0.0,n1598-1
0.0,0.0,0.0,n1599-1
0.0,0.0,0.0,n1593-1
0.0,0.0,0.0,n1594-1
0.0,0.0,0.0,n1595-1
0.0,0.0,0.0,n1601-1
0.0,0.0,0.0,n1607-1
0.0,0.0,0.0,n1608-1
0.0,0.0,0.0,n1609-1
0.0,0.0,0.0,n1603-1
0.0,0.0,0.0,n1604-1
0.0,0.0,0.0,n1605-1
0.0,0.0,0.0,n1611-1
0.0,0.0,0.0,n1617-1
0.0,0.0,0.0,n1618-1
0.0,0.0,0.0,n1619-1
0.0,0.0,0.0,n1613-1
0.0,0.0,0.0,n1614-1
0.0,0.0,0.0,n1615-1
0.0,0.0,0.0,n1621-1
0.0,0.0,0.0,n1627-1
0.0,0.0,0.0,n1628-1
0.0,0.0,0.0,n1629-1
0.0,0.0,0.0,n1623-1
0.0,0.0,0.0,n1624-1
0.0,0.0,0.0,n1625-1
0.0,0.0,0.0,n1631-1
0.0,0.0,0.0,n1637-1
0.0,0.0,0.0,n1638-1
0.0,0.0,0.0,n1639-1
0.0,0.0,0.0,n1633-1
0.0,0.0,0.0,n1634-1
0.0,0.0,0.0,n1635-1
0.0,0.0,0.0,n1641-1
0.0,0.0,0.0,n1647-1
0.0,0.0,0.0,n1648-1
0.0,0.0,0.0,n1649-1
0.0,0.0,0.0,n1643-1
0.0,0.0,0.0,n1644-1
0.0,0.0,0.0,n1645-1
0.0,0.0,0.0,n1651-1
0.0,0.0,0.0,n1657-1
0.0,0.0,0.0,n1658-1
0.0,0.0,0.0,n1653-1
0.0,0.0,0.0,n1654-1
0.0,0.0,0.0,n1655-1
0.0,0.0,0.0,n1671-1
0.0,0.0,0.0,n1666-1
0.0,0.0,0.0,n1661-1
0.0,0.0,0.0,n1667-1
0.0,0.0,0.0,n1672-1
0.0,0.0,0.0,n1668-1
0.0,0.0,0.0,n1669-1
0.0,0.0,0.0,n1663-1
0.0,0.0,0.0,n1664-1
0.0,0.0,0.0,n1665-1
0.0,0.0,0.0,n1679-1
0.0,0.0,0.0,n1684-1
0.0,0.0,0.0,n1674-1
0.0,0.0,0.0,n1680-1
0.0,0.0,0.0,n1685-1
0.0,0.0,0.0,n1681-1
0.0,0.0,0.0,n1682-1
0.0,0.0,0.0,n1676-1
0.0,0.0,0.0,n1677-1
0.0,0.0,0.0,n1678-1
0.0,0.0,0.0,n1697-1
0.0,0.0,0.0,n1692-1
0.0,0.0,0.0,n1687-1
0.0,0.0,0.0,n1698-1
0.0,0.0,0.0,n1693-1
0.0,0.0,0.0,n1694-1
0.0,0.0,0.0,n1695-1
0.0,0.0,0.0,n1689-1
0.0,0.0,0.0,n1690-1
0.0,0.0,0.0,n1691-1
0.0,0.0,0.0,n1710-1
0.0,0.0,0.0,n1705-1
0.0,0.0,0.0,n1700-1
0.0,0.0,0.0,n1706-1
0.0,0.0,0.0,n1711-1
0.0,0.0,0.0,n1707-1
0.0,0.0,0.0,n1708-1
0.0,0.0,0.0,n1702-1
0.0,0.0,0.0,n1703-1
0.0,0.0,0.0,n1704-1
0.0,0.0,0.0,n1723-1
0.0,0.0,0.0,n1718-1
0.0,0.0,0.0,n1713-1
0.0,0.0,0.0,n1719-1
0.0,0.0,0.0,n1724-1
0.0,0.0,0.0,n1720-1
0.0,0.0,0.0,n1721-1
0.0,0.0,0.0,n1715-1
0.0,0.0,0.0,n1716-1
0.0,0.0,0.0,n1717-1
0.0,0.0,0.0,n1731-1
0.0,0.0,0.0,n1736-1
0.0,0.0,0.0,n1726-1
0.0,0.0,0.0,n1737-1
0.0,0.0,0.0,n1732-1
0.0,0.0,0.0,n1733-1
0.0,0.0,0.0,n1734-1
0.0,0.0,0.0,n1728-1
0.0,0.0,0.0,n1729-1
0.0,0.0,0.0,n1730-1
0.0,0.0,0.0,n1744-1
0.0,0.0,0.0,n1749-1
0.0,0.0,0.0,n1739-1
0.0,0.0,0.0,n1745-1
0.0,0.0,0.0,n1750-1
0.0,0.0,0.0,n1746-1
0.0,0.0,0.0,n1747-1
0.0,0.0,0.0,n1741-1
0.0,0.0,0.0,n1742-1
0.0,0.0,0.0,n1743-1
0.0,0.0,0.0,n1757-1
0.0,0.0,0.0,n1762-1
0.0,0.0,0.0,n1752-1
0.0,0.0,0.0,n1763-1
0.0,0.0,0.0,n1758-1
0.0,0.0,0.0,n1759-1
0.0,0.0,0.0,n1760-1
0.0,0.0,0.0,n1754-1
0.0,0.0,0.0,n1755-1
0.0,0.0,0.0,n1756-1
0.0,0.0,0.0,n1770-1
0.0,0.0,0.0,n1775-1
0.0,0.0,0.0,n1771-1
0.0,0.0,0.0,n1776-1
0.0,0.0,0.0,n1772-1
0.0,0.0,0.0,n1773-1
0.0,0.0,0.0,n1767-1
0.0,0.0,0.0,n1768-1
0.0,0.0,0.0,n1769-1
0.0,0.0,0.0,n1788-1
0.0,0.0,0.0,n1783-1
0.0,0.0,0.0,n1784-1
0.0,0.0,0.0,n1789-1
0.0,0.0,0.0,n1785-1
0.0,0.0,0.0,n1786-1
0.0,0.0,0.0,n1780-1
0.0,0.0,0.0,n1781-1
0.0,0.0,0.0,n1782-1
0.0,0.0,0.0,n1796-1
0.0,0.0,0.0,n1801-1
0.0,0.0,0.0,n1797-1
0.0,0.0,0.0,n1802-1
0.0,0.0,0.0,n1798-1
0.0,0.0,0.0,n1799-1
0.0,0.0,0.0,n1793-1
0.0,0.0,0.0,n1794-1
0.0,0.0,0.0,n1795-1
0.0,0.0,0.0,n1809-1
0.0,0.0,0.0,n1814-1
0.0,0.0,0.0,n1810-1
0.0,0.0,0.0,n1815-1
0.0,0.0,0.0,n1811-1
0.0,0.0,0.0,n1812-1
0.0,0.0,0.0,n1806-1
0.0,0.0,0.0,n1807-1
0.0,0.0,0.0,n1808-1
0.0,0.0,0.0,n1822-1
0.0,0.0,0.0,n1827-1
0.0,0.0,0.0,n1823-1
0.0,0.0,0.0,n1828-1
0.0,0.0,0.0,n1824-1
0.0,0.0,0.0,n1825-1
0.0,0.0,0.0,n1819-1
0.0,0.0,0.0,n1820-1
0.0,0.0,0.0,n1821-1
0.0,0.0,0.0,n1835-1
0.0,0.0,0.0,n1840-1
0.0,0.0,0.0,n1836-1
0.0,0.0,0.0,n1841-1
0.0,0.0,0.0,n1837-1
0.0,0.0,0.0,n1838-1
0.0,0.0,0.0,n1832-1
0.0,0.0,0.0,n1833-1
0.0,0.0,0.0,n1834-1
0.0,0.0,0.0,n1848-1
0.0,0.0,0.0,n1853-1
0.0,0.0,0.0,n1849-1
0.0,0.0,0.0,n1854-1
0.0,0.0,0.0,n1850-1
0.0,0.0,0.0,n1851-1
0.0,0.0,0.0,n1845-1
0.0,0.0,0.0,n1846-1
0.0,0.0,0.0,n1847-1
0.0,0.0,0.0,n1861-1
0.0,0.0,0.0,n1866-1
0.0,0.0,0.0,n1862-1
0.0,0.0,0.0,n1867-1
0.0,0.0,0.0,n1863-1
0.0,0.0,0.0,n1864-1
0.0,0.0,0.0,n1858-1
0.0,0.0,0.0,n1859-1
0.0,0.0,0.0,n1860-1
0.0,0.0,0.0,n1874-1
0.0,0.0,0.0,n1879-1
0.0,0.0,0.0,n1880-1
0.0,0.0,0.0,n1875-1
0.0,0.0,0.0,n1876-1
0.0,0.0,0.0,n1877-1
0.0,0.0,0.0,n1871-1
0.0,0.0,0.0,n1872-1
0.0,0.0,0.0,n1873-1
0.0,0.0,0.0,n1892-1
0.0,0.0,0.0,n1887-1
0.0,0.0,0.0,n1893-1
0.0,0.0,0.0,n1888-1
0.0,0.0,0.0,n1889-1
0.0,0.0,0.0,n1890-1
0.0,0.0,0.0,n1884-1
0.0,0.0,0.0,n1885-1
0.0,0.0,0.0,n1886-1
0.0,0.0,0.0,n1901-1
0.0,0.0,0.0,n1906-1
0.0,0.0,0.0,n1895-1
0.0,0.0,0.0,n1907-1
0.0,0.0,0.0,n1902-1
0.0,0.0,0.0,n1903-1
0.0,0.0,0.0,n1904-1
0.0,0.0,0.0,n1898-1
0.0,0.0,0.0,n1899-1
0.0,0.0,0.0,n1896-1
0.0,0.0,0.0,n1900-1
0.0,0.0,0.0,n1915-1
0.0,0.0,0.0,n1920-1
0.0,0.0,0.0,n1911-1
0.0,0.0,0.0,n1909-1
0.0,0.0,0.0,n1916-1
0.0,0.0,0.0,n1921-1
0.0,0.0,0.0,n1917-1
0.0,0.0,0.0,n1918-1
0.0,0.0,0.0,n1912-1
0.0,0.0,0.0,n1913-1
0.0,0.0,0.0,n1910-1
0.0,0.0,0.0,n1914-1
0.0,0.0,0.0,n1929-1
0.0,0.0,0.0,n1934-1
0.0,0.0,0.0,n1925-1
0.0,0.0,0.0,n1923-1
0.0,0.0,0.0,n1930-1
0.0,0.0,0.0,n1935-1
0.0,0.0,0.0,n1931-1
0.0,0.0,0.0,n1932-1
0.0,0.0,0.0,n1926-1
0.0,0.0,0.0,n1927-1
0.0,0.0,0.0,n1924-1
0.0,0.0,0.0,n1928-1
0.0,0.0,0.0,n1943-1
0.0,0.0,0.0,n1948-1
0.0,0.0,0.0,n1939-1
0.0,0.0,0.0,n1937-1
0.0,0.0,0.0,n1949-1
0.0,0.0,0.0,n1944-1
0.0,0.0,0.0,n1945-1
0.0,0.0,0.0,n1946-1
0.0,0.0,0.0,n1940-1
0.0,0.0,0.0,n1941-1
0.0,0.0,0.0,n1938-1
0.0,0.0,0.0,n1942-1
0.0,0.0,0.0,n1959-1
0.0,0.0,0.0,n1964-1
0.0,0.0,0.0,n1953-1
0.0,0.0,0.0,n1954-1
0.0,0.0,0.0,n1951-1
0.0,0.0,0.0,n1960-1
0.0,0.0,0.0,n1965-1
0.0,0.0,0.0,n1961-1
0.0,0.0,0.0,n1967-1
0.0,0.0,0.0,n1962-1
0.0,0.0,0.0,n1956-1
0.0,0.0,0.0,n1957-1
0.0,0.0,0.0,n1958-1
0.0,0.0,0.0,n1975-1
0.0,0.0,0.0,n1979-1
0.0,0.0,0.0,n1974-1
0.0,0.0,0.0,n1969-1
0.0,0.0,0.0,n1976-1
0.0,0.0,0.0,n1978-1
0.0,0.0,0.0,n1971-1
0.0,0.0,0.0,n1972-1
0.0,0.0,0.0,n1973-1
0.0,0.0,0.0,n1985-1
0.0,0.0,0.0,n1989-1
0.0,0.0,0.0,n1980-1
0.0,0.0,0.0,n1986-1
0.0,0.0,0.0,n1988-1
0.0,0.0,0.0,n1982-1
0.0,0.0,0.0,n1983-1
0.0,0.0,0.0,n1984-1
0.0,0.0,0.0,n1995-1
0.0,0.0,0.0,n1999-1
0.0,0.0,0.0,n1990-1
0.0,0.0,0.0,n1996-1
0.0,0.0,0.0,n1998-1
0.0,0.0,0.0,n1992-1
0.0,0.0,0.0,n1993-1
0.0,0.0,0.0,n1994-1
0.0,0.0,0.0,n2010-1
0.0,0.0,0.0,n2005-1
0.0,0.0,0.0,n2000-1
0.0,0.0,0.0,n2006-1
0.0,0.0,0.0,n2011-1
0.0,0.0,0.0,n2007-1
0.0,0.0,0.0,n2013-1
0.0,0.0,0.0,n2008-1
0.0,0.0,0.0,n2002-1
0.0,0.0,0.0,n2003-1
0.0,0.0,0.0,n2004-1
0.0,0.0,0.0,n2020-1
0.0,0.0,0.0,n2024-1
0.0,0.0,0.0,n2015-1
0.0,0.0,0.0,n2021-1
0.0,0.0,0.0,n2023-1
0.0,0.0,0.0,n2017-1
0.0,0.0,0.0,n2018-1
0.0,0.0,0.0,n2019-1
0.0,0.0,0.0,n2030-1
0.0,0.0,0.0,n2034-1
0.0,0.0,0.0,n2025-1
0.0,0.0,0.0,n2031-1
0.0,0.0,0.0,n2033-1
0.0,0.0,0.0,n2027-1
0.0,0.0,0.0,n2028-1
0.0,0.0,0.0,n2029-1
0.0,0.0,0.0,n2040-1
0.0,0.0,0.0,n2044-1
0.0,0.0,0.0,n2035-1
0.0,0.0,0.0,n2041-1
0.0,0.0,0.0,n2043-1
0.0,0.0,0.0,n2037-1
0.0,0.0,0.0,n2038-1
0.0,0.0,0.0,n2039-1
0.0,0.0,0.0,n2050-1
0.0,0.0,0.0,n2045-1
0.0,0.0,0.0,n2055-1
0.0,0.0,0.0,n2051-1
0.0,0.0,0.0,n2052-1
0.0,0.0,0.0,n2057-1
0.0,0.0,0.0,n2053-1
0.0,0.0,0.0,n2047-1
0.0,0.0,0.0,n2048-1
0.0,0.0,0.0,n2049-1
0.0,0.0,0.0,n2064-1
0.0,0.0,0.0,n2068-1
0.0,0.0,0.0,n2059-1
0.0,0.0,0.0,n2065-1
0.0,0.0,0.0,n2067-1
0.0,0.0,0.0,n2061-1
0.0,0.0,0.0,n2062-1
0.0,0.0,0.0,n2063-1
0.0,0.0,0.0,n2074-1
0.0,0.0,0.0,n2078-1
0.0,0.0,0.0,n2069-1
0.0,0.0,0.0,n2075-1
0.0,0.0,0.0,n2077-1
0.0,0.0,0.0,n2071-1
0.0,0.0,0.0,n2072-1
0.0,0.0,0.0,n2073-1
0.0,0.0,0.0,n2084-1
0.0,0.0,0.0,n2088-1
0.0,0.0,0.0,n2079-1
0.0,0.0,0.0,n2085-1
0.0,0.0,0.0,n2087-1
0.0,0.0,0.0,n2081-1
0.0,0.0,0.0,n2082-1
0.0,0.0,0.0,n2083-1
0.0,0.0,0.0,n2094-1
0.0,0.0,0.0,n2089-1
0.0,0.0,0.0,n2095-1
0.0,0.0,0.0,n2099-1
0.0,0.0,0.0,n2096-1
0.0,0.0,0.0,n2101-1
0.0,0.0,0.0,n2097-1
0.0,0.0,0.0,n2091-1
0.0,0.0,0.0,n2092-1
0.0,0.0,0.0,n2093-1
0.0,0.0,0.0,n2108-1
0.0,0.0,0.0,n2112-1
0.0,0.0,0.0,n2103-1
0.0,0.0,0.0,n2109-1
0.0,0.0,0.0,n2111-1
0.0,0.0,0.0,n2105-1
0.0,0.0,0.0,n2106-1
0.0,0.0,0.0,n2107-1
0.0,0.0,0.0,n2118-1
0.0,0.0,0.0,n2122-1
0.0,0.0,0.0,n2113-1
0.0,0.0,0.0,n2119-1
0.0,0.0,0.0,n2121-1
0.0,0.0,0.0,n2115-1
0.0,0.0,0.0,n2116-1
0.0,0.0,0.0,n2117-1
0.0,0.0,0.0,n2132-1
0.0,0.0,0.0,n2128-1
0.0,0.0,0.0,n2123-1
0.0,0.0,0.0,n2129-1
0.0,0.0,0.0,n2131-1
0.0,0.0,0.0,n2125-1
0.0,0.0,0.0,n2126-1
0.0,0.0,0.0,n2127-1
0.0,0.0,0.0,n2138-1
0.0,0.0,0.0,n2142-1
0.0,0.0,0.0,n2133-1
0.0,0.0,0.0,n2139-1
0.0,0.0,0.0,n2141-1
0.0,0.0,0.0,n2135-1
0.0,0.0,0.0,n2136-1
0.0,0.0,0.0,n2137-1
0.0,0.0,0.0,n2152-1
0.0,0.0,0.0,n2148-1
0.0,0.0,0.0,n2143-1
0.0,0.0,0.0,n2149-1
0.0,0.0,0.0,n2151-1
0.0,0.0,0.0,n2145-1
0.0,0.0,0.0,n2146-1
0.0,0.0,0.0,n2147-1
0.0,0.0,0.0,n2158-1
0.0,0.0,0.0,n2162-1
0.0,0.0,0.0,n2153-1
0.0,0.0,0.0,n2159-1
0.0,0.0,0.0,n2161-1
0.0,0.0,0.0,n2155-1
0.0,0.0,0.0,n2156-1
0.0,0.0,0.0,n2157-1
0.0,0.0,0.0,n2168-1
0.0,0.0,0.0,n2172-1
0.0,0.0,0.0,n2163-1
0.0,0.0,0.0,n2169-1
0.0,0.0,0.0,n2171-1
0.0,0.0,0.0,n2165-1
0.0,0.0,0.0,n2166-1
0.0,0.0,0.0,n2167-1
0.0,0.0,0.0,n2178-1
0.0,0.0,0.0,n2182-1
0.0,0.0,0.0,n2173-1
0.0,0.0,0.0,n2179-1
0.0,0.0,0.0,n2181-1
0.0,0.0,0.0,n2175-1
0.0,0.0,0.0,n2176-1
0.0,0.0,0.0,n2177-1
0.0,0.0,0.0,n2192-1
0.0,0.0,0.0,n2188-1
0.0,0.0,0.0,n2183-1
0.0,0.0,0.0,n2189-1
0.0,0.0,0.0,n2191-1
0.0,0.0,0.0,n2185-1
0.0,0.0,0.0,n2186-1
0.0,0.0,0.0,n2187-1
0.0,0.0,0.0,n2198-1
0.0,0.0,0.0,n2202-1
0.0,0.0,0.0,n2193-1
0.0,0.0,0.0,n2199-1
0.0,0.0,0.0,n2201-1
0.0,0.0,0.0,n2195-1
0.0,0.0,0.0,n2196-1
0.0,0.0,0.0,n2197-1
0.0,0.0,0.0,n2208-1
0.0,0.0,0.0,n2212-1
0.0,0.0,0.0,n2203-1
0.0,0.0,0.0,n2209-1
0.0,0.0,0.0,n2211-1
0.0,0.0,0.0,n2205-1
0.0,0.0,0.0,n2206-1
0.0,0.0,0.0,n2207-1
0.0,0.0,0.0,n2218-1
0.0,0.0,0.0,n2222-1
0.0,0.0,0.0,n2213-1
0.0,0.0,0.0,n2219-1
0.0,0.0,0.0,n2221-1
0.0,0.0,0.0,n2215-1
0.0,0.0,0.0,n2216-1
0.0,0.0,0.0,n2217-1
0.0,0.0,0.0,n2232-1
0.0,0.0,0.0,n2228-1
0.0,0.0,0.0,n2223-1
0.0,0.0,0.0,n2229-1
0.0,0.0,0.0,n2231-1
0.0,0.0,0.0,n2225-1
0.0,0.0,0.0,n2226-1
0.0,0.0,0.0,n2227-1
0.0,0.0,0.0,n2239-1
0.0,0.0,0.0,n2240-1
0.0,0.0,0.0,n2241-1
0.0,0.0,0.0,n2242-1
0.0,0.0,0.0,n2233-1
0.0,0.0,0.0,n2234-1
0.0,0.0,0.0,n2235-1
0.0,0.0,0.0,n2236-1
0.0,0.0,0.0,n2237-1
0.0,0.0,0.0,n2238-1
0.0,0.0,0.0,n2245-1
0.0,0.0,0.0,n2246-1
0.0,0.0,0.0,n2247-1
0.0,0.0,0.0,n2248-1
0.0,0.0,0.0,n2249-1
0.0,0.0,0.0,n2250-1
0.0,0.0,0.0,n2252-1
0.0,0.0,0.0,n2253-1
0.0,0.0,0.0,n2254-1
0.0,0.0,0.0,n2255-1
0.0,0.0,0.0,n2256-1
0.0,0.0,0.0,n2257-1
0.0,0.0,0.0,n2259-1
0.0,0.0,0.0,n2260-1
0.0,0.0,0.0,n2261-1
0.0,0.0,0.0,n2262-1
0.0,0.0,0.0,n2263-1
0.0,0.0,0.0,n2264-1
0.0,0.0,0.0,n2266-1
0.0,0.0,0.0,n2267-1
0.0,0.0,0.0,n2268-1
0.0,0.0,0.0,n2269-1
0.0,0.0,0.0,n2270-1
0.0,0.0,0.0,n2271-1
0.0,0.0,0.0,n2273-1
0.0,0.0,0.0,n2274-1
0.0,0.0,0.0,n2275-1
0.0,0.0,0.0,n2276-1
0.0,0.0,0.0,n2277-1
0.0,0.0,0.0,n2278-1
0.0,0.0,0.0,n2280-1
0.0,0.0,0.0,n2281-1
0.0,0.0,0.0,n2282-1
0.0,0.0,0.0,n2283-1
0.0,0.0,0.0,n2284-1
0.0,0.0,0.0,n2285-1
0.0,0.0,0.0,n2287-1
0.0,0.0,0.0,n2288-1
0.0,0.0,0.0,n2289-1
0.0,0.0,0.0,n2290-1
0.0,0.0,0.0,n2291-1
0.0,0.0,0.0,n2292-1
0.0,0.0,0.0,n2294-1
0.0,0.0,0.0,n2295-1
0.0,0.0,0.0,n2296-1
0.0,0.0,0.0,n2297-1
0.0,0.0,0.0,n2298-1
0.0,0.0,0.0,n2299-1
0.0,0.0,0.0,n2301-1
0.0,0.0,0.0,n2302-1
0.0,0.0,0.0,n2303-1
0.0,0.0,0.0,n2304-1
0.0,0.0,0.0,n2305-1
0.0,0.0,0.0,n2306-1
0.0,0.0,0.0,n2308-1
0.0,0.0,0.0,n2309-1
0.0,0.0,0.0,n2310-1
0.0,0.0,0.0,n2311-1
0.0,0.0,0.0,n2312-1
0.0,0.0,0.0,n2313-1
0.0,0.0,0.0,n2315-1
0.0,0.0,0.0,n2316-1
0.0,0.0,0.0,n2317-1
0.0,0.0,0.0,n2318-1
0.0,0.0,0.0,n2319-1
0.0,0.0,0.0,n2320-1
0.0,0.0,0.0,n2322-1
0.0,0.0,0.0,n2323-1
0.0,0.0,0.0,n2324-1
0.0,0.0,0.0,n2325-1
0.0,0.0,0.0,n2326-1
0.0,0.0,0.0,n2327-1
0.0,0.0,0.0,n2329-1
0.0,0.0,0.0,n2330-1
0.0,0.0,0.0,n2331-1
0.0,0.0,0.0,n2332-1
0.0,0.0,0.0,n2333-1
0.0,0.0,0.0,n2334-1
0.0,0.0,0.0,n2336-1
0.0,0.0,0.0,n2337-1
0.0,0.0,0.0,n2338-1
0.0,0.0,0.0,n2339-1
0.0,0.0,0.0,n2340-1
0.0,0.0,0.0,n2341-1
0.0,0.0,0.0,n2343-1
0.0,0.0,0.0,n2344-1
0.0,0.0,0.0,n2345-1
0.0,0.0,0.0,n2346-1
0.0,0.0,0.0,n2347-1
0.0,0.0,0.0,n2348-1
0.0,0.0,0.0,n2360-1
0.0,0.0,0.0,n2355-1
0.0,0.0,0.0,n2350-1
0.0,0.0,0.0,n2356-1
0.0,0.0,0.0,n2361-1
0.0,0.0,0.0,n2357-1
0.0,0.0,0.0,n2358-1
0.0,0.0,0.0,n2352-1
0.0,0.0,0.0,n2353-1
0.0,0.0,0.0,n2354-1
0.0,0.0,0.0,n2373-1
0.0,0.0,0.0,n2368-1
0.0,0.0,0.0,n2363-1
0.0,0.0,0.0,n2369-1
0.0,0.0,0.0,n2374-1
0.0,0.0,0.0,n2370-1
0.0,0.0,0.0,n2371-1
0.0,0.0,0.0,n2365-1
0.0,0.0,0.0,n2366-1
0.0,0.0,0.0,n2367-1
0.0,0.0,0.0,n2386-1
0.0,0.0,0.0,n2381-1
0.0,0.0,0.0,n2376-1
0.0,0.0,0.0,n2382-1
0.0,0.0,0.0,n2387-1
0.0,0.0,0.0,n2383-1
0.0,0.0,0.0,n2384-1
0.0,0.0,0.0,n2378-1
0.0,0.0,0.0,n2379-1
0.0,0.0,0.0,n2380-1
0.0,0.0,0.0,n2394-1
0.0,0.0,0.0,n2399-1
0.0,0.0,0.0,n2389-1
0.0,0.0,0.0,n2395-1
0.0,0.0,0.0,n2400-1
0.0,0.0,0.0,n2396-1
0.0,0.0,0.0,n2397-1
0.0,0.0,0.0,n2391-1
0.0,0.0,0.0,n2392-1
0.0,0.0,0.0,n2393-1
0.0,0.0,0.0,n2407-1
0.0,0.0,0.0,n2412-1
0.0,0.0,0.0,n2402-1
0.0,0.0,0.0,n2413-1
0.0,0.0,0.0,n2408-1
0.0,0.0,0.0,n2409-1
0.0,0.0,0.0,n2410-1
0.0,0.0,0.0,n2404-1
0.0,0.0,0.0,n2405-1
0.0,0.0,0.0,n2406-1
0.0,0.0,0.0,n2425-1
0.0,0.0,0.0,n2420-1
0.0,0.0,0.0,n2415-1
0.0,0.0,0.0,n2421-1
0.0,0.0,0.0,n2426-1
0.0,0.0,0.0,n2422-1
0.0,0.0,0.0,n2423-1
0.0,0.0,0.0,n2417-1
0.0,0.0,0.0,n2418-1
0.0,0.0,0.0,n2419-1
0.0,0.0,0.0,n2438-1
0.0,0.0,0.0,n2433-1
0.0,0.0,0.0,n2428-1
0.0,0.0,0.0,n2434-1
0.0,0.0,0.0,n2439-1
0.0,0.0,0.0,n2435-1
0.0,0.0,0.0,n2436-1
0.0,0.0,0.0,n2430-1
0.0,0.0,0.0,n2431-1
0.0,0.0,0.0,n2432-1
0.0,0.0,0.0,n2446-1
0.0,0.0,0.0,n2451-1
0.0,0.0,0.0,n2441-1
0.0,0.0,0.0,n2447-1
0.0,0.0,0.0,n2452-1
0.0,0.0,0.0,n2448-1
0.0,0.0,0.0,n2449-1
0.0,0.0,0.0,n2443-1
0.0,0.0,0.0,n2444-1
0.0,0.0,0.0,n2445-1
0.0,0.0,0.0,n2463-1
0.0,0.0,0.0,n2459-1
0.0,0.0,0.0,n2454-1
0.0,0.0,0.0,n2460-1
0.0,0.0,0.0,n2462-1
0.0,0.0,0.0,n2456-1
0.0,0.0,0.0,n2457-1
0.0,0.0,0.0,n2458-1
0.0,0.0,0.0,n2473-1
0.0,0.0,0.0,n2469-1
0.0,0.0,0.0,n2464-1
0.0,0.0,0.0,n2470-1
0.0,0.0,0.0,n2472-1
0.0,0.0,0.0,n2466-1
0.0,0.0,0.0,n2467-1
0.0,0.0,0.0,n2468-1
0.0,0.0,0.0,n2479-1
0.0,0.0,0.0,n2483-1
0.0,0.0,0.0,n2474-1
0.0,0.0,0.0,n2480-1
0.0,0.0,0.0,n2482-1
0.0,0.0,0.0,n2476-1
0.0,0.0,0.0,n2477-1
0.0,0.0,0.0,n2478-1
0.0,0.0,0.0,n2493-1
0.0,0.0,0.0,n2489-1
0.0,0.0,0.0,n2484-1
0.0,0.0,0.0,n2490-1
0.0,0.0,0.0,n2492-1
0.0,0.0,0.0,n2486-1
0.0,0.0,0.0,n2487-1
0.0,0.0,0.0,n2488-1
0.0,0.0,0.0,n2503-1
0.0,0.0,0.0,n2499-1
0.0,0.0,0.0,n2494-1
0.0,0.0,0.0,n2500-1
0.0,0.0,0.0,n2502-1
0.0,0.0,0.0,n2496-1
0.0,0.0,0.0,n2497-1
0.0,0.0,0.0,n2498-1
0.0,0.0,0.0,n2509-1
0.0,0.0,0.0,n2514-1
0.0,0.0,0.0,n2504-1
0.0,0.0,0.0,n2516-1
0.0,0.0,0.0,n2510-1
0.0,0.0,0.0,n2519-1
0.0,0.0,0.0,n2511-1
0.0,0.0,0.0,n2512-1
0.0,0.0,0.0,n2506-1
0.0,0.0,0.0,n2507-1
0.0,0.0,0.0,n2508-1
0.0,0.0,0.0,n2525-1
0.0,0.0,0.0,n2521-1
0.0,0.0,0.0,n2526-1
0.0,0.0,0.0,n2527-1
0.0,0.0,0.0,n2528-1
0.0,0.0,0.0,n2529-1
0.0,0.0,0.0,n2523-1
0.0,0.0,0.0,n2524-1
0.0,0.0,0.0,n2530-1
0.0,0.0,0.0,n2531-1
0.0,0.0,0.0,n2532-1
0.0,0.0,0.0,n2533-1
0.0,0.0,0.0,n2534-1
0.0,0.0,0.0,n2535-1
0.0,0.0,0.0,n2546-1
0.0,0.0,0.0,n2542-1
0.0,0.0,0.0,n2537-1
0.0,0.0,0.0,n2543-1
0.0,0.0,0.0,n2545-1
0.0,0.0,0.0,n2539-1
0.0,0.0,0.0,n2540-1
0.0,0.0,0.0,n2541-1
0.0,0.0,0.0,n2556-1
0.0,0.0,0.0,n2552-1
0.0,0.0,0.0,n2547-1
0.0,0.0,0.0,n2553-1
0.0,0.0,0.0,n2555-1
0.0,0.0,0.0,n2549-1
0.0,0.0,0.0,n2550-1
0.0,0.0,0.0,n2551-1
0.0,0.0,0.0,n2562-1
0.0,0.0,0.0,n2566-1
0.0,0.0,0.0,n2557-1
0.0,0.0,0.0,n2563-1
0.0,0.0,0.0,n2565-1
0.0,0.0,0.0,n2559-1
0.0,0.0,0.0,n2560-1
0.0,0.0,0.0,n2561-1
0.0,0.0,0.0,n2576-1
0.0,0.0,0.0,n2572-1
0.0,0.0,0.0,n2567-1
0.0,0.0,0.0,n2573-1
0.0,0.0,0.0,n2575-1
0.0,0.0,0.0,n2569-1
0.0,0.0,0.0,n2570-1
0.0,0.0,0.0,n2571-1
0.0,0.0,0.0,n2582-1
0.0,0.0,0.0,n2586-1
0.0,0.0,0.0,n2577-1
0.0,0.0,0.0,n2583-1
0.0,0.0,0.0,n2585-1
0.0,0.0,0.0,n2579-1
0.0,0.0,0.0,n2580-1
0.0,0.0,0.0,n2581-1
0.0,0.0,0.0,n2596-1
0.0,0.0,0.0,n2592-1
0.0,0.0,0.0,n2587-1
0.0,0.0,0.0,n2593-1
0.0,0.0,0.0,n2595-1
0.0,0.0,0.0,n2589-1
0.0,0.0,0.0,n2590-1
0.0,0.0,0.0,n2591-1
0.0,0.0,0.0,n2606-1
0.0,0.0,0.0,n2602-1
0.0,0.0,0.0,n2597-1
0.0,0.0,0.0,n2603-1
0.0,0.0,0.0,n2605-1
0.0,0.0,0.0,n2599-1
0.0,0.0,0.0,n2600-1
0.0,0.0,0.0,n2601-1
0.0,0.0,0.0,n2612-1
0.0,0.0,0.0,n2616-1
0.0,0.0,0.0,n2607-1
0.0,0.0,0.0,n2613-1
0.0,0.0,0.0,n2615-1
0.0,0.0,0.0,n2609-1
0.0,0.0,0.0,n2610-1
0.0,0.0,0.0,n2611-1
0.0,0.0,0.0,n2626-1
0.0,0.0,0.0,n2622-1
0.0,0.0,0.0,n2617-1
0.0,0.0,0.0,n2623-1
0.0,0.0,0.0,n2625-1
0.0,0.0,0.0,n2619-1
0.0,0.0,0.0,n2620-1
0.0,0.0,0.0,n2621-1
0.0,0.0,0.0,n2636-1
0.0,0.0,0.0,n2632-1
0.0,0.0,0.0,n2627-1
0.0,0.0,0.0,n2633-1
0.0,0.0,0.0,n2635-1
0.0,0.0,0.0,n2629-1
0.0,0.0,0.0,n2630-1
0.0,0.0,0.0,n2631-1
0.0,0.0,0.0,n2646-1
0.0,0.0,0.0,n2642-1
0.0,0.0,0.0,n2637-1
0.0,0.0,0.0,n2643-1
0.0,0.0,0.0,n2645-1
0.0,0.0,0.0,n2639-1
0.0,0.0,0.0,n2640-1
0.0,0.0,0.0,n2641-1
0.0,0.0,0.0,n2650-1
0.0,0.0,0.0,n2647-1
0.0,0.0,0.0,n2651-1
0.0,0.0,0.0,n2652-1
0.0,0.0,0.0,n2653-1
0.0,0.0,0.0,n2654-1
0.0,0.0,0.0,n2655-1
0.0,0.0,0.0,n2660-1
0.0,0.0,0.0,n2656-1
0.0,0.0,0.0,n2657-1
0.0,0.0,0.0,n2661-1
0.0,0.0,0.0,n2658-1
0.0,0.0,0.0,n2662-1
0.0,0.0,0.0,n2659-1
0.0,0.0,0.0,n2663-1
0.0,0.0,0.0,n2668-1
0.0,0.0,0.0,n2664-1
0.0,0.0,0.0,n2665-1
0.0,0.0,0.0,n2669-1
0.0,0.0,0.0,n2666-1
0.0,0.0,0.0,n2670-1
0.0,0.0,0.0,n2667-1
0.0,0.0,0.0,n2671-1
0.0,0.0,0.0,n2676-1
0.0,0.0,0.0,n2672-1
0.0,0.0,0.0,n2673-1
0.0,0.0,0.0,n2677-1
0.0,0.0,0.0,n2674-1
0.0,0.0,0.0,n2678-1
0.0,0.0,0.0,n2675-1
0.0,0.0,0.0,n2679-1
0.0,0.0,0.0,n2686-1
0.0,0.0,0.0,n2680-1
0.0,0.0,0.0,n2681-1
0.0,0.0,0.0,n2682-1
0.0,0.0,0.0,n2683-1
0.0,0.0,0.0,n2684-1
0.0,0.0,0.0,n2685-1
0.0,0.0,0.0,n2693-1
0.0,0.0,0.0,n2694-1
0.0,0.0,0.0,n2687-1
0.0,0.0,0.0,n2688-1
0.0,0.0,0.0,n2695-1
0.0,0.0,0.0,n2689-1
0.0,0.0,0.0,n2690-1
0.0,0.0,0.0,n2696-1
0.0,0.0,0.0,n2691-1
0.0,0.0,0.0,n2692-1
0.0,0.0,0.0,n2703-1
0.0,0.0,0.0,n2697-1
0.0,0.0,0.0,n2698-1
0.0,0.0,0.0,n2704-1
0.0,0.0,0.0,n2699-1
0.0,0.0,0.0,n2700-1
0.0,0.0,0.0,n2705-1
0.0,0.0,0.0,n2701-1
0.0,0.0,0.0,n2702-1
0.0,0.0,0.0,n2712-1
0.0,0.0,0.0,n2706-1
0.0,0.0,0.0,n2707-1
0.0,0.0,0.0,n2713-1
0.0,0.0,0.0,n2708-1
0.0,0.0,0.0,n2709-1
0.0,0.0,0.0,n2714-1
0.0,0.0,0.0,n2710-1
0.0,0.0,0.0,n2711-1
0.0,0.0,0.0,n2720-1
0.0,0.0,0.0,n2715-1
0.0,0.0,0.0,n2716-1
0.0,0.0,0.0,n2721-1
0.0,0.0,0.0,n2717-1
0.0,0.0,0.0,n2722-1
0.0,0.0,0.0,n2718-1
0.0,0.0,0.0,n2723-1
0.0,0.0,0.0,n2724-1
0.0,0.0,0.0,n2729-1
0.0,0.0,0.0,n2725-1
0.0,0.0,0.0,n2726-1
0.0,0.0,0.0,n2730-1
0.0,0.0,0.0,n2727-1
0.0,0.0,0.0,n2731-1
0.0,0.0,0.0,n2728-1
0.0,0.0,0.0,n2732-1
0.0,0.0,0.0,n2737-1
0.0,0.0,0.0,n2733-1
0.0,0.0,0.0,n2734-1
0.0,0.0,0.0,n2738-1
0.0,0.0,0.0,n2735-1
0.0,0.0,0.0,n2739-1
0.0,0.0,0.0,n2736-1
0.0,0.0,0.0,n2740-1
0.0,0.0,0.0,n2745-1
0.0,0.0,0.0,n2741-1
0.0,0.0,0.0,n2742-1
0.0,0.0,0.0,n2746-1
0.0,0.0,0.0,n2743-1
0.0,0.0,0.0,n2747-1
0.0,0.0,0.0,n2744-1
0.0,0.0,0.0,n2748-1
0.0,0.0,0.0,n2755-1
0.0,0.0,0.0,n2756-1
0.0,0.0,0.0,n2749-1
0.0,0.0,0.0,n2750-1
0.0,0.0,0.0,n2751-1
0.0,0.0,0.0,n2752-1
0.0,0.0,0.0,n2753-1
0.0,0.0,0.0,n2754-1
0.0,0.0,0.0,n2763-1
0.0,0.0,0.0,n2764-1
0.0,0.0,0.0,n2757-1
0.0,0.0,0.0,n2758-1
0.0,0.0,0.0,n2765-1
0.0,0.0,0.0,n2759-1
0.0,0.0,0.0,n2760-1
0.0,0.0,0.0,n2766-1
0.0,0.0,0.0,n2761-1
0.0,0.0,0.0,n2762-1
0.0,0.0,0.0,n2773-1
0.0,0.0,0.0,n2767-1
0.0,0.0,0.0,n2768-1
0.0,0.0,0.0,n2774-1
0.0,0.0,0.0,n2769-1
0.0,0.0,0.0,n2770-1
0.0,0.0,0.0,n2775-1
0.0,0.0,0.0,n2771-1
0.0,0.0,0.0,n2772-1
0.0,0.0,0.0,n2782-1
0.0,0.0,0.0,n2776-1
0.0,0.0,0.0,n2777-1
0.0,0.0,0.0,n2783-1
0.0,0.0,0.0,n2778-1
0.0,0.0,0.0,n2779-1
0.0,0.0,0.0,n2784-1
0.0,0.0,0.0,n2780-1
0.0,0.0,0.0,n2781-1
0.0,0.0,0.0,n2790-1
0.0,0.0,0.0,n2785-1
0.0,0.0,0.0,n2786-1
0.0,0.0,0.0,n2791-1
0.0,0.0,0.0,n2787-1
0.0,0.0,0.0,n2792-1
0.0,0.0,0.0,n2788-1
0.0,0.0,0.0,n2793-1
0.0,0.0,0.0,n2794-1
0.0,0.0,0.0,n2799-1
0.0,0.0,0.0,n2795-1
0.0,0.0,0.0,n2796-1
0.0,0.0,0.0,n2800-1
0.0,0.0,0.0,n2797-1
0.0,0.0,0.0,n2801-1
0.0,0.0,0.0,n2798-1
0.0,0.0,0.0,n2802-1
0.0,0.0,0.0,n2807-1
0.0,0.0,0.0,n2803-1
0.0,0.0,0.0,n2804-1
0.0,0.0,0.0,n2808-1
0.0,0.0,0.0,n2805-1
0.0,0.0,0.0,n2809-1
0.0,0.0,0.0,n2806-1
0.0,0.0,0.0,n2810-1
0.0,0.0,0.0,n2815-1
0.0,0.0,0.0,n2811-1
0.0,0.0,0.0,n2812-1
0.0,0.0,0.0,n2816-1
0.0,0.0,0.0,n2813-1
0.0,0.0,0.0,n2817-1
0.0,0.0,0.0,n2814-1
0.0,0.0,0.0,n2818-1
0.0,0.0,0.0,n2825-1
0.0,0.0,0.0,n2819-1
0.0,0.0,0.0,n2820-1
0.0,0.0,0.0,n2821-1
0.0,0.0,0.0,n2822-1
0.0,0.0,0.0,n2823-1
0.0,0.0,0.0,n2824-1
0.0,0.0,0.0,n2832-1
0.0,0.0,0.0,n2833-1
0.0,0.0,0.0,n2826-1
0.0,0.0,0.0,n2827-1
0.0,0.0,0.0,n2834-1
0.0,0.0,0.0,n2828-1
0.0,0.0,0.0,n2829-1
0.0,0.0,0.0,n2835-1
0.0,0.0,0.0,n2830-1
0.0,0.0,0.0,n2831-1
0.0,0.0,0.0,n2842-1
0.0,0.0,0.0,n2836-1
0.0,0.0,0.0,n2837-1
0.0,0.0,0.0,n2843-1
0.0,0.0,0.0,n2838-1
0.0,0.0,0.0,n2839-1
0.0,0.0,0.0,n2844-1
0.0,0.0,0.0,n2840-1
0.0,0.0,0.0,n2841-1
0.0,0.0,0.0,n2851-1
0.0,0.0,0.0,n2845-1
0.0,0.0,0.0,n2846-1
0.0,0.0,0.0,n2852-1
0.0,0.0,0.0,n2847-1
0.0,0.0,0.0,n2848-1
0.0,0.0,0.0,n2853-1
0.0,0.0,0.0,n2849-1
0.0,0.0,0.0,n2850-1
0.0,0.0,0.0,n2859-1
0.0,0.0,0.0,n2854-1
0.0,0.0,0.0,n2855-1
0.0,0.0,0.0,n2860-1
0.0,0.0,0.0,n2856-1
0.0,0.0,0.0,n2861-1
0.0,0.0,0.0,n2857-1
0.0,0.0,0.0,n2862-1
0.0,0.0,0.0,n2863-1
0.0,0.0,0.0,n2868-1
0.0,0.0,0.0,n2864-1
0.0,0.0,0.0,n2865-1
0.0,0.0,0.0,n2869-1
0.0,0.0,0.0,n2866-1
0.0,0.0,0.0,n2870-1
0.0,0.0,0.0,n2867-1
0.0,0.0,0.0,n2871-1
0.0,0.0,0.0,n2876-1
0.0,0.0,0.0,n2872-1
0.0,0.0,0.0,n2873-1
0.0,0.0,0.0,n2877-1
0.0,0.0,0.0,n2874-1
0.0,0.0,0.0,n2878-1
0.0,0.0,0.0,n2875-1
0.0,0.0,0.0,n2879-1
0.0,0.0,0.0,n2884-1
0.0,0.0,0.0,n2880-1
0.0,0.0,0.0,n2881-1
0.0,0.0,0.0,n2885-1
0.0,0.0,0.0,n2882-1
0.0,0.0,0.0,n2886-1
0.0,0.0,0.0,n2883-1
0.0,0.0,0.0,n2887-1
0.0,0.0,0.0,n2897-1
0.0,0.0,0.0,n2898-1
0.0,0.0,0.0,n2888-1
0.0,0.0,0.0,n2889-1
0.0,0.0,0.0,n2890-1
0.0,0.0,0.0,n2891-1
0.0,0.0,0.0,n2892-1
0.0,0.0,0.0,n2893-1
0.0,0.0,0.0,n2894-1
0.0,0.0,0.0,n2895-1
0.0,0.0,0.0,n2896-1
0.0,0.0,0.0,n2907-1
0.0,0.0,0.0,n2908-1
0.0,0.0,0.0,n2899-1
0.0,0.0,0.0,n2900-1
0.0,0.0,0.0,n2901-1
0.0,0.0,0.0,n2909-1
0.0,0.0,0.0,n2910-1
0.0,0.0,0.0,n2902-1
0.0,0.0,0.0,n2904-1
0.0,0.0,0.0,n2905-1
0.0,0.0,0.0,n2906-1
0.0,0.0,0.0,n2911-1
0.0,0.0,0.0,n2912-1
0.0,0.0,0.0,n2903-1
0.0,0.0,0.0,n2913-1
0.0,0.0,0.0,n2923-1
0.0,0.0,0.0,n2924-1
0.0,0.0,0.0,n2914-1
0.0,0.0,0.0,n2917-1
0.0,0.0,0.0,n2918-1
0.0,0.0,0.0,n2919-1
0.0,0.0,0.0,n2925-1
0.0,0.0,0.0,n2926-1
0.0,0.0,0.0,n2915-1
0.0,0.0,0.0,n2927-1
0.0,0.0,0.0,n2928-1
0.0,0.0,0.0,n2929-1
0.0,0.0,0.0,n2916-1
0.0,0.0,0.0,n2920-1
0.0,0.0,0.0,n2921-1
0.0,0.0,0.0,n2922-1
0.0,0.0,0.0,n2930-1
0.0,0.0,0.0,n2937-1
0.0,0.0,0.0,n2931-1
0.0,0.0,0.0,n2938-1
0.0,0.0,0.0,n2939-1
0.0,0.0,0.0,n2940-1
0.0,0.0,0.0,n2932-1
0.0,0.0,0.0,n2934-1
0.0,0.0,0.0,n2935-1
0.0,0.0,0.0,n2936-1
0.0,0.0,0.0,n2941-1
0.0,0.0,0.0,n2942-1
0.0,0.0,0.0,n2933-1
0.0,0.0,0.0,n2943-1
0.0,0.0,0.0,n2953-1
0.0,0.0,0.0,n2954-1
0.0,0.0,0.0,n2944-1
0.0,0.0,0.0,n2947-1
0.0,0.0,0.0,n2948-1
0.0,0.0,0.0,n2949-1
0.0,0.0,0.0,n2955-1
0.0,0.0,0.0,n2956-1
0.0,0.0,0.0,n2945-1
0.0,0.0,0.0,n2957-1
0.0,0.0,0.0,n2958-1
0.0,0.0,0.0,n2959-1
0.0,0.0,0.0,n2946-1
0.0,0.0,0.0,n2950-1
0.0,0.0,0.0,n2951-1
0.0,0.0,0.0,n2952-1
0.0,0.0,0.0,n2960-1
0.0,0.0,0.0,n2963-1
0.0,0.0,0.0,n2961-1
0.0,0.0,0.0,n2964-1
0.0,0.0,0.0,n2965-1
0.0,0.0,0.0,n2966-1
0.0,0.0,0.0,n2962-1
0.0,0.0,0.0,n2967-1
0.0,0.0,0.0,n2968-1
0.0,0.0,0.0,n2969-1
0.0,0.0,0.0,n2973-1
0.0,0.0,0.0,n2974-1
0.0,0.0,0.0,n2975-1
0.0,0.0,0.0,n2976-1
0.0,0.0,0.0,n2971-1
0.0,0.0,0.0,n2977-1
0.0,0.0,0.0,n2978-1
0.0,0.0,0.0,n2979-1
0.0,0.0,0.0,n2972-1
0.0,0.0,0.0,n2980-1
0.0,0.0,0.0,n2987-1
0.0,0.0,0.0,n2984-1
0.0,0.0,0.0,n2981-1
0.0,0.0,0.0,n2985-1
0.0,0.0,0.0,n2986-1
0.0,0.0,0.0,n2988-1
0.0,0.0,0.0,n2989-1
0.0,0.0,0.0,n2982-1
0.0,0.0,0.0,n2990-1
0.0,0.0,0.0,n2991-1
0.0,0.0,0.0,n2983-1
0.0,0.0,0.0,n2992-1
0.0,0.0,0.0,n2996-1
0.0,0.0,0.0,n2993-1
0.0,0.0,0.0,n2997-1
0.0,0.0,0.0,n2998-1
0.0,0.0,0.0,n2994-1
0.0,0.0,0.0,n2999-1
0.0,0.0,0.0,n3000-1
0.0,0.0,0.0,n2995-1
0.0,0.0,0.0,n3001-1
0.0,0.0,0.0,n3007-1
0.0,0.0,0.0,n3008-1
0.0,0.0,0.0,n3002-1
0.0,0.0,0.0,n3009-1
0.0,0.0,0.0,n3010-1
0.0,0.0,0.0,n3011-1
0.0,0.0,0.0,n3003-1
0.0,0.0,0.0,n3012-1
0.0,0.0,0.0,n3004-1
0.0,0.0,0.0,n3013-1
0.0,0.0,0.0,n3005-1
0.0,0.0,0.0,n3014-1
0.0,0.0,0.0,n3006-1
0.0,0.0,0.0,n3021-1
0.0,0.0,0.0,n3022-1
0.0,0.0,0.0,n3015-1
0.0,0.0,0.0,n3023-1
0.0,0.0,0.0,n3016-1
0.0,0.0,0.0,n3024-1
0.0,0.0,0.0,n3017-1
0.0,0.0,0.0,n3025-1
0.0,0.0,0.0,n3018-1
0.0,0.0,0.0,n3026-1
0.0,0.0,0.0,n3027-1
0.0,0.0,0.0,n3019-1
0.0,0.0,0.0,n3028-1
0.0,0.0,0.0,n3020-1
0.0,0.0,0.0,n3035-1
0.0,0.0,0.0,n3029-1
0.0,0.0,0.0,n3036-1
0.0,0.0,0.0,n3030-1
0.0,0.0,0.0,n3037-1
0.0,0.0,0.0,n3038-1
0.0,0.0,0.0,n3031-1
0.0,0.0,0.0,n3039-1
0.0,0.0,0.0,n3032-1
0.0,0.0,0.0,n3040-1
0.0,0.0,0.0,n3033-1
0.0,0.0,0.0,n3041-1
0.0,0.0,0.0,n3034-1
0.0,0.0,0.0,n3048-1
0.0,0.0,0.0,n3049-1
0.0,0.0,0.0,n3042-1
0.0,0.0,0.0,n3050-1
0.0,0.0,0.0,n3043-1
0.0,0.0,0.0,n3051-1
0.0,0.0,0.0,n3044-1
0.0,0.0,0.0,n3052-1
0.0,0.0,0.0,n3045-1
0.0,0.0,0.0,n3053-1
0.0,0.0,0.0,n3054-1
0.0,0.0,0.0,n3046-1
0.0,0.0,0.0,n3055-1
0.0,0.0,0.0,n3047-1
0.0,0.0,0.0,n3060-1
0.0,0.0,0.0,n3056-1
0.0,0.0,0.0,n3057-1
0.0,0.0,0.0,n3061-1
0.0,0.0,0.0,n3062-1
0.0,0.0,0.0,n3063-1
0.0,0.0,0.0,n3058-1
0.0,0.0,0.0,n3059-1
0.0,0.0,0.0,n3064-1
0.0,0.0,0.0,n3065-1
0.0,0.0,0.0,n3066-1
0.0,0.0,0.0,n3073-1
0.0,0.0,0.0,n3074-1
0.0,0.0,0.0,n3075-1
0.0,0.0,0.0,n3076-1
0.0,0.0,0.0,n3069-1
0.0,0.0,0.0,n3070-1
0.0,0.0,0.0,n3077-1
0.0,0.0,0.0,n3078-1
0.0,0.0,0.0,n3079-1
0.0,0.0,0.0,n3071-1
0.0,0.0,0.0,n3072-1
0.0,0.0,0.0,n3080-1
0.0,0.0,0.0,n3087-1
0.0,0.0,0.0,n3081-1
0.0,0.0,0.0,n3082-1
0.0,0.0,0.0,n3088-1
0.0,0.0,0.0,n3089-1
0.0,0.0,0.0,n3083-1
0.0,0.0,0.0,n3084-1
0.0,0.0,0.0,n3090-1
0.0,0.0,0.0,n3091-1
0.0,0.0,0.0,n3085-1
0.0,0.0,0.0,n3086-1
0.0,0.0,0.0,n3092-1
0.0,0.0,0.0,n3099-1
0.0,0.0,0.0,n3093-1
0.0,0.0,0.0,n3094-1
0.0,0.0,0.0,n3100-1
0.0,0.0,0.0,n3101-1
0.0,0.0,0.0,n3095-1
0.0,0.0,0.0,n3096-1
0.0,0.0,0.0,n3102-1
0.0,0.0,0.0,n3103-1
0.0,0.0,0.0,n3097-1
0.0,0.0,0.0,n3098-1
0.0,0.0,0.0,n3104-1
0.0,0.0,0.0,n3111-1
0.0,0.0,0.0,n3105-1
0.0,0.0,0.0,n3106-1
0.0,0.0,0.0,n3112-1
0.0,0.0,0.0,n3113-1
0.0,0.0,0.0,n3107-1
0.0,0.0,0.0,n3108-1
0.0,0.0,0.0,n3114-1
0.0,0.0,0.0,n3115-1
0.0,0.0,0.0,n3109-1
0.0,0.0,0.0,n3110-1
0.0,0.0,0.0,n3116-1
0.0,0.0,0.0,n3123-1
0.0,0.0,0.0,n3117-1
0.0,0.0,0.0,n3118-1
0.0,0.0,0.0,n3124-1
0.0,0.0,0.0,n3125-1
0.0,0.0,0.0,n3119-1
0.0,0.0,0.0,n3120-1
0.0,0.0,0.0,n3126-1
0.0,0.0,0.0,n3127-1
0.0,0.0,0.0,n3121-1
0.0,0.0,0.0,n3122-1
0.0,0.0,0.0,n3128-1
0.0,0.0,0.0,n3135-1
0.0,0.0,0.0,n3129-1
0.0,0.0,0.0,n3130-1
0.0,0.0,0.0,n3136-1
0.0,0.0,0.0,n3137-1
0.0,0.0,0.0,n3131-1
0.0,0.0,0.0,n3132-1
0.0,0.0,0.0,n3138-1
0.0,0.0,0.0,n3139-1
0.0,0.0,0.0,n3133-1
0.0,0.0,0.0,n3134-1
0.0,0.0,0.0,n3140-1
0.0,0.0,0.0,n3147-1
0.0,0.0,0.0,n3141-1
0.0,0.0,0.0,n3142-1
0.0,0.0,0.0,n3148-1
0.0,0.0,0.0,n3149-1
0.0,0.0,0.0,n3143-1
0.0,0.0,0.0,n3144-1
0.0,0.0,0.0,n3150-1
0.0,0.0,0.0,n3151-1
0.0,0.0,0.0,n3145-1
0.0,0.0,0.0,n3146-1
0.0,0.0,0.0,n3152-1
0.0,0.0,0.0,n3159-1
0.0,0.0,0.0,n3153-1
0.0,0.0,0.0,n3154-1
0.0,0.0,0.0,n3160-1
0.0,0.0,0.0,n3161-1
0.0,0.0,0.0,n3155-1
0.0,0.0,0.0,n3156-1
0.0,0.0,0.0,n3162-1
0.0,0.0,0.0,n3163-1
0.0,0.0,0.0,n3157-1
0.0,0.0,0.0,n3158-1
0.0,0.0,0.0,n3164-1
0.0,0.0,0.0,n3171-1
0.0,0.0,0.0,n3165-1
0.0,0.0,0.0,n3166-1
0.0,0.0,0.0,n3172-1
0.0,0.0,0.0,n3173-1
0.0,0.0,0.0,n3174-1
0.0,0.0,0.0,n3167-1
0.0,0.0,0.0,n3168-1
0.0,0.0,0.0,n3175-1
0.0,0.0,0.0,n3176-1
0.0,0.0,0.0,n3177-1
0.0,0.0,0.0,n3169-1
0.0,0.0,0.0,n3170-1
0.0,0.0,0.0,n3178-1
0.0,0.0,0.0,n3179-1
0.0,0.0,0.0,n3186-1
0.0,0.0,0.0,n3180-1
0.0,0.0,0.0,n3181-1
0.0,0.0,0.0,n3187-1
0.0,0.0,0.0,n3188-1
0.0,0.0,0.0,n3189-1
0.0,0.0,0.0,n3182-1
0.0,0.0,0.0,n3183-1
0.0,0.0,0.0,n3190-1
0.0,0.0,0.0,n3191-1
0.0,0.0,0.0,n3192-1
0.0,0.0,0.0,n3184-1
0.0,0.0,0.0,n3185-1
0.0,0.0,0.0,n3193-1
0.0,0.0,0.0,n3194-1
0.0,0.0,0.0,n3201-1
0.0,0.0,0.0,n3195-1
0.0,0.0,0.0,n3196-1
0.0,0.0,0.0,n3202-1
0.0,0.0,0.0,n3203-1
0.0,0.0,0.0,n3204-1
0.0,0.0,0.0,n3197-1
0.0,0.0,0.0,n3198-1
0.0,0.0,0.0,n3205-1
0.0,0.0,0.0,n3206-1
0.0,0.0,0.0,n3207-1
0.0,0.0,0.0,n3199-1
0.0,0.0,0.0,n3200-1
0.0,0.0,0.0,n3208-1
0.0,0.0,0.0,n3209-1
0.0,0.0,0.0,n3215-1
0.0,0.0,0.0,n3210-1
0.0,0.0,0.0,n3211-1
0.0,0.0,0.0,n3216-1
0.0,0.0,0.0,n3217-1
0.0,0.0,0.0,n3218-1
0.0,0.0,0.0,n3219-1
0.0,0.0,0.0,n3213-1
0.0,0.0,0.0,n3220-1
0.0,0.0,0.0,n3214-1
0.0,0.0,0.0,n3225-1
0.0,0.0,0.0,n3221-1
0.0,0.0,0.0,n3226-1
0.0,0.0,0.0,n3227-1
0.0,0.0,0.0,n3228-1
0.0,0.0,0.0,n3229-1
0.0,0.0,0.0,n3223-1
0.0,0.0,0.0,n3230-1
0.0,0.0,0.0,n3224-1
0.0,0.0,0.0,n3235-1
0.0,0.0,0.0,n3231-1
0.0,0.0,0.0,n3236-1
0.0,0.0,0.0,n3237-1
0.0,0.0,0.0,n3238-1
0.0,0.0,0.0,n3239-1
0.0,0.0,0.0,n3233-1
0.0,0.0,0.0,n3240-1
0.0,0.0,0.0,n3234-1
0.0,0.0,0.0,n3245-1
0.0,0.0,0.0,n3241-1
0.0,0.0,0.0,n3246-1
0.0,0.0,0.0,n3247-1
0.0,0.0,0.0,n3248-1
0.0,0.0,0.0,n3249-1
0.0,0.0,0.0,n3243-1
0.0,0.0,0.0,n3250-1
0.0,0.0,0.0,n3244-1
0.0,0.0,0.0,n3254-1
0.0,0.0,0.0,n3253-1
0.0,0.0,0.0,n3255-1
0.0,0.0,0.0,n3256-1
0.0,0.0,0.0,n3252-1
0.0,0.0,0.0,n3257-1
0.0,0.0,0.0,n3258-1
0.0,0.0,0.0,n3259-1
0.0,0.0,0.0,n3266-1
0.0,0.0,0.0,n3267-1
0.0,0.0,0.0,n3268-1
0.0,0.0,0.0,n3264-1
0.0,0.0,0.0,n3261-1
0.0,0.0,0.0,n3269-1
0.0,0.0,0.0,n3270-1
0.0,0.0,0.0,n3265-1
0.0,0.0,0.0,n3262-1
0.0,0.0,0.0,n3271-1
0.0,0.0,0.0,n3278-1
0.0,0.0,0.0,n3272-1
0.0,0.0,0.0,n3273-1
0.0,0.0,0.0,n3279-1
0.0,0.0,0.0,n3280-1
0.0,0.0,0.0,n3281-1
0.0,0.0,0.0,n3275-1
0.0,0.0,0.0,n3282-1
0.0,0.0,0.0,n3276-1
0.0,0.0,0.0,n3283-1
0.0,0.0,0.0,n3277-1
0.0,0.0,0.0,n3289-1
0.0,0.0,0.0,n3284-1
0.0,0.0,0.0,n3290-1
0.0,0.0,0.0,n3291-1
0.0,0.0,0.0,n3292-1
0.0,0.0,0.0,n3286-1
0.0,0.0,0.0,n3293-1
0.0,0.0,0.0,n3287-1
0.0,0.0,0.0,n3294-1
0.0,0.0,0.0,n3288-1
0.0,0.0,0.0,n3300-1
0.0,0.0,0.0,n3295-1
0.0,0.0,0.0,n3301-1
0.0,0.0,0.0,n3302-1
0.0,0.0,0.0,n3303-1
0.0,0.0,0.0,n3297-1
0.0,0.0,0.0,n3304-1
0.0,0.0,0.0,n3298-1
0.0,0.0,0.0,n3305-1
0.0,0.0,0.0,n3299-1
0.0,0.0,0.0,n3311-1
0.0,0.0,0.0,n3306-1
0.0,0.0,0.0,n3312-1
0.0,0.0,0.0,n3313-1
0.0,0.0,0.0,n3314-1
0.0,0.0,0.0,n3308-1
0.0,0.0,0.0,n3315-1
0.0,0.0,0.0,n3309-1
0.0,0.0,0.0,n3316-1
0.0,0.0,0.0,n3310-1
0.0,0.0,0.0,n3320-1
0.0,0.0,0.0,n3319-1
0.0,0.0,0.0,n3321-1
0.0,0.0,0.0,n3322-1
0.0,0.0,0.0,n3318-1
0.0,0.0,0.0,n3323-1
0.0,0.0,0.0,n3324-1
0.0,0.0,0.0,n3325-1
0.0,0.0,0.0,n3332-1
0.0,0.0,0.0,n3333-1
0.0,0.0,0.0,n3334-1
0.0,0.0,0.0,n3330-1
0.0,0.0,0.0,n3327-1
0.0,0.0,0.0,n3335-1
0.0,0.0,0.0,n3336-1
0.0,0.0,0.0,n3331-1
0.0,0.0,0.0,n3328-1
0.0,0.0,0.0,n3337-1
0.0,0.0,0.0,n3342-1
0.0,0.0,0.0,n3338-1
0.0,0.0,0.0,n3339-1
0.0,0.0,0.0,n3343-1
0.0,0.0,0.0,n3344-1
0.0,0.0,0.0,n3340-1
0.0,0.0,0.0,n3345-1
0.0,0.0,0.0,n3346-1
0.0,0.0,0.0,n3341-1
0.0,0.0,0.0,n3347-1
0.0,0.0,0.0,n3353-1
0.0,0.0,0.0,n3348-1
0.0,0.0,0.0,n3354-1
0.0,0.0,0.0,n3355-1
0.0,0.0,0.0,n3349-1
0.0,0.0,0.0,n3351-1
0.0,0.0,0.0,n3356-1
0.0,0.0,0.0,n3357-1
0.0,0.0,0.0,n3350-1
0.0,0.0,0.0,n3352-1
0.0,0.0,0.0,n3358-1
0.0,0.0,0.0,n3365-1
0.0,0.0,0.0,n3359-1
0.0,0.0,0.0,n3360-1
0.0,0.0,0.0,n3366-1
0.0,0.0,0.0,n3367-1
0.0,0.0,0.0,n3361-1
0.0,0.0,0.0,n3362-1
0.0,0.0,0.0,n3368-1
0.0,0.0,0.0,n3369-1
0.0,0.0,0.0,n3363-1
0.0,0.0,0.0,n3364-1
0.0,0.0,0.0,n3370-1
0.0,0.0,0.0,n3377-1
0.0,0.0,0.0,n3371-1
0.0,0.0,0.0,n3372-1
0.0,0.0,0.0,n3378-1
0.0,0.0,0.0,n3379-1
0.0,0.0,0.0,n3373-1
0.0,0.0,0.0,n3374-1
0.0,0.0,0.0,n3380-1
0.0,0.0,0.0,n3381-1
0.0,0.0,0.0,n3375-1
0.0,0.0,0.0,n3376-1
0.0,0.0,0.0,n3382-1
0.0,0.0,0.0,n3389-1
0.0,0.0,0.0,n3383-1
0.0,0.0,0.0,n3390-1
0.0,0.0,0.0,n3384-1
0.0,0.0,0.0,n3391-1
0.0,0.0,0.0,n3385-1
0.0,0.0,0.0,n3392-1
0.0,0.0,0.0,n3386-1
0.0,0.0,0.0,n3393-1
0.0,0.0,0.0,n3387-1
0.0,0.0,0.0,n3394-1
0.0,0.0,0.0,n3388-1
0.0,0.0,0.0,n3401-1
0.0,0.0,0.0,n3395-1
0.0,0.0,0.0,n3402-1
0.0,0.0,0.0,n3396-1
0.0,0.0,0.0,n3403-1
0.0,0.0,0.0,n3397-1
0.0,0.0,0.0,n3404-1
0.0,0.0,0.0,n3398-1
0.0,0.0,0.0,n3405-1
0.0,0.0,0.0,n3399-1
0.0,0.0,0.0,n3406-1
0.0,0.0,0.0,n3400-1
0.0,0.0,0.0,n3413-1
0.0,0.0,0.0,n3407-1
0.0,0.0,0.0,n3414-1
0.0,0.0,0.0,n3408-1
0.0,0.0,0.0,n3415-1
0.0,0.0,0.0,n3409-1
0.0,0.0,0.0,n3416-1
0.0,0.0,0.0,n3410-1
0.0,0.0,0.0,n3417-1
0.0,0.0,0.0,n3411-1
0.0,0.0,0.0,n3418-1
0.0,0.0,0.0,n3412-1
0.0,0.0,0.0,n3425-1
0.0,0.0,0.0,n3419-1
0.0,0.0,0.0,n3426-1
0.0,0.0,0.0,n3420-1
0.0,0.0,0.0,n3427-1
0.0,0.0,0.0,n3421-1
0.0,0.0,0.0,n3428-1
0.0,0.0,0.0,n3422-1
0.0,0.0,0.0,n3429-1
0.0,0.0,0.0,n3423-1
0.0,0.0,0.0,n3430-1
0.0,0.0,0.0,n3424-1
0.0,0.0,0.0,n3437-1
0.0,0.0,0.0,n3431-1
0.0,0.0,0.0,n3438-1
0.0,0.0,0.0,n3432-1
0.0,0.0,0.0,n3439-1
0.0,0.0,0.0,n3433-1
0.0,0.0,0.0,n3440-1
0.0,0.0,0.0,n3434-1
0.0,0.0,0.0,n3441-1
0.0,0.0,0.0,n3435-1
0.0,0.0,0.0,n3442-1
0.0,0.0,0.0,n3436-1
0.0,0.0,0.0,n3449-1
0.0,0.0,0.0,n3443-1
0.0,0.0,0.0,n3450-1
0.0,0.0,0.0,n3444-1
0.0,0.0,0.0,n3451-1
0.0,0.0,0.0,n3445-1
0.0,0.0,0.0,n3452-1
0.0,0.0,0.0,n3446-1
0.0,0.0,0.0,n3453-1
0.0,0.0,0.0,n3447-1
0.0,0.0,0.0,n3454-1
0.0,0.0,0.0,n3448-1
0.0,0.0,0.0,n3461-1
0.0,0.0,0.0,n3455-1
0.0,0.0,0.0,n3462-1
0.0,0.0,0.0,n3456-1
0.0,0.0,0.0,n3463-1
0.0,0.0,0.0,n3457-1
0.0,0.0,0.0,n3464-1
0.0,0.0,0.0,n3458-1
0.0,0.0,0.0,n3465-1
0.0,0.0,0.0,n3459-1
0.0,0.0,0.0,n3466-1
0.0,0.0,0.0,n3460-1
0.0,0.0,0.0,n3473-1
0.0,0.0,0.0,n3467-1
0.0,0.0,0.0,n3474-1
0.0,0.0,0.0,n3468-1
0.0,0.0,0.0,n3475-1
0.0,0.0,0.0,n3469-1
0.0,0.0,0.0,n3476-1
0.0,0.0,0.0,n3470-1
0.0,0.0,0.0,n3477-1
0.0,0.0,0.0,n3471-1
0.0,0.0,0.0,n3478-1
0.0,0.0,0.0,n3472-1
0.0,0.0,0.0,n3485-1
0.0,0.0,0.0,n3486-1
0.0,0.0,0.0,n3487-1
0.0,0.0,0.0,n3479-1
0.0,0.0,0.0,n3480-1
0.0,0.0,0.0,n3481-1
0.0,0.0,0.0,n3482-1
0.0,0.0,0.0,n3483-1
0.0,0.0,0.0,n3484-1
0.0,0.0,0.0,n3489-1
0.0,0.0,0.0,n3490-1
0.0,0.0,0.0,n3491-1
0.0,0.0,0.0,n3492-1
0.0,0.0,0.0,n3493-1
0.0,0.0,0.0,n3494-1
0.0,0.0,0.0,n3497-1
0.0,0.0,0.0,n3498-1
0.0,0.0,0.0,n3499-1
0.0,0.0,0.0,n3500-1
0.0,0.0,0.0,n3501-1
0.0,0.0,0.0,n3502-1
0.0,0.0,0.0,n3504-1
0.0,0.0,0.0,n3505-1
0.0,0.0,0.0,n3506-1
0.0,0.0,0.0,n3507-1
0.0,0.0,0.0,n3508-1
0.0,0.0,0.0,n3509-1
0.0,0.0,0.0,n3516-1
0.0,0.0,0.0,n3521-1
0.0,0.0,0.0,n3511-1
0.0,0.0,0.0,n3517-1
0.0,0.0,0.0,n3518-1
0.0,0.0,0.0,n3513-1
0.0,0.0,0.0,n3514-1
0.0,0.0,0.0,n3515-1
0.0,0.0,0.0,n3527-1
0.0,0.0,0.0,n3532-1
0.0,0.0,0.0,n3522-1
0.0,0.0,0.0,n3528-1
0.0,0.0,0.0,n3529-1
0.0,0.0,0.0,n3524-1
0.0,0.0,0.0,n3525-1
0.0,0.0,0.0,n3526-1
0.0,0.0,0.0,n3538-1
0.0,0.0,0.0,n3543-1
0.0,0.0,0.0,n3533-1
0.0,0.0,0.0,n3539-1
0.0,0.0,0.0,n3540-1
0.0,0.0,0.0,n3535-1
0.0,0.0,0.0,n3536-1
0.0,0.0,0.0,n3537-1
0.0,0.0,0.0,n3549-1
0.0,0.0,0.0,n3554-1
0.0,0.0,0.0,n3544-1
0.0,0.0,0.0,n3550-1
0.0,0.0,0.0,n3551-1
0.0,0.0,0.0,n3546-1
0.0,0.0,0.0,n3547-1
0.0,0.0,0.0,n3548-1
0.0,0.0,0.0,n3560-1
0.0,0.0,0.0,n3564-1
0.0,0.0,0.0,n3555-1
0.0,0.0,0.0,n3561-1
0.0,0.0,0.0,n3563-1
0.0,0.0,0.0,n3557-1
0.0,0.0,0.0,n3558-1
0.0,0.0,0.0,n3559-1
0.0,0.0,0.0,n3574-1
0.0,0.0,0.0,n3570-1
0.0,0.0,0.0,n3571-1
0.0,0.0,0.0,n3573-1
0.0,0.0,0.0,n3567-1
0.0,0.0,0.0,n3568-1
0.0,0.0,0.0,n3569-1
0.0,0.0,0.0,n3580-1
0.0,0.0,0.0,n3584-1
0.0,0.0,0.0,n3581-1
0.0,0.0,0.0,n3583-1
0.0,0.0,0.0,n3577-1
0.0,0.0,0.0,n3578-1
0.0,0.0,0.0,n3579-1
0.0,0.0,0.0,n3590-1
0.0,0.0,0.0,n3594-1
0.0,0.0,0.0,n3591-1
0.0,0.0,0.0,n3593-1
0.0,0.0,0.0,n3587-1
0.0,0.0,0.0,n3588-1
0.0,0.0,0.0,n3589-1
0.0,0.0,0.0,n3605-1
0.0,0.0,0.0,n3600-1
0.0,0.0,0.0,n3601-1
0.0,0.0,0.0,n3602-1
0.0,0.0,0.0,n3597-1
0.0,0.0,0.0,n3598-1
0.0,0.0,0.0,n3599-1
0.0,0.0,0.0,n3616-1
0.0,0.0,0.0,n3611-1
0.0,0.0,0.0,n3606-1
0.0,0.0,0.0,n3612-1
0.0,0.0,0.0,n3613-1
0.0,0.0,0.0,n3608-1
0.0,0.0,0.0,n3609-1
0.0,0.0,0.0,n3610-1
0.0,0.0,0.0,n3627-1
0.0,0.0,0.0,n3622-1
0.0,0.0,0.0,n3617-1
0.0,0.0,0.0,n3623-1
0.0,0.0,0.0,n3624-1
0.0,0.0,0.0,n3619-1
0.0,0.0,0.0,n3620-1
0.0,0.0,0.0,n3621-1
0.0,0.0,0.0,n3638-1
0.0,0.0,0.0,n3633-1
0.0,0.0,0.0,n3628-1
0.0,0.0,0.0,n3634-1
0.0,0.0,0.0,n3635-1
0.0,0.0,0.0,n3630-1
0.0,0.0,0.0,n3631-1
0.0,0.0,0.0,n3632-1
0.0,0.0,0.0,n3644-1
0.0,0.0,0.0,n3648-1
0.0,0.0,0.0,n3639-1
0.0,0.0,0.0,n3645-1
0.0,0.0,0.0,n3647-1
0.0,0.0,0.0,n3641-1
0.0,0.0,0.0,n3642-1
0.0,0.0,0.0,n3643-1
0.0,0.0,0.0,n3654-1
0.0,0.0,0.0,n3658-1
0.0,0.0,0.0,n3655-1
0.0,0.0,0.0,n3657-1
0.0,0.0,0.0,n3651-1
0.0,0.0,0.0,n3652-1
0.0,0.0,0.0,n3653-1
0.0,0.0,0.0,n3664-1
0.0,0.0,0.0,n3668-1
0.0,0.0,0.0,n3665-1
0.0,0.0,0.0,n3667-1
0.0,0.0,0.0,n3661-1
0.0,0.0,0.0,n3662-1
0.0,0.0,0.0,n3663-1
0.0,0.0,0.0,n3678-1
0.0,0.0,0.0,n3674-1
0.0,0.0,0.0,n3675-1
0.0,0.0,0.0,n3677-1
0.0,0.0,0.0,n3671-1
0.0,0.0,0.0,n3672-1
0.0,0.0,0.0,n3673-1
0.0,0.0,0.0,n3688-1
0.0,0.0,0.0,n3684-1
0.0,0.0,0.0,n3685-1
0.0,0.0,0.0,n3687-1
0.0,0.0,0.0,n3681-1
0.0,0.0,0.0,n3682-1
0.0,0.0,0.0,n3683-1
0.0,0.0,0.0,n3694-1
0.0,0.0,0.0,n3698-1
0.0,0.0,0.0,n3695-1
0.0,0.0,0.0,n3697-1
0.0,0.0,0.0,n3691-1
0.0,0.0,0.0,n3692-1
0.0,0.0,0.0,n3693-1
0.0,0.0,0.0,n3704-1
0.0,0.0,0.0,n3708-1
0.0,0.0,0.0,n3705-1
0.0,0.0,0.0,n3707-1
0.0,0.0,0.0,n3701-1
0.0,0.0,0.0,n3702-1
0.0,0.0,0.0,n3703-1
0.0,0.0,0.0,n3714-1
0.0,0.0,0.0,n3718-1
0.0,0.0,0.0,n3715-1
0.0,0.0,0.0,n3717-1
0.0,0.0,0.0,n3711-1
0.0,0.0,0.0,n3712-1
0.0,0.0,0.0,n3713-1
0.0,0.0,0.0,n3724-1
0.0,0.0,0.0,n3728-1
0.0,0.0,0.0,n3725-1
0.0,0.0,0.0,n3727-1
0.0,0.0,0.0,n3721-1
0.0,0.0,0.0,n3722-1
0.0,0.0,0.0,n3723-1
0.0,0.0,0.0,n3734-1
0.0,0.0,0.0,n3738-1
0.0,0.0,0.0,n3735-1
0.0,0.0,0.0,n3737-1
0.0,0.0,0.0,n3731-1
0.0,0.0,0.0,n3732-1
0.0,0.0,0.0,n3733-1
0.0,0.0,0.0,n3744-1
0.0,0.0,0.0,n3748-1
0.0,0.0,0.0,n3745-1
0.0,0.0,0.0,n3747-1
0.0,0.0,0.0,n3741-1
0.0,0.0,0.0,n3742-1
0.0,0.0,0.0,n3743-1
0.0,0.0,0.0,n3758-1
0.0,0.0,0.0,n3754-1
0.0,0.0,0.0,n3755-1
0.0,0.0,0.0,n3757-1
0.0,0.0,0.0,n3751-1
0.0,0.0,0.0,n3752-1
0.0,0.0,0.0,n3753-1
0.0,0.0,0.0,n3768-1
0.0,0.0,0.0,n3764-1
0.0,0.0,0.0,n3765-1
0.0,0.0,0.0,n3767-1
0.0,0.0,0.0,n3761-1
0.0,0.0,0.0,n3762-1
0.0,0.0,0.0,n3763-1
0.0,0.0,0.0,n3778-1
0.0,0.0,0.0,n3774-1
0.0,0.0,0.0,n3775-1
0.0,0.0,0.0,n3777-1
0.0,0.0,0.0,n3771-1
0.0,0.0,0.0,n3772-1
0.0,0.0,0.0,n3773-1
0.0,0.0,0.0,n3788-1
0.0,0.0,0.0,n3784-1
0.0,0.0,0.0,n3785-1
0.0,0.0,0.0,n3787-1
0.0,0.0,0.0,n3781-1
0.0,0.0,0.0,n3782-1
0.0,0.0,0.0,n3783-1
0.0,0.0,0.0,n3795-1
0.0,0.0,0.0,n3800-1
0.0,0.0,0.0,n3796-1
0.0,0.0,0.0,n3797-1
0.0,0.0,0.0,n3791-1
0.0,0.0,0.0,n3792-1
0.0,0.0,0.0,n3794-1
0.0,0.0,0.0,n3793-1
0.0,0.0,0.0,n3813-1
0.0,0.0,0.0,n3808-1
0.0,0.0,0.0,n3801-1
0.0,0.0,0.0,n3814-1
0.0,0.0,0.0,n3809-1
0.0,0.0,0.0,n3810-1
0.0,0.0,0.0,n3811-1
0.0,0.0,0.0,n3803-1
0.0,0.0,0.0,n3804-1
0.0,0.0,0.0,n3807-1
0.0,0.0,0.0,n3805-1
0.0,0.0,0.0,n3828-1
0.0,0.0,0.0,n3823-1
0.0,0.0,0.0,n3816-1
0.0,0.0,0.0,n3829-1
0.0,0.0,0.0,n3824-1
0.0,0.0,0.0,n3825-1
0.0,0.0,0.0,n3826-1
0.0,0.0,0.0,n3818-1
0.0,0.0,0.0,n3819-1
0.0,0.0,0.0,n3822-1
0.0,0.0,0.0,n3820-1
0.0,0.0,0.0,n3843-1
0.0,0.0,0.0,n3838-1
0.0,0.0,0.0,n3831-1
0.0,0.0,0.0,n3839-1
0.0,0.0,0.0,n3844-1
0.0,0.0,0.0,n3840-1
0.0,0.0,0.0,n3841-1
0.0,0.0,0.0,n3833-1
0.0,0.0,0.0,n3834-1
0.0,0.0,0.0,n3837-1
0.0,0.0,0.0,n3835-1
0.0,0.0,0.0,n3853-1
0.0,0.0,0.0,n3858-1
0.0,0.0,0.0,n3846-1
0.0,0.0,0.0,n3854-1
0.0,0.0,0.0,n3859-1
0.0,0.0,0.0,n3855-1
0.0,0.0,0.0,n3856-1
0.0,0.0,0.0,n3848-1
0.0,0.0,0.0,n3849-1
0.0,0.0,0.0,n3852-1
0.0,0.0,0.0,n3850-1
0.0,0.0,0.0,n3873-1
0.0,0.0,0.0,n3868-1
0.0,0.0,0.0,n3861-1
0.0,0.0,0.0,n3869-1
0.0,0.0,0.0,n3874-1
0.0,0.0,0.0,n3870-1
0.0,0.0,0.0,n3871-1
0.0,0.0,0.0,n3863-1
0.0,0.0,0.0,n3864-1
0.0,0.0,0.0,n3867-1
0.0,0.0,0.0,n3865-1
0.0,0.0,0.0,n3883-1
0.0,0.0,0.0,n3888-1
0.0,0.0,0.0,n3876-1
0.0,0.0,0.0,n3884-1
0.0,0.0,0.0,n3889-1
0.0,0.0,0.0,n3885-1
0.0,0.0,0.0,n3886-1
0.0,0.0,0.0,n3878-1
0.0,0.0,0.0,n3879-1
0.0,0.0,0.0,n3882-1
0.0,0.0,0.0,n3880-1
0.0,0.0,0.0,n3903-1
0.0,0.0,0.0,n3898-1
0.0,0.0,0.0,n3891-1
0.0,0.0,0.0,n3904-1
0.0,0.0,0.0,n3899-1
0.0,0.0,0.0,n3900-1
0.0,0.0,0.0,n3901-1
0.0,0.0,0.0,n3893-1
0.0,0.0,0.0,n3894-1
0.0,0.0,0.0,n3897-1
0.0,0.0,0.0,n3895-1
0.0,0.0,0.0,n3912-1
0.0,0.0,0.0,n3917-1
0.0,0.0,0.0,n3906-1
0.0,0.0,0.0,n3918-1
0.0,0.0,0.0,n3913-1
0.0,0.0,0.0,n3914-1
0.0,0.0,0.0,n3915-1
0.0,0.0,0.0,n3908-1
0.0,0.0,0.0,n3909-1
0.0,0.0,0.0,n3910-1
0.0,0.0,0.0,n3929-1
0.0,0.0,0.0,n3925-1
0.0,0.0,0.0,n3920-1
0.0,0.0,0.0,n3926-1
0.0,0.0,0.0,n3928-1
0.0,0.0,0.0,n3922-1
0.0,0.0,0.0,n3923-1
0.0,0.0,0.0,n3924-1
0.0,0.0,0.0,n3939-1
0.0,0.0,0.0,n3935-1
0.0,0.0,0.0,n3930-1
0.0,0.0,0.0,n3936-1
0.0,0.0,0.0,n3938-1
0.0,0.0,0.0,n3932-1
0.0,0.0,0.0,n3933-1
0.0,0.0,0.0,n3934-1
0.0,0.0,0.0,n3945-1
0.0,0.0,0.0,n3949-1
0.0,0.0,0.0,n3940-1
0.0,0.0,0.0,n3946-1
0.0,0.0,0.0,n3948-1
0.0,0.0,0.0,n3942-1
0.0,0.0,0.0,n3943-1
0.0,0.0,0.0,n3944-1
0.0,0.0,0.0,n3955-1
0.0,0.0,0.0,n3959-1
0.0,0.0,0.0,n3950-1
0.0,0.0,0.0,n3956-1
0.0,0.0,0.0,n3958-1
0.0,0.0,0.0,n3952-1
0.0,0.0,0.0,n3953-1
0.0,0.0,0.0,n3954-1
0.0,0.0,0.0,n3969-1
0.0,0.0,0.0,n3965-1
0.0,0.0,0.0,n3960-1
0.0,0.0,0.0,n3966-1
0.0,0.0,0.0,n3968-1
0.0,0.0,0.0,n3962-1
0.0,0.0,0.0,n3963-1
0.0,0.0,0.0,n3964-1
0.0,0.0,0.0,n3975-1
0.0,0.0,0.0,n3980-1
0.0,0.0,0.0,n3970-1
0.0,0.0,0.0,n3983-1
0.0,0.0,0.0,n3981-1
0.0,0.0,0.0,n3976-1
0.0,0.0,0.0,n3985-1
0.0,0.0,0.0,n3977-1
0.0,0.0,0.0,n3978-1
0.0,0.0,0.0,n3972-1
0.0,0.0,0.0,n3973-1
0.0,0.0,0.0,n3974-1
0.0,0.0,0.0,n3991-1
0.0,0.0,0.0,n3987-1
0.0,0.0,0.0,n3992-1
0.0,0.0,0.0,n3993-1
0.0,0.0,0.0,n3994-1
0.0,0.0,0.0,n3995-1
0.0,0.0,0.0,n3989-1
0.0,0.0,0.0,n3990-1
0.0,0.0,0.0,n3996-1
0.0,0.0,0.0,n3997-1
0.0,0.0,0.0,n3998-1
0.0,0.0,0.0,n3999-1
0.0,0.0,0.0,n4000-1
0.0,0.0,0.0,n4001-1
0.0,0.0,0.0,n4012-1
0.0,0.0,0.0,n4008-1
0.0,0.0,0.0,n4003-1
0.0,0.0,0.0,n4009-1
0.0,0.0,0.0,n4011-1
0.0,0.0,0.0,n4005-1
0.0,0.0,0.0,n4006-1
0.0,0.0,0.0,n4007-1
0.0,0.0,0.0,n4022-1
0.0,0.0,0.0,n4018-1
0.0,0.0,0.0,n4013-1
0.0,0.0,0.0,n4019-1
0.0,0.0,0.0,n4021-1
0.0,0.0,0.0,n4015-1
0.0,0.0,0.0,n4016-1
0.0,0.0,0.0,n4017-1
0.0,0.0,0.0,n4028-1
0.0,0.0,0.0,n4032-1
0.0,0.0,0.0,n4023-1
0.0,0.0,0.0,n4029-1
0.0,0.0,0.0,n4031-1
0.0,0.0,0.0,n4025-1
0.0,0.0,0.0,n4026-1
0.0,0.0,0.0,n4027-1
0.0,0.0,0.0,n4038-1
0.0,0.0,0.0,n4042-1
0.0,0.0,0.0,n4033-1
0.0,0.0,0.0,n4039-1
0.0,0.0,0.0,n4041-1
0.0,0.0,0.0,n4035-1
0.0,0.0,0.0,n4036-1
0.0,0.0,0.0,n4037-1
0.0,0.0,0.0,n4048-1
0.0,0.0,0.0,n4052-1
0.0,0.0,0.0,n4043-1
0.0,0.0,0.0,n4049-1
0.0,0.0,0.0,n4051-1
0.0,0.0,0.0,n4045-1
0.0,0.0,0.0,n4046-1
0.0,0.0,0.0,n4047-1
0.0,0.0,0.0,n4058-1
0.0,0.0,0.0,n4063-1
0.0,0.0,0.0,n4053-1
0.0,0.0,0.0,n4066-1
0.0,0.0,0.0,n4064-1
0.0,0.0,0.0,n4059-1
0.0,0.0,0.0,n4068-1
0.0,0.0,0.0,n4060-1
0.0,0.0,0.0,n4061-1
0.0,0.0,0.0,n4055-1
0.0,0.0,0.0,n4056-1
0.0,0.0,0.0,n4057-1
0.0,0.0,0.0,n4074-1
0.0,0.0,0.0,n4070-1
0.0,0.0,0.0,n4075-1
0.0,0.0,0.0,n4072-1
0.0,0.0,0.0,n4076-1
0.0,0.0,0.0,n4073-1
0.0,0.0,0.0,n4077-1
0.0,0.0,0.0,n4079-1
0.0,0.0,0.0,n4080-1
0.0,0.0,0.0,n4081-1
0.0,0.0,0.0,n4082-1
0.0,0.0,0.0,n4083-1
0.0,0.0,0.0,n4084-1
0.0,0.0,0.0,n4095-1
0.0,0.0,0.0,n4091-1
0.0,0.0,0.0,n4086-1
0.0,0.0,0.0,n4092-1
0.0,0.0,0.0,n4094-1
0.0,0.0,0.0,n4088-1
0.0,0.0,0.0,n4089-1
0.0,0.0,0.0,n4090-1
0.0,0.0,0.0,n4101-1
0.0,0.0,0.0,n4106-1
0.0,0.0,0.0,n4096-1
0.0,0.0,0.0,n4102-1
0.0,0.0,0.0,n4107-1
0.0,0.0,0.0,n4109-1
0.0,0.0,0.0,n4111-1
0.0,0.0,0.0,n4103-1
0.0,0.0,0.0,n4104-1
0.0,0.0,0.0,n4098-1
0.0,0.0,0.0,n4099-1
0.0,0.0,0.0,n4100-1
0.0,0.0,0.0,n4117-1
0.0,0.0,0.0,n4113-1
0.0,0.0,0.0,n4118-1
0.0,0.0,0.0,n4115-1
0.0,0.0,0.0,n4119-1
0.0,0.0,0.0,n4116-1
0.0,0.0,0.0,n4120-1
0.0,0.0,0.0,n4122-1
0.0,0.0,0.0,n4123-1
0.0,0.0,0.0,n4124-1
0.0,0.0,0.0,n4125-1
0.0,0.0,0.0,n4126-1
0.0,0.0,0.0,n4127-1
0.0,0.0,0.0,n4138-1
0.0,0.0,0.0,n4134-1
0.0,0.0,0.0,n4129-1
0.0,0.0,0.0,n4135-1
0.0,0.0,0.0,n4137-1
0.0,0.0,0.0,n4131-1
0.0,0.0,0.0,n4132-1
0.0,0.0,0.0,n4133-1
0.0,0.0,0.0,n4144-1
0.0,0.0,0.0,n4149-1
0.0,0.0,0.0,n4139-1
0.0,0.0,0.0,n4153-1
0.0,0.0,0.0,n4150-1
0.0,0.0,0.0,n4145-1
0.0,0.0,0.0,n4146-1
0.0,0.0,0.0,n4156-1
0.0,0.0,0.0,n4147-1
0.0,0.0,0.0,n4141-1
0.0,0.0,0.0,n4142-1
0.0,0.0,0.0,n4143-1
0.0,0.0,0.0,n4162-1
0.0,0.0,0.0,n4158-1
0.0,0.0,0.0,n4160-1
0.0,0.0,0.0,n4163-1
0.0,0.0,0.0,n4161-1
0.0,0.0,0.0,n4171-1
0.0,0.0,0.0,n4165-1
0.0,0.0,0.0,n4172-1
0.0,0.0,0.0,n4166-1
0.0,0.0,0.0,n4173-1
0.0,0.0,0.0,n4167-1
0.0,0.0,0.0,n4174-1
0.0,0.0,0.0,n4168-1
0.0,0.0,0.0,n4175-1
0.0,0.0,0.0,n4169-1
0.0,0.0,0.0,n4186-1
0.0,0.0,0.0,n4176-1
0.0,0.0,0.0,n4187-1
0.0,0.0,0.0,n4177-1
0.0,0.0,0.0,n4188-1
0.0,0.0,0.0,n4178-1
0.0,0.0,0.0,n4189-1
0.0,0.0,0.0,n4179-1
0.0,0.0,0.0,n4190-1
0.0,0.0,0.0,n4180-1
0.0,0.0,0.0,n4191-1
0.0,0.0,0.0,n4181-1
0.0,0.0,0.0,n4192-1
0.0,0.0,0.0,n4182-1
0.0,0.0,0.0,n4193-1
0.0,0.0,0.0,n4183-1
0.0,0.0,0.0,n4194-1
0.0,0.0,0.0,n4184-1
0.0,0.0,0.0,n4195-1
0.0,0.0,0.0,n4185-1
0.0,0.0,0.0,n4204-1
0.0,0.0,0.0,n4199-1
0.0,0.0,0.0,n4205-1
0.0,0.0,0.0,n4200-1
0.0,0.0,0.0,n4211-1
0.0,0.0,0.0,n4216-1
0.0,0.0,0.0,n4206-1
0.0,0.0,0.0,n4212-1
0.0,0.0,0.0,n4217-1
0.0,0.0,0.0,n4213-1
0.0,0.0,0.0,n4214-1
0.0,0.0,0.0,n4208-1
0.0,0.0,0.0,n4209-1
0.0,0.0,0.0,n4210-1
0.0,0.0,0.0,n4224-1
0.0,0.0,0.0,n4229-1
0.0,0.0,0.0,n4219-1
0.0,0.0,0.0,n4230-1
0.0,0.0,0.0,n4225-1
0.0,0.0,0.0,n4226-1
0.0,0.0,0.0,n4227-1
0.0,0.0,0.0,n4221-1
0.0,0.0,0.0,n4222-1
0.0,0.0,0.0,n4223-1
0.0,0.0,0.0,n4237-1
0.0,0.0,0.0,n4242-1
0.0,0.0,0.0,n4232-1
0.0,0.0,0.0,n4243-1
0.0,0.0,0.0,n4238-1
0.0,0.0,0.0,n4239-1
0.0,0.0,0.0,n4240-1
0.0,0.0,0.0,n4234-1
0.0,0.0,0.0,n4235-1
0.0,0.0,0.0,n4236-1
0.0,0.0,0.0,n4250-1
0.0,0.0,0.0,n4255-1
0.0,0.0,0.0,n4245-1
0.0,0.0,0.0,n4251-1
0.0,0.0,0.0,n4256-1
0.0,0.0,0.0,n4252-1
0.0,0.0,0.0,n4253-1
0.0,0.0,0.0,n4247-1
0.0,0.0,0.0,n4248-1
0.0,0.0,0.0,n4249-1
0.0,0.0,0.0,n4263-1
0.0,0.0,0.0,n4268-1
0.0,0.0,0.0,n4258-1
0.0,0.0,0.0,n4264-1
0.0,0.0,0.0,n4269-1
0.0,0.0,0.0,n4265-1
0.0,0.0,0.0,n4266-1
0.0,0.0,0.0,n4260-1
0.0,0.0,0.0,n4261-1
0.0,0.0,0.0,n4262-1
0.0,0.0,0.0,n4276-1
0.0,0.0,0.0,n4281-1
0.0,0.0,0.0,n4271-1
0.0,0.0,0.0,n4277-1
0.0,0.0,0.0,n4282-1
0.0,0.0,0.0,n4278-1
0.0,0.0,0.0,n4279-1
0.0,0.0,0.0,n4273-1
0.0,0.0,0.0,n4274-1
0.0,0.0,0.0,n4275-1
0.0,0.0,0.0,n4289-1
0.0,0.0,0.0,n4294-1
0.0,0.0,0.0,n4284-1
0.0,0.0,0.0,n4295-1
0.0,0.0,0.0,n4290-1
0.0,0.0,0.0,n4291-1
0.0,0.0,0.0,n4292-1
0.0,0.0,0.0,n4286-1
0.0,0.0,0.0,n4287-1
0.0,0.0,0.0,n4288-1
0.0,0.0,0.0,n4307-1
0.0,0.0,0.0,n4302-1
0.0,0.0,0.0,n4297-1
0.0,0.0,0.0,n4303-1
0.0,0.0,0.0,n4308-1
0.0,0.0,0.0,n4304-1
0.0,0.0,0.0,n4305-1
0.0,0.0,0.0,n4299-1
0.0,0.0,0.0,n4300-1
0.0,0.0,0.0,n4301-1
0.0,0.0,0.0,n4320-1
0.0,0.0,0.0,n4315-1
0.0,0.0,0.0,n4310-1
0.0,0.0,0.0,n4316-1
0.0,0.0,0.0,n4321-1
0.0,0.0,0.0,n4317-1
0.0,0.0,0.0,n4318-1
0.0,0.0,0.0,n4312-1
0.0,0.0,0.0,n4313-1
0.0,0.0,0.0,n4314-1
0.0,0.0,0.0,n4333-1
0.0,0.0,0.0,n4328-1
0.0,0.0,0.0,n4323-1
0.0,0.0,0.0,n4329-1
0.0,0.0,0.0,n4334-1
0.0,0.0,0.0,n4330-1
0.0,0.0,0.0,n4331-1
0.0,0.0,0.0,n4325-1
0.0,0.0,0.0,n4326-1
0.0,0.0,0.0,n4327-1
0.0,0.0,0.0,n4346-1
0.0,0.0,0.0,n4341-1
0.0,0.0,0.0,n4336-1
0.0,0.0,0.0,n4342-1
0.0,0.0,0.0,n4347-1
0.0,0.0,0.0,n4343-1
0.0,0.0,0.0,n4344-1
0.0,0.0,0.0,n4338-1
0.0,0.0,0.0,n4339-1
0.0,0.0,0.0,n4340-1
0.0,0.0,0.0,n4359-1
0.0,0.0,0.0,n4354-1
0.0,0.0,0.0,n4349-1
0.0,0.0,0.0,n4360-1
0.0,0.0,0.0,n4355-1
0.0,0.0,0.0,n4356-1
0.0,0.0,0.0,n4357-1
0.0,0.0,0.0,n4351-1
0.0,0.0,0.0,n4352-1
0.0,0.0,0.0,n4353-1
0.0,0.0,0.0,n4368-1
0.0,0.0,0.0,n4362-1
0.0,0.0,0.0,n4363-1
0.0,0.0,0.0,n4364-1
0.0,0.0,0.0,n4365-1
0.0,0.0,0.0,n4366-1
0.0,0.0,0.0,n4367-1
0.0,0.0,0.0,n4371-1
0.0,0.0,0.0,n4372-1
0.0,0.0,0.0,n4373-1
0.0,0.0,0.0,n4374-1
0.0,0.0,0.0,n4375-1
0.0,0.0,0.0,n4376-1
0.0,0.0,0.0,n4377-1
0.0,0.0,0.0,n4378-1
