xml_id	midi_id	track	channel	pitch	onset
n25-1	n1	0	0	45	1.5157570312500004
n27-1	n8	0	0	52	1.9083848437500008
n28-1	n10	0	0	57	1.916397656250001
n17-1	n2	0	0	60	1.5197634375000004
n29-1	n9	0	0	60	1.9097203125000008
n19-1	n6	0	0	64	1.8883528125000009
n18-1	deletion
n1-1	n0	0	0	69	1.5117506250000003
n20-1	deletion
n2-1	n3	0	0	70	1.6159171875000007
n3-1	n4	0	0	71	1.7200837500000008
n4-1	n5	0	0	72	1.806889218750001
n5-1	n7	0	0	73	1.896365625000001
n6-1	n11	0	0	74	1.995190312500001
n7-1	n12	0	0	75	2.081995781250001
n8-1	n13	0	0	76	2.167465781250001
n31-1	n14	0	0	45	2.266290468750001
n21-1	n16	0	0	69	2.286322500000001
n22-1	deletion
n9-1	n15	0	0	77	2.272967812500001
n24-1	deletion
n10-1	n17	0	0	78	2.374463437500001
n11-1	n18	0	0	79	2.470617187500001
n12-1	n19	0	0	80	2.541397031250001
n33-1	n21	0	0	53	2.636215312500001
n34-1	n22	0	0	57	2.636215312500001
n35-1	n23	0	0	62	2.6375507812500008
n23-1	n24	0	0	74	2.6522409375000007
n13-1	n20	0	0	81	2.632208906250001
n14-1	n25	0	0	82	2.7243562500000005
n15-1	n26	0	0	83	2.8138326562500007
n16-1	n27	0	0	84	2.917999218750001
n61-1	n29	0	0	33	3.0208303125000002
n62-1	deletion
n53-1	n30	0	0	76	3.0235012500000003
n54-1	n31	0	0	81	3.0421978125
n55-1	n38	0	0	81	3.4187999999999996
n58-1	deletion
n37-1	n28	0	0	85	3.0194948437500004
n38-1	n32	0	0	86	3.1116421875
n39-1	n33	0	0	87	3.2104668750000003
n40-1	n34	0	0	88	3.285253125
n64-1	n36	0	0	52	3.413458125
n65-1	n39	0	0	57	3.4241418749999997
n66-1	n40	0	0	60	3.4294837499999997
n56-1	n37	0	0	84	3.41746453125
n44-1	n43	0	0	86	3.7005839062499994
n43-1	n42	0	0	87	3.6111074999999997
n42-1	n41	0	0	88	3.5176246874999997
n41-1	n35	0	0	89	3.4107871875000004
n68-1	n47	0	0	57	3.8181051562499992
n69-1	n46	0	0	60	3.8167696874999995
n70-1	n45	0	0	64	3.8127632812499996
n57-1	n48	0	0	76	3.8181051562499992
n48-1	n51	0	0	82	4.1105728125
n47-1	n50	0	0	83	4.0344510937499996
n46-1	n49	0	0	84	3.9302845312499994
n45-1	n44	0	0	85	3.8074214062499996
n59-1	n54	0	0	72	4.24144875
n60-1	n53	0	0	76	4.22942953125
n50-1	n55	0	0	80	4.300209375
n49-1	n52	0	0	81	4.20539109375
n52-1	n57	0	0	81	4.495187812499999
n51-1	n56	0	0	83	4.393692187499999
n97-1	n59	0	0	40	4.577986874999999
n89-1	n61	0	0	71	4.606031718749999
n90-1	n58	0	0	76	4.560625781249999
n76-1	n64	0	0	77	4.854428906249999
n75-1	n63	0	0	78	4.764952499999999
n74-1	n62	0	0	79	4.684824374999999
n73-1	n60	0	0	80	4.579322343749999
n99-1	n66	0	0	52	4.96393734375
n100-1	n69	0	0	59	4.971950156249999
n101-1	n68	0	0	62	4.965272812499999
n91-1	n70	0	0	68	5.0053368749999985
n92-1	n65	0	0	71	4.959930937499999
n78-1	n71	0	0	75	5.069439374999998
n77-1	n67	0	0	76	4.96393734375
n80-1	n73	0	0	76	5.247056718749999
n79-1	n72	0	0	77	5.157580312499999
n103-1	n75	0	0	45	5.352558749999998
n93-1	n76	0	0	69	5.383274531249998
n96-1	deletion
n84-1	n79	0	0	72	5.627665312499998
n94-1	deletion
n83-1	n78	0	0	73	5.548872656249998
n82-1	n77	0	0	74	5.451383437499998
n81-1	n74	0	0	75	5.3512232812499985
n105-1	n81	0	0	52	5.738509218749998
n106-1	n83	0	0	57	5.743851093749998
n107-1	n82	0	0	60	5.738509218749998
n95-1	deletion
n85-1	n80	0	0	71	5.715806249999998
n86-1	n84	0	0	72	5.818637343749998
n88-1	n86	0	0	72	5.996254687499998
n87-1	n85	0	0	74	5.933487656249998
n133-1	n90	0	0	52	6.120453281249998
n134-1	n91	0	0	59	6.1284660937499975
n125-1	n88	0	0	64	6.112440468749997
n126-1	n89	0	0	68	6.116446874999998
n109-1	n87	0	0	71	6.109769531249998
n111-1	n93	0	0	71	6.308754374999998
n110-1	n92	0	0	72	6.207258749999998
n112-1	n94	0	0	72	6.391553437499998
n136-1	n95	0	0	53	6.514416562499998
n137-1	n98	0	0	59	6.5197584374999975
n127-1	n96	0	0	63	6.514416562499998
n128-1	n97	0	0	69	6.517087499999998
n113-1	n99	0	0	71	6.522429374999997
n115-1	n101	0	0	71	6.729427031249999
n114-1	n100	0	0	72	6.626595937499998
n116-1	n102	0	0	72	6.805548749999999
n138-1	n105	0	0	52	6.937760156249999
n129-1	n106	0	0	64	6.959127656249998
n130-1	n104	0	0	68	6.928411874999999
n117-1	n103	0	0	71	6.917728124999999
n120-1	n109	0	0	74	7.226221406249999
n119-1	n108	0	0	75	7.1314031249999985
n118-1	n107	0	0	76	7.031242968749998
n131-1	n110	0	0	62	7.321039687499999
n132-1	n111	0	0	68	7.326381562499999
n124-1	n115	0	0	70	7.616178281249999
n123-1	n114	0	0	71	7.536050156249999
n122-1	n113	0	0	72	7.4372254687499995
n121-1	n112	0	0	73	7.338400781249999
n166-1	n118	0	0	45	7.724351249999999
n158-1	n117	0	0	60	7.712332031249999
n159-1	deletion
n142-1	n116	0	0	69	7.708325624999999
n143-1	n119	0	0	70	7.804479375
n144-1	n120	0	0	71	7.92333609375
n145-1	n121	0	0	72	7.999457812499999
n168-1	n126	0	0	52	8.112972656249998
n169-1	n127	0	0	57	8.114308124999997
n170-1	n123	0	0	60	8.107630781249998
n160-1	n124	0	0	64	8.107630781249998
n161-1	n122	0	0	69	8.10228890625
n146-1	n125	0	0	73	8.107630781249998
n147-1	n128	0	0	74	8.206455468749997
n148-1	n129	0	0	75	8.298602812499997
n149-1	n130	0	0	76	8.389414687499997
n172-1	n132	0	0	45	8.498923124999997
n162-1	n133	0	0	69	8.501594062499997
n163-1	deletion
n150-1	n131	0	0	77	8.496252187499998
n151-1	n134	0	0	78	8.597747812499998
n152-1	n135	0	0	79	8.692566093749997
n153-1	n136	0	0	80	8.768687812499998
n174-1	n138	0	0	53	8.880867187499998
n175-1	n139	0	0	57	8.880867187499998
n176-1	n140	0	0	62	8.883538124999998
n164-1	n141	0	0	74	8.891550937499998
n165-1	deletion
n154-1	n137	0	0	81	8.863506093749997
n155-1	n142	0	0	82	8.978356406249997
n156-1	n143	0	0	83	9.070503749999997
n157-1	n144	0	0	84	9.157309218749997
n202-1	n147	0	0	33	9.285514218749997
n203-1	deletion
n194-1	n145	0	0	76	9.272159531249997
n195-1	n148	0	0	81	9.293527031249997
n178-1	n146	0	0	85	9.277501406249996
n179-1	n149	0	0	86	9.381667968749998
n180-1	n150	0	0	87	9.479157187499998
n181-1	n151	0	0	88	9.5592853125
n205-1	n154	0	0	52	9.6874903125
n206-1	n156	0	0	57	9.6981740625
n207-1	n157	0	0	60	9.70485140625
n196-1	n152	0	0	81	9.68348390625
n197-1	n155	0	0	84	9.69016125
n185-1	n160	0	0	86	9.975951562499999
n184-1	n159	0	0	87	9.883804218749999
n183-1	n158	0	0	88	9.794327812499999
n182-1	n153	0	0	89	9.68348390625
n209-1	n164	0	0	57	10.098814687499999
n210-1	n163	0	0	60	10.09480828125
n211-1	n162	0	0	64	10.09213734375
n198-1	n165	0	0	76	10.10549203125
n199-1	n166	0	0	81	10.124188593749999
n189-1	n169	0	0	82	10.367243906249998
n188-1	n168	0	0	83	10.295128593749997
n187-1	n167	0	0	84	10.192297499999997
n186-1	n161	0	0	85	10.08546
n200-1	n172	0	0	72	10.507468124999997
n201-1	n171	0	0	76	10.491442499999998
n191-1	n173	0	0	80	10.575577031249997
n190-1	n170	0	0	81	10.482094218749998
n193-1	n175	0	0	81	10.773226406249998
n192-1	n174	0	0	83	10.675737187499998
n238-1	n177	0	0	47	10.862702812499998
n230-1	deletion
n231-1	n178	0	0	76	10.881399374999999
n214-1	n176	0	0	79	10.837328906249999
n215-1	n179	0	0	80	10.952179218749999
n216-1	n180	0	0	81	11.030971874999999
n217-1	n181	0	0	82	11.12846109375
n240-1	n182	0	0	59	11.23796953125
n241-1	n186	0	0	64	11.25132421875
n242-1	n184	0	0	67	11.2473178125
n232-1	deletion
n233-1	n183	0	0	79	11.23796953125
n221-1	n189	0	0	82	11.497050468749999
n218-1	n185	0	0	83	11.2473178125
n220-1	n188	0	0	83	11.434283437499998
n219-1	n187	0	0	84	11.324774999999997
n244-1	n190	0	0	47	11.621249062499999
n234-1	deletion
n235-1	deletion
n225-1	n196	0	0	78	12.011205937499998
n224-1	n193	0	0	79	11.830917656249998
n223-1	n192	0	0	80	11.752124999999998
n222-1	n191	0	0	81	11.631932812499999
n246-1	n195	0	0	59	12.008534999999998
n247-1	n197	0	0	66	12.017883281249999
n236-1	n198	0	0	69	12.045928124999998
n267-1	n204	0	0	71	12.359763281249997
n248-1	deletion
n237-1	deletion
n226-1	n194	0	0	77	11.984496562499999
n227-1	n199	0	0	78	12.076643906249998
n229-1	n201	0	0	78	12.248919374999998
n228-1	n200	0	0	79	12.179474999999998
n274-1	n203	0	0	52	12.359763281249997
n270-1	n217	0	0	64	13.150360781249997
n275-1	deletion
n266-1	n205	0	0	68	12.381130781249997
n252-1	n207	0	0	75	12.558748124999996
n250-1	n202	0	0	76	12.354421406249998
n253-1	n208	0	0	76	12.649559999999996
n251-1	n206	0	0	77	12.477284531249996
n276-1	n212	0	0	40	12.772423124999996
n279-1	deletion
n277-1	n213	0	0	52	12.772423124999996
n268-1	n209	0	0	65	12.753726562499995
n269-1	n210	0	0	69	12.761739374999996
n256-1	n215	0	0	73	12.958053281249995
n254-1	n211	0	0	74	12.768416718749997
n257-1	n216	0	0	74	13.052871562499996
n255-1	n214	0	0	76	12.867241406249995
n271-1	n218	0	0	69	13.150360781249997
n260-1	n221	0	0	71	13.334655468749995
n258-1	n219	0	0	72	13.169057343749998
n261-1	n222	0	0	72	13.425467343749995
n259-1	n220	0	0	74	13.265211093749997
n280-1	n225	0	0	52	13.557678749999996
n272-1	n223	0	0	62	13.541653124999996
n273-1	n224	0	0	68	13.545659531249996
n264-1	n228	0	0	70	13.747315312499996
n262-1	n226	0	0	71	13.576375312499996
n265-1	n229	0	0	71	13.842133593749997
n263-1	n227	0	0	72	13.648490624999996
n305-1	n231	0	0	45	13.955648437499995
n297-1	n230	0	0	60	13.950306562499996
n298-1	deletion
n281-1	n232	0	0	69	13.955648437499995
n282-1	n233	0	0	70	14.063821406249996
n283-1	n234	0	0	71	14.157304218749996
n284-1	n235	0	0	72	14.244109687499995
n307-1	n239	0	0	52	14.352282656249992
n308-1	n240	0	0	57	14.360295468749992
n309-1	n237	0	0	60	14.346940781249993
n299-1	n238	0	0	64	14.348276249999993
n300-1	n241	0	0	69	14.362966406249992
n301-1	deletion
n285-1	n236	0	0	73	14.344269843749993
n286-1	n242	0	0	74	14.436417187499991
n287-1	n243	0	0	75	14.54191921874999
n288-1	n244	0	0	76	14.62338281249999
n311-1	n245	0	0	45	14.72354296874999
n302-1	deletion
n289-1	n246	0	0	77	14.72888484374999
n304-1	deletion
n290-1	n247	0	0	78	14.82637406249999
n291-1	n248	0	0	79	14.945230781249991
n292-1	n249	0	0	80	15.020017031249992
n313-1	n251	0	0	53	15.113499843749992
n314-1	n252	0	0	57	15.113499843749992
n315-1	n250	0	0	62	15.112164374999992
n303-1	n254	0	0	74	15.136202812499992
n293-1	n253	0	0	81	15.129525468749991
n294-1	n255	0	0	82	15.221672812499989
n295-1	n256	0	0	83	15.328510312499988
n296-1	n257	0	0	84	15.408638437499988
n341-1	n258	0	0	33	15.518146874999989
n342-1	deletion
n333-1	n261	0	0	76	15.530166093749987
n334-1	n260	0	0	81	15.523488749999988
n317-1	n259	0	0	85	15.520817812499988
n318-1	n262	0	0	86	15.632997187499987
n319-1	n263	0	0	87	15.730486406249987
n320-1	n264	0	0	88	15.803937187499987
n344-1	n266	0	0	52	15.938819531249987
n345-1	n270	0	0	57	15.949503281249987
n346-1	n268	0	0	60	15.941490468749986
n335-1	n265	0	0	81	15.933477656249988
n336-1	n267	0	0	84	15.940154999999987
n324-1	n273	0	0	86	16.223274374999985
n323-1	n272	0	0	87	16.128456093749985
n322-1	n271	0	0	88	16.056340781249986
n321-1	n269	0	0	89	15.941490468749986
n348-1	n276	0	0	57	16.331447343749982
n349-1	n275	0	0	60	16.328776406249983
n350-1	n274	0	0	64	16.320763593749984
n337-1	n279	0	0	76	16.33411828124998
n338-1	n277	0	0	81	16.331447343749982
n328-1	n282	0	0	82	16.613231249999977
n327-1	n281	0	0	83	16.55447062499998
n326-1	n280	0	0	84	16.43561390624998
n325-1	n278	0	0	85	16.331447343749982
n339-1	n285	0	0	72	16.753455468749976
n340-1	n283	0	0	76	16.737429843749975
n330-1	n286	0	0	80	16.820228906249977
n329-1	n284	0	0	81	16.741436249999975
n332-1	n288	0	0	81	17.027226562499976
n331-1	n287	0	0	83	16.928401874999977
n377-1	n291	0	0	40	17.128722187499974
n369-1	deletion
n370-1	n289	0	0	76	17.107354687499978
n356-1	n294	0	0	77	17.403828749999974
n355-1	n293	0	0	78	17.314352343749974
n354-1	n292	0	0	79	17.230217812499976
n353-1	n290	0	0	80	17.123380312499975
n379-1	n296	0	0	52	17.497311562499974
n380-1	n300	0	0	59	17.51867906249997
n381-1	n297	0	0	62	17.503988906249973
n371-1	n298	0	0	68	17.505324374999972
n372-1	n295	0	0	71	17.495976093749974
n358-1	n301	0	0	75	17.61082640624997
n357-1	n299	0	0	76	17.51066624999997
n360-1	n303	0	0	76	17.784437343749968
n359-1	n302	0	0	77	17.68561265624997
n383-1	n305	0	0	45	17.900623124999967
n373-1	deletion
n374-1	n306	0	0	72	17.919319687499968
n364-1	n309	0	0	72	18.167716874999964
n363-1	n308	0	0	73	18.086253281249967
n362-1	n307	0	0	74	17.992770468749967
n361-1	n304	0	0	75	17.89261031249997
n385-1	n311	0	0	52	18.289244531249963
n386-1	n313	0	0	57	18.307941093749964
n387-1	n312	0	0	60	18.295921874999962
n375-1	deletion
n376-1	deletion
n365-1	n310	0	0	71	18.266541562499963
n366-1	n314	0	0	72	18.368037187499965
n368-1	n316	0	0	72	18.550996406249965
n367-1	n315	0	0	74	18.458849062499965
n413-1	n320	0	0	52	18.683207812499965
n414-1	n321	0	0	59	18.689885156249964
n405-1	n318	0	0	64	18.668517656249964
n406-1	n319	0	0	68	18.680536874999966
n389-1	n317	0	0	71	18.660504843749965
n391-1	n323	0	0	71	18.870173437499965
n390-1	n322	0	0	72	18.775355156249965
n392-1	n324	0	0	72	18.974339999999966
n416-1	n326	0	0	53	19.079842031249967
n417-1	n328	0	0	59	19.086519374999966
n407-1	n325	0	0	63	19.075835624999968
n408-1	n327	0	0	69	19.082512968749967
n393-1	n329	0	0	71	19.086519374999966
n395-1	n331	0	0	71	19.282833281249967
n394-1	n330	0	0	72	19.197363281249967
n396-1	n332	0	0	72	19.376316093749967
n418-1	n335	0	0	52	19.48983093749996
n409-1	n336	0	0	64	19.500514687499958
n410-1	n334	0	0	68	19.48315359374996
n397-1	n333	0	0	71	19.473805312499962
n400-1	n339	0	0	74	19.770279374999955
n399-1	n338	0	0	75	19.680802968749955
n398-1	n337	0	0	76	19.571294531249954
n411-1	n341	0	0	62	19.894477968749953
n412-1	n340	0	0	68	19.886465156249955
n404-1	n345	0	0	70	20.168249062499957
n403-1	n344	0	0	71	20.101475624999956
n402-1	n343	0	0	72	19.989296249999956
n401-1	n342	0	0	73	19.894477968749953
n446-1	n348	0	0	45	20.301795937499953
n438-1	n347	0	0	60	20.296454062499954
n439-1	deletion
n422-1	n346	0	0	69	20.285770312499956
n423-1	n349	0	0	70	20.396614218749956
n424-1	n350	0	0	71	20.504787187499954
n425-1	n351	0	0	72	20.58625078124995
n448-1	n356	0	0	52	20.70110109374995
n449-1	n357	0	0	57	20.70510749999995
n450-1	n354	0	0	60	20.694423749999952
n440-1	n355	0	0	64	20.69843015624995
n441-1	n353	0	0	69	20.689081874999953
n426-1	n352	0	0	73	20.686410937499954
n427-1	n358	0	0	74	20.795919374999954
n428-1	n359	0	0	75	20.894744062499957
n429-1	n360	0	0	76	20.992233281249955
n452-1	n363	0	0	45	21.10841906249995
n483-1	deletion
n442-1	n362	0	0	69	21.100406249999953
n443-1	deletion
n430-1	n361	0	0	77	21.096399843749953
n445-1	deletion
n431-1	n364	0	0	78	21.204572812499954
n432-1	n365	0	0	79	21.304732968749953
n433-1	n366	0	0	80	21.38352562499995
n454-1	n369	0	0	53	21.490363124999952
n455-1	n370	0	0	57	21.490363124999952
n456-1	n368	0	0	62	21.487692187499952
n444-1	n371	0	0	74	21.49436953124995
n434-1	n367	0	0	81	21.486356718749953
n435-1	n372	0	0	82	21.58785234374995
n436-1	n373	0	0	83	21.67465781249995
n437-1	n374	0	0	84	21.76546968749995
n482-1	n377	0	0	33	21.90702937499995
n474-1	n375	0	0	76	21.897681093749952
n475-1	n378	0	0	81	21.90702937499995
n458-1	n376	0	0	85	21.90435843749995
n459-1	n379	0	0	86	22.008524999999953
n460-1	n380	0	0	87	22.116697968749953
n461-1	n381	0	0	88	22.191484218749956
n485-1	n383	0	0	52	22.31034093749996
n486-1	n386	0	0	57	22.322360156249957
n487-1	n384	0	0	60	22.315682812499958
n476-1	n382	0	0	81	22.30766999999996
n477-1	n387	0	0	84	22.322360156249957
n465-1	n390	0	0	86	22.598802187499956
n464-1	n389	0	0	87	22.51466765624996
n463-1	n388	0	0	88	22.42385578124996
n462-1	n385	0	0	89	22.315682812499958
n489-1	n391	0	0	57	22.708310624999957
n490-1	n393	0	0	60	22.709646093749956
n491-1	n392	0	0	64	22.708310624999957
n478-1	n394	0	0	76	22.712317031249956
n479-1	n396	0	0	81	22.736355468749956
n469-1	n399	0	0	82	23.006120156249953
n468-1	n398	0	0	83	22.931333906249954
n467-1	n397	0	0	84	22.820489999999953
n466-1	n395	0	0	85	22.712317031249956
n480-1	n402	0	0	72	23.162369999999953
n481-1	n401	0	0	76	23.142337968749953
n471-1	n403	0	0	80	23.205104999999953
n470-1	n400	0	0	81	23.123641406249952
n473-1	n405	0	0	81	23.397412499999955
n472-1	n404	0	0	83	23.289239531249954
n517-1	n409	0	0	38	23.520275624999957
n518-1	deletion
n510-1	n407	0	0	74	23.49223078124996
n511-1	n408	0	0	77	23.49223078124996
n494-1	n406	0	0	82	23.477540624999957
n495-1	n410	0	0	83	23.584378124999954
n496-1	n411	0	0	84	23.683202812499953
n497-1	n412	0	0	85	23.76199546874995
n520-1	n416	0	0	50	23.90221968749995
n521-1	n418	0	0	53	23.91290343749995
n522-1	n415	0	0	58	23.89821328124995
n523-1	n414	0	0	62	23.894206874999952
n512-1	n417	0	0	77	23.90622609374995
n513-1	deletion
n498-1	n413	0	0	86	23.871503906249952
n499-1	n419	0	0	87	23.982347812499945
n500-1	n420	0	0	88	24.081172499999944
n501-1	n421	0	0	89	24.167977968749945
n525-1	n422	0	0	40	24.281492812499945
n526-1	deletion
n514-1	n423	0	0	80	24.285499218749944
n515-1	n425	0	0	86	24.288170156249944
n502-1	n424	0	0	88	24.285499218749944
n503-1	n426	0	0	89	24.391001249999942
n504-1	n427	0	0	90	24.484484062499945
n505-1	n428	0	0	91	24.573960468749945
n528-1	n429	0	0	52	24.664772343749945
n529-1	n432	0	0	59	24.676791562499943
n530-1	n430	0	0	62	24.671449687499944
n516-1	n433	0	0	86	24.682133437499942
n506-1	n431	0	0	92	24.674120624999944
n507-1	n434	0	0	93	24.764932499999944
n508-1	n435	0	0	94	24.865092656249942
n509-1	n436	0	0	95	24.963917343749944
n556-1	n439	0	0	41	25.081438593749944
n557-1	deletion
n548-1	n437	0	0	84	25.077432187499944
n549-1	deletion
n535-1	n442	0	0	90	25.385925468749946
n534-1	n441	0	0	91	25.275081562499945
n533-1	n440	0	0	92	25.176256874999947
n532-1	n438	0	0	93	25.080103124999944
n559-1	n444	0	0	57	25.479408281249945
n560-1	n447	0	0	60	25.483414687499945
n561-1	n445	0	0	65	25.479408281249945
n550-1	n448	0	0	81	25.487421093749944
n551-1	n443	0	0	84	25.456705312499945
n539-1	n451	0	0	86	25.76119218749994
n538-1	n450	0	0	87	25.67305124999994
n537-1	n449	0	0	88	25.59692953124994
n536-1	n446	0	0	89	25.479408281249945
n563-1	n454	0	0	36	25.86402328124994
n564-1	deletion
n552-1	n453	0	0	76	25.86268781249994
n553-1	n455	0	0	81	25.86535874999994
n543-1	n458	0	0	82	26.160497343749935
n542-1	n457	0	0	83	26.080369218749937
n541-1	n456	0	0	84	25.994899218749936
n540-1	n452	0	0	85	25.86135234374994
n566-1	n459	0	0	52	26.261992968749933
n567-1	n462	0	0	57	26.268670312499932
n568-1	n461	0	0	64	26.267334843749932
n554-1	n464	0	0	72	26.30873437499993
n555-1	n460	0	0	76	26.265999374999932
n547-1	n467	0	0	78	26.578499062499926
n546-1	n466	0	0	79	26.482345312499927
n545-1	n465	0	0	80	26.387527031249927
n544-1	n463	0	0	81	26.27935406249993
n594-1	n469	0	0	38	26.65328531249993
n586-1	n471	0	0	70	26.684001093749927
n587-1	n468	0	0	74	26.62924687499993
n573-1	n474	0	0	74	26.941746562499922
n572-1	n473	0	0	75	26.83624453124992
n571-1	n472	0	0	76	26.765464687499925
n570-1	n470	0	0	77	26.655956249999928
n596-1	n480	0	0	50	27.059267812499918
n597-1	n478	0	0	53	27.05392593749992
n598-1	n477	0	0	58	27.05125499999992
n599-1	n481	0	0	62	27.059267812499918
n588-1	n475	0	0	65	27.03923578124992
n589-1	n476	0	0	70	27.04591312499992
n574-1	n479	0	0	73	27.05392593749992
n575-1	n482	0	0	74	27.15542156249992
n577-1	n484	0	0	74	27.327697031249915
n576-1	n483	0	0	77	27.231543281249913
n600-1	n487	0	0	52	27.445218281249915
n601-1	n489	0	0	57	27.449224687499914
n602-1	n488	0	0	60	27.445218281249915
n590-1	n486	0	0	64	27.429192656249914
n591-1	n485	0	0	69	27.418508906249915
n578-1	n490	0	0	71	27.449224687499914
n579-1	n491	0	0	72	27.56140406249991
n581-1	n493	0	0	72	27.70429921874991
n580-1	n492	0	0	76	27.62150015624991
n603-1	n496	0	0	52	27.829833281249908
n592-1	n495	0	0	62	27.827162343749908
n593-1	n498	0	0	68	27.832504218749907
n582-1	n494	0	0	70	27.82582687499991
n583-1	n499	0	0	71	27.920645156249908
n585-1	n501	0	0	71	28.078230468749904
n584-1	n500	0	0	76	27.999437812499902
n626-1	n503	0	0	45	28.210441874999905
n627-1	n505	0	0	57	28.218454687499904
n620-1	n504	0	0	60	28.210441874999905
n621-1	deletion
n604-1	n502	0	0	69	28.206435468749905
n605-1	n506	0	0	70	28.314608437499903
n606-1	n507	0	0	71	28.433465156249902
n607-1	n508	0	0	72	28.5122578124999
n628-1	n512	0	0	40	28.617759843749898
n629-1	n513	0	0	52	28.623101718749897
n622-1	n509	0	0	64	28.5923859374999
n623-1	n510	0	0	68	28.5923859374999
n608-1	n511	0	0	73	28.593721406249898
n609-1	n514	0	0	74	28.699223437499896
n610-1	n515	0	0	75	28.788699843749896
n611-1	n516	0	0	76	28.8634860937499
n630-1	n517	0	0	33	28.9703235937499
n631-1	n519	0	0	45	29.038432499999896
n624-1	n520	0	0	69	29.042438906249895
n625-1	n521	0	0	72	29.042438906249895
n615-1	n524	0	0	78	29.348261249999897
n614-1	n523	0	0	79	29.2654621874999
n613-1	n522	0	0	80	29.175985781249896
n612-1	n518	0	0	81	29.030419687499897
n619-1	n528	0	0	74	29.7021604687499
n618-1	n527	0	0	75	29.619361406249897
n617-1	n526	0	0	76	29.523207656249898
n616-1	n525	0	0	77	29.436402187499898
n655-1	n531	0	0	36	29.910493593749898
n658-1	n536	0	0	48	30.272405624999898
n656-1	deletion
n649-1	n532	0	0	64	29.917170937499897
n650-1	n530	0	0	70	29.9011453124999
n635-1	n534	0	0	71	30.092117343749898
n634-1	n533	0	0	72	30.0200020312499
n636-1	n535	0	0	72	30.184264687499898
n633-1	n529	0	0	73	29.8944679687499
n659-1	n540	0	0	55	30.288431249999896
n660-1	n541	0	0	60	30.301785937499897
n651-1	n537	0	0	64	30.273741093749898
n652-1	n539	0	0	70	30.283089374999896
n637-1	n538	0	0	73	30.280418437499897
n638-1	n542	0	0	74	30.393933281249893
n639-1	n543	0	0	75	30.486080624999893
n640-1	n544	0	0	76	30.568879687499894
n662-1	n545	0	0	41	30.661027031249894
n653-1	n547	0	0	69	30.689071874999893
n641-1	n546	0	0	77	30.666368906249893
n642-1	n548	0	0	78	30.766529062499895
n643-1	n549	0	0	79	30.861347343749895
n644-1	n550	0	0	80	30.966849374999896
n664-1	n553	0	0	48	31.068344999999894
n665-1	n552	0	0	57	31.067009531249894
n666-1	n551	0	0	60	31.060332187499895
n654-1	n555	0	0	72	31.080364218749892
n648-1	n558	0	0	74	31.33944515624989
n646-1	n556	0	0	76	31.17518249999989
n647-1	n557	0	0	77	31.25130421874989
n645-1	n554	0	0	81	31.071015937499894
n691-1	n559	0	0	36	31.443611718749892
n684-1	deletion
n685-1	n560	0	0	70	31.45028906249989
n670-1	n563	0	0	71	31.62523546874989
n669-1	n562	0	0	72	31.56914578124989
n671-1	n564	0	0	72	31.725395624999887
n668-1	n561	0	0	73	31.45028906249989
n693-1	n568	0	0	48	31.85360062499989
n694-1	n569	0	0	55	31.860277968749887
n695-1	n570	0	0	60	31.860277968749887
n686-1	n565	0	0	64	31.820213906249887
n687-1	n567	0	0	70	31.840245937499887
n672-1	n566	0	0	73	31.826891249999886
n673-1	n571	0	0	74	31.943077031249885
n674-1	n572	0	0	75	32.035224374999885
n675-1	n573	0	0	76	32.11134609374989
n697-1	n576	0	0	37	32.23955109374989
n688-1	n575	0	0	65	32.23821562499989
n689-1	deletion
n676-1	n574	0	0	77	32.22886734374989
n677-1	n577	0	0	78	32.369091562499875
n678-1	n578	0	0	79	32.45189062499987
n679-1	n579	0	0	80	32.54937984374987
n699-1	n581	0	0	49	32.61348234374987
n700-1	n582	0	0	56	32.62416609374987
n701-1	n583	0	0	59	32.63351437499987
n690-1	n584	0	0	71	32.63618531249987
n683-1	n587	0	0	76	32.95002046874987
n682-1	n586	0	0	77	32.81246718749987
n681-1	n585	0	0	78	32.74302281249987
n680-1	n580	0	0	79	32.61081140624987
n724-1	n589	0	0	38	33.04350328124986
n719-1	n590	0	0	72	33.04884515624986
n721-1	deletion
n705-1	n592	0	0	73	33.206430468749865
n704-1	n591	0	0	74	33.13030874999986
n706-1	n593	0	0	74	33.293235937499865
n703-1	n588	0	0	75	33.01278749999987
n726-1	n595	0	0	50	33.40808624999986
n727-1	n598	0	0	57	33.41075718749986
n728-1	n596	0	0	60	33.40942171874986
n720-1	n594	0	0	66	33.39740249999986
n707-1	n597	0	0	75	33.40942171874986
n708-1	n599	0	0	76	33.529613906249864
n709-1	n600	0	0	77	33.60172921874986
n710-1	n601	0	0	78	33.683192812499854
n730-1	n604	0	0	43	33.80338499999985
n722-1	n603	0	0	70	33.79136578124985
n711-1	n602	0	0	79	33.78468843749985
n712-1	n605	0	0	80	33.90354515624985
n713-1	n606	0	0	81	34.00236984374985
n714-1	n607	0	0	82	34.097188124999846
n732-1	n609	0	0	50	34.194677343749845
n733-1	n610	0	0	55	34.201354687499844
n734-1	n608	0	0	58	34.189335468749846
n723-1	n612	0	0	74	34.21738031249984
n718-1	n615	0	0	75	34.511183437499845
n716-1	n613	0	0	78	34.29216656249984
n717-1	n614	0	0	79	34.39633312499984
n715-1	n611	0	0	81	34.20536109374984
n758-1	n617	0	0	38	34.599324374999846
n752-1	n618	0	0	72	34.63271109374985
n738-1	n619	0	0	73	34.79830921874984
n736-1	n616	0	0	74	34.597988906249846
n739-1	n620	0	0	74	34.89846937499984
n737-1	deletion
n760-1	n623	0	0	50	34.99462312499983
n761-1	n624	0	0	57	34.99595859374983
n762-1	n625	0	0	60	34.99729406249983
n753-1	n621	0	0	66	34.96524281249984
n754-1	deletion
n740-1	n622	0	0	75	34.981268437499835
n741-1	n626	0	0	76	35.101460624999824
n742-1	n627	0	0	77	35.21764640624983
n743-1	n628	0	0	78	35.233672031249824
n764-1	n631	0	0	39	35.365883437499825
n755-1	n630	0	0	67	35.34718687499983
n756-1	deletion
n744-1	n629	0	0	79	35.34318046874983
n745-1	n632	0	0	80	35.46871453124981
n746-1	n633	0	0	81	35.566203749999815
n747-1	n634	0	0	82	35.66369296874981
n766-1	n635	0	0	51	35.7318018749998
n767-1	n636	0	0	58	35.7424856249998
n768-1	n639	0	0	61	35.7545048437498
n757-1	n637	0	0	73	35.7504984374998
n751-1	n642	0	0	78	36.060327187499794
n750-1	n641	0	0	79	35.961502499999796
n749-1	n640	0	0	80	35.877367968749795
n748-1	n638	0	0	81	35.7518339062498
n791-1	n645	0	0	40	36.16850015624978
n786-1	n644	0	0	74	36.16315828124978
n772-1	n647	0	0	75	36.34478203124978
n771-1	n646	0	0	76	36.25530562499978
n773-1	n648	0	0	76	36.43692937499978
n770-1	n643	0	0	77	36.16182281249978
n793-1	n649	0	0	52	36.546437812499775
n794-1	n652	0	0	59	36.55845703124977
n795-1	n651	0	0	62	36.555786093749774
n787-1	n654	0	0	68	36.58917281249977
n788-1	n653	0	0	74	36.56780531249977
n774-1	n650	0	0	77	36.553115156249774
n775-1	n655	0	0	78	36.665294531249764
n776-1	n656	0	0	79	36.76545468749976
n777-1	n657	0	0	80	36.84157640624976
n797-1	n659	0	0	45	36.95642671874975
n789-1	n660	0	0	72	36.96978140624975
n778-1	n658	0	0	81	36.953755781249754
n779-1	n661	0	0	82	37.06326421874975
n780-1	n662	0	0	83	37.15674703124975
n781-1	n663	0	0	84	37.25824265624975
n799-1	n664	0	0	52	37.35439640624975
n800-1	n665	0	0	57	37.365080156249746
n801-1	n666	0	0	60	37.366415624999746
n802-1	n667	0	0	64	37.370422031249745
n790-1	n669	0	0	76	37.38644765624974
n785-1	n672	0	0	80	37.653541406249744
n784-1	n671	0	0	81	37.560058593749744
n783-1	n670	0	0	82	37.45722749999974
n782-1	n668	0	0	83	37.370422031249745
n826-1	n674	0	0	40	37.773733593749746
n820-1	n675	0	0	74	37.775069062499746
n807-1	n678	0	0	76	38.06620124999974
n806-1	n677	0	0	77	37.971382968749744
n805-1	n676	0	0	78	37.865880937499746
n804-1	n673	0	0	79	37.75503703124975
n828-1	n679	0	0	52	38.16369046874974
n829-1	n682	0	0	59	38.17303874999974
n830-1	n680	0	0	62	38.16636140624974
n821-1	n681	0	0	68	38.17170328124974
n822-1	deletion
n808-1	n683	0	0	77	38.18105156249974
n809-1	n684	0	0	78	38.29323093749972
n810-1	n685	0	0	79	38.38938468749971
n811-1	n686	0	0	80	38.4748546874997
n832-1	n688	0	0	45	38.558989218749694
n833-1	n687	0	0	57	38.557653749999695
n823-1	n690	0	0	72	38.57635031249969
n812-1	n689	0	0	81	38.57234390624969
n813-1	n691	0	0	82	38.677845937499676
n814-1	n692	0	0	83	38.77132874999966
n815-1	n693	0	0	84	38.867482499999646
n834-1	n694	0	0	43	38.95028156249964
n835-1	n695	0	0	55	38.95428796874964
n824-1	n696	0	0	76	38.95829437499964
n825-1	n697	0	0	81	38.96497171874964
n816-1	n698	0	0	85	38.96497171874964
n817-1	n699	0	0	86	39.08249296874962
n818-1	n700	0	0	87	39.16128562499962
n819-1	n701	0	0	88	39.25076203124962
n859-1	n703	0	0	41	39.340238437499615
n860-1	n702	0	0	53	39.336232031249615
n852-1	n705	0	0	81	39.35359312499961
n839-1	n708	0	0	86	39.63938343749961
n838-1	n707	0	0	87	39.53788781249961
n837-1	n706	0	0	88	39.45775968749961
n836-1	n704	0	0	89	39.344244843749614
n861-1	n712	0	0	47	39.7582401562496
n862-1	n713	0	0	59	39.7582401562496
n853-1	n710	0	0	77	39.7488918749996
n854-1	n711	0	0	81	39.7569046874996
n843-1	n716	0	0	82	40.04803687499959
n842-1	n715	0	0	83	39.98126343749959
n841-1	n714	0	0	84	39.866413124999596
n840-1	n709	0	0	85	39.7462209374996
n855-1	n719	0	0	74	40.17223546874958
n856-1	n717	0	0	77	40.129500468749576
n847-1	n727	0	0	78	40.58088890624952
n846-1	n721	0	0	79	40.36187203124955
n845-1	n720	0	0	80	40.27773749999956
n844-1	n718	0	0	81	40.15620984374958
n863-1	n725	0	0	52	40.544831249999525
n864-1	n724	0	0	64	40.543495781249526
n857-1	n723	0	0	68	40.539489374999526
n858-1	n722	0	0	74	40.52346374999953
n850-1	n729	0	0	75	40.730461406249496
n849-1	n728	0	0	76	40.64098499999951
n851-1	n730	0	0	76	40.81726687499949
n848-1	n726	0	0	77	40.56619874999952
n888-1	n732	0	0	39	40.91876249999948
n889-1	n733	0	0	51	40.92143343749948
n881-1	n734	0	0	79	40.92811078124948
n868-1	n737	0	0	84	41.235268593749446
n867-1	n736	0	0	85	41.12843109374945
n866-1	n735	0	0	86	41.026935468749464
n865-1	n731	0	0	87	40.91742703124948
n890-1	n740	0	0	45	41.32608046874943
n891-1	n739	0	0	57	41.32340953124943
n882-1	n741	0	0	75	41.33409328124943
n883-1	n742	0	0	79	41.33676421874943
n872-1	n745	0	0	80	41.63056734374942
n871-1	n744	0	0	81	41.52239437499942
n870-1	n743	0	0	82	41.42223421874942
n869-1	n738	0	0	83	41.31940312499943
n884-1	n746	0	0	72	41.73072749999942
n877-1	n751	0	0	75	42.07661390624939
n885-1	deletion
n876-1	n750	0	0	76	42.02987249999939
n875-1	n749	0	0	77	41.920364062499395
n874-1	n748	0	0	78	41.8322231249994
n873-1	n747	0	0	79	41.73740484374942
n892-1	n753	0	0	50	42.10866515624939
n893-1	n754	0	0	62	42.116677968749386
n886-1	n752	0	0	66	42.09531046874939
n887-1	n755	0	0	72	42.123355312499385
n879-1	n757	0	0	73	42.27426328124937
n878-1	n756	0	0	74	42.191464218749374
n880-1	n758	0	0	74	42.379765312499366
n918-1	n760	0	0	43	42.486602812499356
n919-1	deletion
n910-1	n761	0	0	79	42.502628437499354
n898-1	n765	0	0	82	42.83248921874933
n911-1	deletion
n897-1	n764	0	0	83	42.76438031249934
n896-1	n763	0	0	84	42.67490390624934
n895-1	n762	0	0	85	42.58676296874934
n894-1	n759	0	0	86	42.46256437499936
n920-1	n767	0	0	51	42.860534062499326
n921-1	n768	0	0	63	42.864540468749325
n912-1	n766	0	0	73	42.84985031249933
n913-1	n769	0	0	79	42.905939999999326
n901-1	n772	0	0	79	43.158343593749315
n900-1	n771	0	0	80	43.05951890624932
n899-1	n770	0	0	81	42.97137796874932
n922-1	n776	0	0	50	43.24648453124931
n923-1	n774	0	0	62	43.24514906249931
n914-1	n775	0	0	69	43.24514906249931
n915-1	n777	0	0	74	43.25182640624931
n902-1	n773	0	0	78	43.23312984374931
n903-1	n778	0	0	79	43.33462546874931
n904-1	n779	0	0	80	43.43612109374931
n905-1	n780	0	0	81	43.533610312499306
n925-1	n783	0	0	45	43.6497960937493
n926-1	n784	0	0	57	43.6497960937493
n916-1	n782	0	0	72	43.6471251562493
n917-1	n781	0	0	77	43.6457896874993
n906-1	n785	0	0	82	43.6564734374993
n907-1	n786	0	0	83	43.7633109374993
n909-1	n788	0	0	83	43.95027656249929
n908-1	n787	0	0	84	43.8514518749993
n951-1	n790	0	0	41	44.05444312499928
n952-1	n792	0	0	53	44.05844953124928
n943-1	deletion
n944-1	n789	0	0	81	44.03975296874928
n930-1	n795	0	0	81	44.36293640624924
n929-1	n794	0	0	82	44.23339593749925
n928-1	n793	0	0	84	44.16795796874926
n927-1	n791	0	0	86	44.05577859374928
n954-1	n801	0	0	49	44.459090156249225
n955-1	n798	0	0	61	44.449741874999226
n945-1	n799	0	0	71	44.449741874999226
n946-1	n797	0	0	77	44.44306453124923
n934-1	n804	0	0	77	44.75022234374922
n933-1	n803	0	0	78	44.66475234374922
n932-1	n802	0	0	79	44.55925031249922
n931-1	n800	0	0	80	44.449741874999226
n956-1	n805	0	0	48	44.82901499999922
n957-1	n806	0	0	60	44.833021406249216
n947-1	n808	0	0	67	44.86373718749921
n948-1	n809	0	0	72	44.86373718749921
n935-1	n807	0	0	76	44.842369687499215
n936-1	n810	0	0	77	44.9478717187492
n937-1	n811	0	0	78	45.05203828124918
n938-1	n812	0	0	79	45.14819203124918
n959-1	n814	0	0	43	45.233662031249175
n960-1	n813	0	0	55	45.228320156249175
n949-1	n816	0	0	70	45.240339374999174
n950-1	n817	0	0	75	45.25235859374917
n939-1	n815	0	0	80	45.236332968749174
n940-1	n818	0	0	81	45.36053156249917
n942-1	n820	0	0	81	45.51143953124915
n941-1	n819	0	0	82	45.43932421874916
n985-1	n822	0	0	39	45.59958046874914
n986-1	n824	0	0	51	45.60759328124914
n977-1	n825	0	0	75	45.63830906249913
n978-1	n821	0	0	79	45.59156765624914
n964-1	n828	0	0	80	45.93745406249912
n963-1	n827	0	0	81	45.84530671874912
insertion	n826	0	0	81	45.75449484374912
n962-1	deletion
n961-1	n823	0	0	84	45.60625781249914
n988-1	n830	0	0	51	46.044291562499104
n989-1	n829	0	0	63	46.038949687499105
n982-1	n837	0	0	70	46.43291296874909
n979-1	deletion
n969-1	n836	0	0	75	46.3888424999991
n980-1	deletion
n968-1	n834	0	0	76	46.3314173437491
n967-1	n833	0	0	77	46.223244374999105
n966-1	n832	0	0	78	46.1564709374991
n965-1	n831	0	0	79	46.048297968749104
n981-1	n835	0	0	67	46.3835006249991
n972-1	n840	0	0	72	46.68131015624907
n971-1	n839	0	0	73	46.59183374999907
n970-1	n838	0	0	74	46.49835093749908
n990-1	n844	0	0	39	46.78547671874905
n991-1	n842	0	0	51	46.77879937499905
n983-1	n843	0	0	61	46.78147031249905
n976-1	n847	0	0	67	47.06726062499903
n984-1	deletion
n975-1	n846	0	0	68	46.97244234374904
n974-1	n845	0	0	69	46.89632062499905
n973-1	n841	0	0	70	46.765444687499055
n1016-1	n850	0	0	38	47.163414374999014
n1017-1	n851	0	0	50	47.17409812499901
n1008-1	n849	0	0	57	47.14738874999902
n1009-1	deletion
n992-1	n848	0	0	66	47.14338234374902
n993-1	n852	0	0	67	47.247548906249015
n994-1	n853	0	0	68	47.342367187499015
n995-1	n854	0	0	69	47.42115984374901
n1019-1	n859	0	0	39	47.565390468749
n1020-1	n861	0	0	45	47.71095656249898
n1010-1	n858	0	0	61	47.553371249999
n1014-1	deletion
n1011-1	n855	0	0	67	47.52131999999901
n999-1	n863	0	0	67	47.81111671874898
n998-1	n862	0	0	68	47.74434328124898
n997-1	n860	0	0	69	47.64151218749899
n996-1	n857	0	0	70	47.534674687499006
n1021-1	n864	0	0	38	47.92730249999897
n1022-1	n867	0	0	50	47.94065718749897
n1012-1	n865	0	0	57	47.92997343749897
n1013-1	deletion
n1000-1	n866	0	0	66	47.93130890624897
n1001-1	n868	0	0	67	48.028798124998964
n1002-1	n869	0	0	68	48.12094546874896
n1003-1	n870	0	0	69	48.21042187499896
n1024-1	n873	0	0	39	48.34129781249895
n1025-1	n874	0	0	45	48.34530421874895
n1015-1	n871	0	0	67	48.32527218749895
n1007-1	n877	0	0	67	48.621746249998935
n1006-1	n876	0	0	68	48.529598906248935
n1005-1	n875	0	0	69	48.44947078124894
n1004-1	n872	0	0	70	48.33729140624895
n1049-1	n879	0	0	38	48.70855171874893
n1050-1	n881	0	0	50	48.731254687498925
n1042-1	n880	0	0	57	48.724577343748926
n1043-1	deletion
n1026-1	n878	0	0	66	48.70721624999893
n1027-1	n882	0	0	67	48.81538921874892
n1028-1	n883	0	0	68	48.92489765624892
n1029-1	n884	0	0	69	48.99300656249892
n1052-1	n885	0	0	41	49.11586968749892
n1053-1	n886	0	0	47	49.11720515624892
n1044-1	n888	0	0	63	49.13723718749892
n1033-1	n891	0	0	69	49.39231171874889
n1032-1	n890	0	0	70	49.29882890624889
n1031-1	n889	0	0	71	49.218700781248906
n1030-1	n887	0	0	72	49.11720515624892
n1054-1	n893	0	0	40	49.50449109374888
n1055-1	n894	0	0	52	49.51517484374888
n1045-1	n895	0	0	59	49.52452312499888
n1046-1	deletion
n1034-1	n892	0	0	68	49.50048468749888
n1035-1	n896	0	0	69	49.65139265624887
n1036-1	n897	0	0	70	49.70481140624887
n1037-1	n898	0	0	71	49.78360406249887
n1057-1	n902	0	0	41	49.92917015624886
n1058-1	n901	0	0	47	49.92649921874886
n1047-1	n903	0	0	63	49.93184109374886
n1048-1	n899	0	0	69	49.91180906249886
n1041-1	n906	0	0	69	50.20294124999884
n1040-1	n905	0	0	70	50.11346484374884
n1039-1	n904	0	0	71	50.02933031249884
n1038-1	n900	0	0	72	49.91447999999886
n1081-1	n909	0	0	40	50.34850734374882
n1082-1	n911	0	0	52	50.35518468749882
n1073-1	n910	0	0	59	50.35384921874882
n1074-1	n907	0	0	64	50.33648812499882
n1059-1	n908	0	0	68	50.33648812499882
n1075-1	n913	0	0	80	50.89337859374876
n1076-1	n914	0	0	83	50.89337859374876
n1063-1	n916	0	0	86	51.06565406249876
n1061-1	n912	0	0	88	50.868004687498754
n1064-1	n917	0	0	88	51.14845312499876
n1062-1	n915	0	0	89	50.98419046874876
n1077-1	n920	0	0	76	51.255290624998764
n1078-1	n919	0	0	81	51.252619687498765
n1067-1	n922	0	0	83	51.43424343749876
n1065-1	n918	0	0	84	51.244606874998766
n1068-1	n923	0	0	84	51.533068124998756
n1066-1	n921	0	0	86	51.35277984374876
n1079-1	n926	0	0	72	51.641241093748754
n1080-1	n925	0	0	76	51.633228281248755
n1071-1	n928	0	0	79	51.82687124999876
n1069-1	n924	0	0	81	51.630557343748755
n1072-1	n929	0	0	81	51.940386093748764
n1070-1	n927	0	0	83	51.75342046874876
n1099-1	n930	0	0	69	52.020514218748765
n1100-1	n932	0	0	72	52.024520624998765
n1085-1	n934	0	0	76	52.18878328124876
n1083-1	n931	0	0	77	52.023185156248765
n1086-1	n935	0	0	77	52.29428531249876
n1084-1	n933	0	0	79	52.159402968748765
n1088-1	n936	0	0	81	52.38242624999876
n1103-1	n940	0	0	84	52.569391874998765
n1101-1	n937	0	0	86	52.39043906249876
n1104-1	n941	0	0	86	52.660203749998765
n1102-1	n938	0	0	88	52.50128296874876
n1105-1	n943	0	0	74	52.78039593749877
n1106-1	n944	0	0	77	52.787073281248766
n1093-1	n946	0	0	81	52.97003249999876
n1091-1	n942	0	0	83	52.76437031249877
n1094-1	n947	0	0	83	53.07152812499876
n1092-1	n945	0	0	84	52.896581718748756
n1128-1	n954	0	0	71	53.528258437498764
n1107-1	deletion
n1108-1	n949	0	0	74	53.178365624998754
n1097-1	n951	0	0	77	53.353312031248755
n1098-1	n952	0	0	79	53.441452968748756
n1095-1	n948	0	0	80	53.15833359374876
n1096-1	n950	0	0	81	53.270512968748754
n1127-1	n953	0	0	68	53.50555546874876
n1113-1	n957	0	0	75	53.707211249998764
n1111-1	n955	0	0	76	53.53226484374876
n1114-1	n958	0	0	76	53.795352187498764
n1112-1	n956	0	0	77	53.54161312499876
n1116-1	n960	0	0	81	53.90486062499877
n1131-1	n962	0	0	83	54.08381343749876
n1129-1	n959	0	0	84	53.90352515624877
n1132-1	n963	0	0	84	54.17328984374876
n1130-1	n961	0	0	86	53.99834343749877
n1133-1	n966	0	0	72	54.32019140624876
n1134-1	n965	0	0	76	54.30149484374876
n1121-1	n968	0	0	79	54.48311859374877
n1119-1	n964	0	0	81	54.286804687498766
n1122-1	n969	0	0	81	54.57125953124877
n1120-1	n967	0	0	83	54.39631312499876
n1135-1	n971	0	0	69	54.67141968749877
n1136-1	n972	0	0	72	54.67809703124877
n1125-1	n974	0	0	76	54.85437890624877
n1123-1	n970	0	0	77	54.66607781249877
n1126-1	n975	0	0	77	54.95053265624877
n1124-1	n973	0	0	79	54.77425078124877
n1155-1	n977	0	0	65	55.061376562498765
n1156-1	n978	0	0	69	55.062712031248765
n1141-1	n980	0	0	72	55.244335781248765
n1139-1	n976	0	0	74	55.05069281249877
n1142-1	n981	0	0	74	55.336483124998765
n1140-1	n979	0	0	76	55.160201249998764
n1157-1	n984	0	0	62	55.45133343749876
n1160-1	deletion
n1158-1	n982	0	0	65	55.44332062499876
n1145-1	n986	0	0	69	55.63429265624876
n1143-1	n983	0	0	71	55.44732703124876
n1146-1	n987	0	0	71	55.699730624998764
n1144-1	n985	0	0	72	55.566183749998764
n1159-1	n989	0	0	59	55.833277499998765
n1149-1	n991	0	0	63	56.04428156249877
n1150-1	n992	0	0	64	56.13776437499877
n1148-1	n990	0	0	65	55.95480515624877
n1147-1	n988	0	0	68	55.82125828124877
n1151-1	n993	0	0	65	56.23124718749877
n1152-1	n994	0	0	66	56.30870437499876
n1153-1	n995	0	0	67	56.39417437499876
n1154-1	deletion
n1187-1	n997	0	0	45	56.645242499998766
n1179-1	deletion
n1180-1	deletion
n1163-1	n996	0	0	69	56.63188781249877
n1164-1	n998	0	0	70	56.744067187498764
n1165-1	n999	0	0	71	56.84556281249876
n1166-1	n1000	0	0	72	56.96441953124876
n1189-1	n1001	0	0	52	57.024515624998756
n1190-1	n1005	0	0	57	57.039205781248754
n1191-1	n1003	0	0	60	57.028522031248755
n1181-1	n1004	0	0	64	57.028522031248755
n1182-1	n1002	0	0	69	57.024515624998756
n1167-1	n1006	0	0	73	57.05256046874875
n1168-1	n1007	0	0	74	57.16073343749875
n1169-1	n1008	0	0	75	57.23551968749875
n1170-1	n1009	0	0	76	57.33701531249875
n1193-1	n1010	0	0	45	57.413137031248745
n1183-1	n1012	0	0	69	57.43851093749874
n1184-1	deletion
n1171-1	n1011	0	0	77	57.42782718749874
n1186-1	deletion
n1172-1	n1013	0	0	78	57.526651874998734
n1173-1	n1014	0	0	79	57.62147015624874
n1174-1	n1015	0	0	80	57.70560468749874
n1195-1	n1017	0	0	53	57.81244218749874
n1196-1	n1019	0	0	57	57.81644859374874
n1197-1	n1018	0	0	62	57.81244218749874
n1185-1	n1020	0	0	74	57.829803281248736
n1175-1	n1016	0	0	81	57.81110671874874
n1176-1	n1021	0	0	82	57.91927968749874
n1177-1	n1022	0	0	83	58.022110781248735
n1178-1	n1023	0	0	84	58.107580781248735
n1223-1	n1027	0	0	33	58.24513406249873
n1224-1	deletion
n1215-1	n1025	0	0	76	58.21842468749873
n1216-1	n1024	0	0	81	58.210411874998734
n1199-1	n1026	0	0	85	58.21842468749873
n1200-1	n1028	0	0	86	58.325262187498716
n1201-1	n1029	0	0	87	58.4294287499987
n1202-1	n1030	0	0	88	58.500208593748695
n1226-1	n1032	0	0	52	58.63375546874868
n1227-1	n1035	0	0	57	58.64043281249868
n1228-1	n1034	0	0	60	58.63776187499868
n1217-1	n1036	0	0	81	58.64443921874868
n1218-1	n1033	0	0	84	58.63509093749868
n1206-1	n1039	0	0	86	58.92221671874868
n1205-1	n1038	0	0	87	58.82339203124867
n1204-1	n1037	0	0	88	58.74326390624867
n1203-1	n1031	0	0	89	58.62841359374868
n1230-1	n1041	0	0	57	59.038402499998675
n1231-1	n1042	0	0	60	59.041073437498675
n1232-1	n1043	0	0	64	59.043744374998674
n1219-1	n1044	0	0	76	59.043744374998674
n1220-1	deletion
n1210-1	n1047	0	0	82	59.318850937498674
n1209-1	n1046	0	0	83	59.24406468749867
n1208-1	n1045	0	0	84	59.14523999999867
n1207-1	n1040	0	0	85	59.030389687498676
n1221-1	deletion
n1222-1	n1048	0	0	76	59.437707656248676
n1212-1	n1050	0	0	80	59.52184218749867
n1211-1	n1049	0	0	81	59.448391406248675
n1214-1	n1052	0	0	81	59.70880781249866
n1213-1	n1051	0	0	83	59.600634843748665
n1259-1	n1055	0	0	40	59.80629703124866
n1251-1	deletion
n1252-1	n1053	0	0	76	59.80229062499866
n1238-1	n1058	0	0	77	60.08941640624866
n1237-1	n1057	0	0	78	59.99993999999866
n1236-1	n1056	0	0	79	59.925153749998664
n1235-1	n1054	0	0	80	59.80229062499866
n1261-1	n1059	0	0	52	60.18022828124866
n1262-1	n1064	0	0	59	60.19625390624866
n1263-1	n1063	0	0	62	60.19224749999866
n1253-1	n1062	0	0	68	60.18824109374866
n1254-1	n1060	0	0	71	60.18423468749866
n1240-1	n1065	0	0	75	60.30442687499866
n1239-1	n1061	0	0	76	60.18690562499866
n1242-1	n1067	0	0	76	60.463347656248665
n1241-1	n1066	0	0	77	60.376542187498664
n1265-1	n1069	0	0	45	60.57018515624866
n1255-1	deletion
n1256-1	n1070	0	0	72	60.58621078124866
n1246-1	n1073	0	0	72	60.835943437498656
n1245-1	n1072	0	0	73	60.762492656248654
n1244-1	n1071	0	0	74	60.64764234374866
n1243-1	n1068	0	0	75	60.56350781249866
n1267-1	n1075	0	0	52	60.95880656249865
n1268-1	n1077	0	0	57	60.97082578124865
n1269-1	n1076	0	0	60	60.96949031249865
n1257-1	deletion
n1258-1	deletion
n1247-1	n1074	0	0	71	60.944116406248654
n1250-1	n1080	0	0	72	61.223229374998645
n1248-1	deletion
n1249-1	n1079	0	0	74	61.133752968748645
n1295-1	n1082	0	0	52	61.35544078124864
n1296-1	n1084	0	0	59	61.36745999999864
n1287-1	n1081	0	0	64	61.33941515624864
n1288-1	deletion
n1271-1	n1083	0	0	71	61.35544078124864
n1273-1	n1086	0	0	71	61.53839999999863
n1272-1	n1085	0	0	72	61.428891562498634
n1274-1	n1087	0	0	72	61.64123109374863
n1298-1	n1089	0	0	53	61.74539765624863
n1299-1	n1091	0	0	59	61.74940406249863
n1289-1	n1088	0	0	63	61.74272671874863
n1290-1	n1090	0	0	69	61.74806859374863
n1275-1	n1092	0	0	71	61.77744890624863
n1277-1	n1094	0	0	71	61.98044015624861
n1276-1	n1093	0	0	72	61.853570624998625
n1278-1	n1095	0	0	72	62.049884531248615
n1300-1	n1097	0	0	52	62.160728437498605
n1291-1	n1098	0	0	64	62.162063906248605
n1292-1	n1099	0	0	68	62.164734843748604
n1279-1	n1096	0	0	71	62.14603828124861
n1282-1	n1102	0	0	74	62.4491896874986
n1281-1	n1101	0	0	75	62.350364999998604
n1280-1	n1100	0	0	76	62.246198437498606
n1293-1	n1103	0	0	62	62.5533562499986
n1294-1	n1105	0	0	68	62.5627045312486
n1286-1	n1108	0	0	70	62.8378110937486
n1285-1	n1107	0	0	71	62.769702187498595
n1284-1	n1106	0	0	72	62.64950999999859
n1283-1	n1104	0	0	73	62.5546917187486
n1328-1	n1110	0	0	45	62.959338749998594
n1320-1	n1109	0	0	60	62.951325937498595
n1321-1	deletion
n1304-1	n1111	0	0	69	62.96334515624859
n1305-1	n1112	0	0	70	63.05816343749859
n1306-1	n1113	0	0	71	63.15031078124859
n1307-1	n1114	0	0	72	63.2491354687486
n1330-1	n1118	0	0	52	63.362650312498594
n1331-1	n1120	0	0	57	63.367992187498594
n1332-1	n1117	0	0	60	63.355972968748596
n1322-1	n1119	0	0	64	63.366656718748594
n1323-1	n1115	0	0	69	63.3412828124986
n1308-1	n1116	0	0	73	63.3492956249986
n1309-1	n1121	0	0	74	63.457468593748594
n1310-1	n1122	0	0	75	63.548280468748594
n1311-1	n1123	0	0	76	63.64844062499859
n1334-1	n1125	0	0	45	63.76329093749859
n1324-1	n1126	0	0	69	63.77130374999859
n1325-1	deletion
n1312-1	n1124	0	0	77	63.75928453124859
n1313-1	n1127	0	0	78	63.87146390624858
n1314-1	n1128	0	0	79	63.972959531248584
n1315-1	n1129	0	0	80	64.05709406249858
n1336-1	n1132	0	0	53	64.16660249999858
n1337-1	n1134	0	0	57	64.17060890624857
n1338-1	n1131	0	0	62	64.16526703124858
n1326-1	n1133	0	0	74	64.16927343749857
n1327-1	deletion
n1316-1	n1130	0	0	81	64.16259609374858
n1317-1	n1135	0	0	82	64.26542718749856
n1318-1	n1136	0	0	83	64.35623906249856
n1319-1	n1137	0	0	84	64.45239281249856
n1364-1	n1140	0	0	33	64.57659140624855
n1365-1	deletion
n1356-1	n1141	0	0	76	64.58326874999855
n1357-1	n1138	0	0	81	64.56457218749856
n1340-1	n1139	0	0	85	64.56857859374855
n1341-1	n1142	0	0	86	64.68342890624854
n1342-1	n1143	0	0	87	64.77824718749852
n1343-1	n1144	0	0	88	64.85837531249852
n1367-1	n1147	0	0	52	64.9905867187485
n1368-1	n1148	0	0	57	64.9932576562485
n1369-1	n1149	0	0	60	64.9945931249985
n1358-1	n1145	0	0	81	64.9892512499985
n1359-1	n1150	0	0	84	65.0066123437485
n1347-1	n1153	0	0	86	65.28038343749849
n1346-1	n1152	0	0	87	65.18556515624849
n1345-1	n1151	0	0	88	65.10410156249849
n1344-1	n1146	0	0	89	64.9892512499985
n1371-1	n1155	0	0	57	65.38722093749848
n1372-1	n1157	0	0	60	65.39523374999848
n1373-1	n1154	0	0	64	65.38321453124848
n1360-1	n1158	0	0	76	65.40191109374848
n1361-1	n1159	0	0	81	65.40458203124848
n1351-1	n1162	0	0	82	65.67701765624847
n1350-1	n1161	0	0	83	65.60223140624848
n1349-1	n1160	0	0	84	65.49940031249848
n1348-1	n1156	0	0	85	65.38722093749848
n1362-1	n1165	0	0	72	65.81056453124846
n1363-1	n1164	0	0	76	65.80522265624846
n1353-1	n1166	0	0	80	65.89870546874845
n1352-1	n1163	0	0	81	65.78118421874846
n1355-1	n1169	0	0	81	66.05228437499844
n1354-1	n1167	0	0	83	66.00420749999844
n1399-1	n1170	0	0	38	66.16045734374843
n1400-1	deletion
n1392-1	n1172	0	0	74	66.16579921874843
n1393-1	n1171	0	0	77	66.16179281249843
n1376-1	n1173	0	0	82	66.17648296874843
n1377-1	n1174	0	0	83	66.26328843749842
n1378-1	n1175	0	0	84	66.36745499999843
n1379-1	n1176	0	0	85	66.45559593749843
n1402-1	n1178	0	0	50	66.56109796874843
n1403-1	n1181	0	0	53	66.57044624999843
n1404-1	n1180	0	0	58	66.56243343749843
n1405-1	n1177	0	0	62	66.55442062499843
n1394-1	n1182	0	0	77	66.57712359374842
n1395-1	deletion
n1380-1	n1179	0	0	86	66.56109796874843
n1381-1	n1183	0	0	87	66.65858718749841
n1382-1	n1184	0	0	88	66.75741187499841
n1383-1	n1185	0	0	89	66.83086265624841
n1407-1	n1186	0	0	40	66.95506124999841
n1408-1	deletion
n1396-1	n1189	0	0	80	66.9750932812484
n1397-1	n1188	0	0	86	66.95906765624841
n1384-1	n1187	0	0	88	66.95639671874841
n1385-1	n1190	0	0	89	67.05522140624839
n1386-1	n1191	0	0	90	67.14736874999839
n1387-1	n1192	0	0	91	67.23550968749839
n1410-1	n1194	0	0	52	67.33834078124839
n1411-1	n1196	0	0	59	67.34368265624839
n1412-1	n1195	0	0	62	67.34234718749839
n1398-1	n1197	0	0	86	67.34902453124839
n1388-1	n1193	0	0	92	67.33299890624839
n1389-1	n1198	0	0	93	67.43048812499838
n1390-1	n1199	0	0	94	67.52931281249839
n1391-1	n1200	0	0	95	67.62680203124839
n1438-1	n1201	0	0	41	67.73230406249839
n1439-1	deletion
n1430-1	n1202	0	0	84	67.75100062499838
n1431-1	deletion
n1417-1	n1206	0	0	90	68.05281656249835
n1416-1	n1205	0	0	91	67.93529531249835
n1415-1	n1204	0	0	92	67.84448343749837
n1414-1	n1203	0	0	93	67.75233609374838
n1441-1	n1208	0	0	57	68.15030578124833
n1442-1	n1210	0	0	60	68.15831859374833
n1443-1	n1209	0	0	65	68.15164124999833
n1432-1	deletion
n1433-1	deletion
n1421-1	n1213	0	0	86	68.42407687499833
n1420-1	n1212	0	0	87	68.34394874999833
n1419-1	n1211	0	0	88	68.26916249999833
n1418-1	n1207	0	0	89	68.14763484374834
n1445-1	n1214	0	0	36	68.53224984374833
n1446-1	deletion
n1434-1	n1217	0	0	76	68.56163015624833
n1435-1	n1216	0	0	81	68.54293359374833
n1425-1	n1220	0	0	82	68.82605296874831
n1424-1	n1219	0	0	83	68.73657656249831
n1423-1	n1218	0	0	84	68.64309374999831
n1422-1	n1215	0	0	85	68.53625624999833
n1448-1	n1222	0	0	52	68.93556140624831
n1449-1	n1223	0	0	57	68.94357421874831
n1450-1	deletion
n1436-1	deletion
n1437-1	n1224	0	0	76	68.95158703124831
n1429-1	n1227	0	0	78	69.23470640624829
n1428-1	n1226	0	0	79	69.1412235937483
n1427-1	n1225	0	0	80	69.0423989062483
n1426-1	n1221	0	0	81	68.93422593749831
n1476-1	n1229	0	0	38	69.30949265624828
n1477-1	deletion
n1468-1	deletion
n1469-1	n1228	0	0	74	69.29213156249828
n1455-1	n1233	0	0	74	69.58326374999828
n1454-1	n1232	0	0	75	69.49779374999828
n1453-1	n1231	0	0	76	69.42701390624828
n1452-1	n1230	0	0	77	69.31349906249828
n1479-1	n1237	0	0	50	69.70746234374828
n1480-1	n1236	0	0	53	69.70612687499828
n1481-1	n1235	0	0	58	69.70212046874828
n1482-1	n1238	0	0	62	69.71146874999828
n1470-1	n1239	0	0	65	69.71681062499827
n1471-1	deletion
n1456-1	n1234	0	0	73	69.70078499999828
n1457-1	n1240	0	0	74	69.77690671874826
n1459-1	n1242	0	0	74	69.97856249999825
n1458-1	n1241	0	0	77	69.88374421874825
n1483-1	n1248	0	0	52	70.10676749999824
n1484-1	n1244	0	0	57	70.09474828124824
n1485-1	n1245	0	0	60	70.09741921874824
n1472-1	n1246	0	0	64	70.09741921874824
n1473-1	n1243	0	0	69	70.08673546874824
n1460-1	n1247	0	0	71	70.09875468749824
n1461-1	n1249	0	0	72	70.19624390624824
n1463-1	n1251	0	0	72	70.37920312499823
n1462-1	n1250	0	0	76	70.27370109374823
n1486-1	n1252	0	0	52	70.48069874999823
n1487-1	n1254	0	0	59	70.48336968749823
n1474-1	n1256	0	0	62	70.51542093749822
n1475-1	n1255	0	0	68	70.49939531249822
n1464-1	n1253	0	0	70	70.48069874999823
n1465-1	n1257	0	0	71	70.58887171874821
n1467-1	n1259	0	0	71	70.7491279687482
n1466-1	n1258	0	0	76	70.6583160937482
n1511-1	n1261	0	0	45	70.8653137499982
n1512-1	n1262	0	0	57	70.8706556249982
n1504-1	n1263	0	0	60	70.89736499999819
n1488-1	n1260	0	0	69	70.8559654687482
n1489-1	n1264	0	0	70	70.97482218749818
n1490-1	n1265	0	0	71	71.06964046874818
n1491-1	n1266	0	0	72	71.15377499999818
n1514-1	n1270	0	0	41	71.27129624999817
n1515-1	n1267	0	0	53	71.26595437499817
n1505-1	n1268	0	0	62	71.26595437499817
n1506-1	n1271	0	0	69	71.27129624999817
n1492-1	n1269	0	0	73	71.26728984374817
n1493-1	n1272	0	0	74	71.39148843749817
n1494-1	n1273	0	0	75	71.46493921874816
n1495-1	n1274	0	0	76	71.55308015624816
n1507-1	n1276	0	0	69	71.67193687499817
n1508-1	deletion
n1496-1	n1275	0	0	77	71.66525953124817
n1497-1	n1277	0	0	78	71.76541968749817
n1498-1	n1278	0	0	79	71.85356062499817
n1499-1	n1279	0	0	80	71.94971437499817
n1516-1	n1280	0	0	40	72.05655187499816
n1517-1	n1282	0	0	52	72.06055828124816
n1509-1	n1283	0	0	74	72.07391296874816
n1510-1	deletion
n1500-1	n1281	0	0	81	72.05655187499816
n1501-1	n1284	0	0	82	72.14869921874815
n1502-1	n1285	0	0	83	72.24618843749813
n1503-1	n1286	0	0	84	72.33566484374813
n1542-1	n1287	0	0	33	72.44650874999813
n1543-1	n1290	0	0	45	72.44917968749813
n1534-1	n1288	0	0	72	72.44650874999813
n1535-1	n1289	0	0	76	72.44784421874813
n1518-1	n1291	0	0	81	72.45051515624813
n1519-1	n1292	0	0	82	72.56937187499811
n1520-1	n1293	0	0	83	72.65884828124811
n1521-1	n1294	0	0	84	72.73897640624811
n1545-1	n1298	0	0	29	72.85249124999811
n1546-1	n1299	0	0	41	72.85382671874811
n1536-1	n1295	0	0	74	72.84581390624811
n1537-1	n1296	0	0	81	72.84581390624811
n1522-1	n1297	0	0	85	72.84982031249811
n1523-1	n1300	0	0	86	72.98203171874812
n1524-1	n1301	0	0	87	73.06215984374812
n1525-1	n1302	0	0	88	73.16365546874812
n1538-1	n1304	0	0	81	73.27583484374813
n1540-1	n1311	0	0	86	73.64709515624811
n1539-1	deletion
n1526-1	n1303	0	0	89	73.26648656249813
n1527-1	n1305	0	0	90	73.36531124999811
n1528-1	n1306	0	0	91	73.46280046874811
n1529-1	n1307	0	0	92	73.53625124999812
n1547-1	n1308	0	0	28	73.63374046874812
n1548-1	n1309	0	0	40	73.63908234374811
n1541-1	deletion
n1530-1	n1310	0	0	93	73.64442421874811
n1531-1	n1312	0	0	94	73.7445843749981
n1532-1	n1313	0	0	95	73.83138984374808
n1533-1	n1314	0	0	96	73.93822734374807
n1573-1	n1315	0	0	33	74.04907124999805
n1574-1	n1316	0	0	45	74.04907124999805
n1565-1	n1317	0	0	84	74.05441312499805
n1566-1	n1319	0	0	88	74.06776781249805
n1552-1	n1323	0	0	90	74.36023546874804
n1551-1	n1322	0	0	91	74.25473343749805
n1550-1	n1321	0	0	92	74.16926343749805
n1549-1	n1318	0	0	93	74.05841953124805
n1567-1	n1326	0	0	81	74.49244687499804
n1556-1	n1329	0	0	86	74.71146374999805
n1568-1	deletion
n1555-1	n1328	0	0	87	74.63133562499804
n1554-1	n1327	0	0	88	74.56723312499804
n1553-1	n1325	0	0	89	74.46840843749804
n1569-1	n1331	0	0	77	74.82230765624804
n1570-1	n1332	0	0	81	74.82230765624804
n1560-1	n1335	0	0	82	75.07604671874802
n1559-1	n1334	0	0	83	75.00927328124803
n1558-1	n1333	0	0	84	74.93048062499803
n1557-1	n1330	0	0	85	74.81028843749804
n1571-1	n1337	0	0	74	75.21092906249801
n1592-1	deletion
n1572-1	deletion
n1564-1	n1340	0	0	78	75.47935828124801
n1563-1	n1339	0	0	79	75.38854640624801
n1562-1	n1338	0	0	80	75.30174093749801
n1561-1	n1336	0	0	81	75.18421968749801
n1591-1	n1343	0	0	69	75.591537656248
n1578-1	n1346	0	0	74	75.829251093748
n1577-1	n1345	0	0	75	75.743781093748
n1576-1	n1344	0	0	76	75.68635593749799
n1575-1	n1342	0	0	77	75.576847499998
n1593-1	n1348	0	0	65	76.00286203124799
n1583-1	n1353	0	0	69	76.32470999999796
n1594-1	deletion
n1582-1	n1351	0	0	70	76.20718874999798
n1581-1	n1350	0	0	71	76.13373796874798
n1580-1	n1349	0	0	72	76.03758421874798
n1579-1	n1347	0	0	73	75.944101406248
n1595-1	n1354	0	0	62	76.35141937499796
n1596-1	n1352	0	0	65	76.29800062499797
n1586-1	n1357	0	0	66	76.61450671874795
n1585-1	n1356	0	0	67	76.52235937499795
n1584-1	n1355	0	0	68	76.43021203124795
n1597-1	n1359	0	0	57	76.72935703124796
n1598-1	n1358	0	0	62	76.72134421874796
n1590-1	n1363	0	0	62	77.04452765624796
n1589-1	n1362	0	0	63	76.92834187499795
n1588-1	n1361	0	0	64	76.82417531249796
n1587-1	n1360	0	0	65	76.72935703124796
n1602-1	n1365	0	0	52	77.41845890624796
n1603-1	n1366	0	0	57	77.43314906249796
n1601-1	n1364	0	0	61	77.41578796874796
insertion	n497	0	0	59	27.829833281249908
insertion	n796	0	0	83	44.37495562499924
insertion	n856	0	0	44	47.52532640624901
insertion	n939	0	0	89	52.50929578124876
insertion	n1078	0	0	71	61.01356078124865
insertion	n1168	0	0	84	66.01088484374844
insertion	n1320	0	0	89	74.07444515624805
insertion	n1324	0	0	87	74.37893203124804
insertion	n1341	0	0	75	75.547467187498
