idx,matchtype,partid,ppartid
0,0,n15-1,n3
1,0,n16-1,n2
2,0,n1-1,n0
3,0,n2-1,n1
4,0,n3-1,n4
5,0,n7-1,n8
6,0,n5-1,n7
7,0,n9-1,n11
8,0,n4-1,n5
9,0,n8-1,n9
10,0,n6-1,n6
11,0,n10-1,n10
12,0,n13-1,n14
13,0,n11-1,n13
14,0,n14-1,n15
15,0,n12-1,n12
16,0,n22-1,n17
17,0,n23-1,n19
18,0,n17-1,n18
19,0,n18-1,n16
20,0,n24-1,n20
21,0,n25-1,n23
22,0,n19-1,n22
23,0,n20-1,n21
24,0,n41-1,n26
25,0,n42-1,n27
26,0,n27-1,n25
27,0,n28-1,n24
28,0,n29-1,n29
29,0,n33-1,n32
30,0,n31-1,n31
31,0,n35-1,n34
32,0,n30-1,n28
33,0,n34-1,n33
34,0,n32-1,n30
35,0,n36-1,n35
36,0,n39-1,n39
37,0,n37-1,n37
38,0,n40-1,n38
39,0,n38-1,n36
40,0,n48-1,n40
41,0,n49-1,n43
42,0,n43-1,n42
43,0,n44-1,n41
44,0,n50-1,n45
45,0,n51-1,n47
46,0,n45-1,n46
47,0,n46-1,n44
48,0,n62-1,n50
49,0,n60-1,n49
50,0,n53-1,n48
51,0,n63-1,n51
52,0,n64-1,n54
53,0,n61-1,n53
54,0,n54-1,n52
55,0,n56-1,n56
56,0,n55-1,n55
57,0,n57-1,n57
58,0,n65-1,n59
59,0,n59-1,n60
60,0,n58-1,n58
61,0,n66-1,n61
62,0,n79-1,n65
63,0,n77-1,n62
64,0,n74-1,n64
65,0,n67-1,n63
66,0,n80-1,n68
67,0,n75-1,n67
68,0,n68-1,n66
69,0,n70-1,n70
70,0,n69-1,n69
71,0,n71-1,n71
72,0,n81-1,n73
73,0,n73-1,n74
74,0,n72-1,n72
75,0,n90-1,n76
76,0,n82-1,n75
77,0,n91-1,n78
78,0,n83-1,n77
79,0,n92-1,n82
80,0,n89-1,n81
81,0,n86-1,n80
82,0,n87-1,n79
83,1,n84-1,undefined
84,0,n93-1,n84
85,0,n85-1,n83
86,0,n101-1,n87
87,0,n98-1,n85
88,0,n94-1,n86
89,0,n102-1,n89
90,0,n95-1,n88
91,0,n103-1,n92
92,0,n105-1,n94
93,0,n104-1,n93
94,0,n99-1,n90
95,0,n96-1,n91
96,0,n108-1,n98
97,0,n107-1,n96
98,0,n106-1,n95
99,0,n119-1,n99
100,0,n117-1,n100
101,0,n113-1,n102
102,0,n110-1,n101
103,0,n120-1,n103
104,0,n122-1,n106
105,0,n121-1,n105
106,0,n123-1,n107
107,0,n114-1,n104
108,0,n125-1,n111
109,0,n124-1,n110
110,0,n115-1,n109
111,0,n111-1,n108
112,0,n136-1,n115
113,0,n133-1,n114
114,0,n129-1,n113
115,0,n126-1,n112
116,0,n137-1,n119
117,0,n134-1,n116
118,0,n130-1,n118
119,0,n127-1,n117
120,0,n138-1,n121
121,0,n140-1,n123
122,0,n139-1,n122
123,0,n141-1,n124
124,0,n131-1,n120
125,0,n143-1,n128
126,0,n142-1,n125
127,0,n132-1,n126
128,0,n155-1,n132
129,0,n151-1,n130
130,0,n144-1,n131
131,0,n145-1,n129
132,0,n156-1,n133
133,0,n153-1,n136
134,0,n147-1,n135
135,0,n148-1,n137
136,0,n149-1,n134
137,1,n157-1,undefined
138,0,n164-1,n140
139,0,n158-1,n142
140,0,n159-1,n141
141,0,n160-1,n139
142,0,n171-1,n143
143,0,n166-1,n145
144,0,n167-1,n146
145,0,n168-1,n147
146,0,n162-1,n144
147,0,n172-1,n149
148,0,n173-1,n148
149,0,n190-1,n151
150,0,n191-1,n154
151,0,n192-1,n152
152,0,n193-1,n150
153,0,n174-1,n153
154,0,n175-1,n155
155,0,n176-1,n156
156,0,n177-1,n157
157,0,n194-1,n159
158,0,n195-1,n161
159,0,n178-1,n158
160,0,n180-1,n162
161,0,n179-1,n160
162,0,n181-1,n163
163,0,n196-1,n165
164,0,n182-1,n164
165,0,n183-1,n166
166,0,n184-1,n167
167,0,n185-1,n168
168,0,n197-1,n169
169,0,n198-1,n172
170,0,n186-1,n170
171,0,n188-1,n173
172,0,n187-1,n171
173,0,n189-1,n174
174,0,n215-1,n175
175,0,n199-1,n176
176,0,n200-1,n177
177,0,n201-1,n178
178,0,n202-1,n179
179,0,n216-1,n180
180,0,n217-1,n183
181,0,n203-1,n181
182,0,n205-1,n184
183,0,n204-1,n182
184,0,n206-1,n185
185,0,n218-1,n187
186,0,n207-1,n186
187,0,n208-1,n188
188,0,n209-1,n189
189,0,n210-1,n190
190,0,n219-1,n191
191,0,n220-1,n194
192,0,n211-1,n192
193,0,n213-1,n195
194,0,n212-1,n193
195,0,n214-1,n196
196,0,n238-1,n201
197,0,n237-1,n198
198,0,n223-1,n200
199,0,n221-1,n197
200,0,n224-1,n202
201,0,n222-1,n199
202,0,n240-1,n206
203,0,n239-1,n204
204,0,n227-1,n207
205,0,n225-1,n203
206,0,n228-1,n208
207,0,n226-1,n205
208,0,n242-1,n213
209,0,n241-1,n209
210,0,n231-1,n212
211,0,n229-1,n210
212,0,n232-1,n214
213,0,n230-1,n211
214,0,n244-1,n218
215,0,n243-1,n215
216,0,n235-1,n219
217,0,n233-1,n216
218,0,n236-1,n220
219,0,n234-1,n217
220,0,n262-1,n224
221,0,n261-1,n221
222,0,n247-1,n225
223,0,n245-1,n222
224,0,n248-1,n226
225,0,n246-1,n223
226,0,n264-1,n230
227,0,n263-1,n228
228,0,n251-1,n231
229,0,n249-1,n227
230,0,n252-1,n232
231,0,n250-1,n229
232,0,n266-1,n237
233,0,n265-1,n234
234,0,n255-1,n236
235,0,n253-1,n233
236,0,n256-1,n238
237,0,n254-1,n235
238,0,n268-1,n243
239,0,n267-1,n240
240,0,n259-1,n244
241,0,n257-1,n239
242,0,n260-1,n245
243,0,n258-1,n241
244,0,n285-1,n248
245,0,n286-1,n250
246,0,n287-1,n249
247,0,n288-1,n246
248,0,n269-1,n247
249,0,n270-1,n251
250,0,n271-1,n252
251,0,n272-1,n253
252,0,n289-1,n254
253,1,n290-1,undefined
254,0,n273-1,n255
255,0,n275-1,n257
256,0,n274-1,n256
257,0,n276-1,n258
258,0,n291-1,n260
259,0,n277-1,n259
260,0,n278-1,n261
261,0,n279-1,n262
262,0,n280-1,n263
263,0,n292-1,n264
264,0,n293-1,n267
265,0,n281-1,n265
266,0,n283-1,n268
267,0,n282-1,n266
268,0,n284-1,n269
269,0,n310-1,n270
270,0,n294-1,n271
271,0,n295-1,n272
272,0,n296-1,n273
273,0,n297-1,n274
274,0,n311-1,n275
275,0,n312-1,n278
276,0,n298-1,n276
277,0,n300-1,n279
278,0,n299-1,n277
279,0,n301-1,n280
280,0,n313-1,n282
281,0,n302-1,n281
282,0,n303-1,n283
283,0,n304-1,n285
284,0,n305-1,n286
285,0,n314-1,n288
286,0,n315-1,n290
287,0,n306-1,n287
288,0,n308-1,n291
289,0,n307-1,n289
290,0,n309-1,n292
291,0,n333-1,n296
292,0,n332-1,n293
293,0,n318-1,n297
294,0,n316-1,n294
295,0,n319-1,n298
296,0,n317-1,n295
297,0,n334-1,n300
298,0,n335-1,n302
299,0,n322-1,n303
300,0,n320-1,n299
301,0,n323-1,n304
302,0,n321-1,n301
303,0,n336-1,n305
304,0,n337-1,n309
305,0,n326-1,n310
306,0,n324-1,n306
307,0,n327-1,n311
308,0,n325-1,n307
309,0,n338-1,n312
310,0,n339-1,n315
311,0,n330-1,n316
312,0,n328-1,n313
313,0,n331-1,n317
314,0,n329-1,n314
315,0,n357-1,n321
316,0,n356-1,n318
317,0,n342-1,n322
318,0,n340-1,n319
319,0,n343-1,n323
320,0,n341-1,n320
321,0,n358-1,n327
322,0,n346-1,n326
323,0,n344-1,n324
324,0,n347-1,n328
325,0,n345-1,n325
326,0,n359-1,n330
327,0,n350-1,n332
328,0,n348-1,n329
329,0,n351-1,n333
330,0,n349-1,n331
331,0,n360-1,n335
332,0,n354-1,n337
333,0,n352-1,n334
334,0,n355-1,n338
335,0,n353-1,n336
336,0,n374-1,n341
337,0,n376-1,n343
338,0,n375-1,n342
339,0,n377-1,n344
340,0,n361-1,n340
341,0,n362-1,n339
342,0,n380-1,n347
343,0,n379-1,n346
344,0,n381-1,n348
345,0,n378-1,n345
346,0,n384-1,n351
347,0,n382-1,n349
348,0,n383-1,n350
349,0,n385-1,n352
350,0,n388-1,n359
351,0,n386-1,n354
352,0,n387-1,n356
353,0,n389-1,n362
354,0,n366-1,n360
355,0,n365-1,n353
356,0,n371-1,n357
357,0,n373-1,n361
358,0,n367-1,n363
359,1,n369-1,undefined
360,0,n370-1,n355
361,0,n372-1,n358
362,1,n368-1,undefined
363,0,n404-1,n367
364,0,n402-1,n364
365,0,n403-1,n366
366,0,n405-1,n368
367,0,n390-1,n365
368,0,n408-1,n372
369,0,n406-1,n369
370,0,n407-1,n370
371,0,n409-1,n375
372,0,n394-1,n376
373,0,n393-1,n374
374,0,n392-1,n373
375,0,n391-1,n371
376,0,n410-1,n378
377,0,n412-1,n381
378,0,n411-1,n379
379,0,n413-1,n383
380,0,n396-1,n382
381,0,n395-1,n377
382,0,n397-1,n380
383,0,n414-1,n386
384,0,n416-1,n390
385,0,n415-1,n387
386,0,n417-1,n391
387,0,n398-1,n385
388,0,n400-1,n388
389,0,n399-1,n384
390,0,n401-1,n389
391,0,n432-1,n393
392,0,n434-1,n396
393,0,n433-1,n395
394,0,n435-1,n397
395,0,n418-1,n394
396,0,n419-1,n392
397,0,n438-1,n400
398,0,n437-1,n399
399,0,n439-1,n401
400,0,n436-1,n398
401,0,n442-1,n404
402,0,n440-1,n402
403,0,n441-1,n403
404,0,n443-1,n405
405,0,n446-1,n411
406,0,n444-1,n406
407,0,n445-1,n409
408,0,n447-1,n413
409,0,n422-1,n407
410,0,n424-1,n414
411,0,n423-1,n408
412,1,n427-1,undefined
413,0,n429-1,n410
414,1,n431-1,undefined
415,0,n425-1,n415
416,0,n430-1,n412
417,1,n426-1,undefined
418,1,n428-1,undefined
419,0,n465-1,n416
420,0,n469-1,n422
421,0,n463-1,n420
422,0,n464-1,n419
423,0,n466-1,n421
424,0,n468-1,n423
425,0,n470-1,n427
426,0,n472-1,n434
427,0,n448-1,n418
428,0,n449-1,n417
429,0,n467-1,n425
430,0,n455-1,n432
431,0,n454-1,n430
432,0,n453-1,n429
433,0,n452-1,n428
434,0,n451-1,n426
435,0,n450-1,n424
436,0,n471-1,n431
437,0,n473-1,n437
438,0,n474-1,n438
439,0,n457-1,n436
440,0,n456-1,n433
441,0,n458-1,n435
442,0,n475-1,n441
443,0,n477-1,n443
444,0,n476-1,n442
445,0,n478-1,n446
446,0,n459-1,n440
447,0,n461-1,n445
448,0,n460-1,n439
449,0,n462-1,n444
450,0,n496-1,n447
451,0,n479-1,n449
452,0,n480-1,n448
453,0,n483-1,n452
454,0,n482-1,n451
455,0,n481-1,n450
456,0,n487-1,n456
457,0,n486-1,n455
458,0,n485-1,n454
459,0,n484-1,n453
460,0,n501-1,n462
461,0,n500-1,n460
462,0,n499-1,n458
463,0,n491-1,n463
464,0,n490-1,n461
465,0,n488-1,n457
466,0,n489-1,n459
467,0,n505-1,n471
468,0,n504-1,n468
469,0,n503-1,n467
470,0,n502-1,n464
471,0,n495-1,n470
472,0,n494-1,n469
473,0,n493-1,n466
474,0,n492-1,n465
475,0,n509-1,n474
476,0,n506-1,n473
477,0,n524-1,n476
478,0,n525-1,n479
479,0,n522-1,n480
480,0,n519-1,n475
481,0,n521-1,n478
482,1,n512-1,undefined
483,0,n523-1,n481
484,0,n520-1,n477
485,0,n527-1,n485
486,0,n526-1,n483
487,0,n513-1,n482
488,0,n514-1,n484
489,0,n529-1,n489
490,0,n528-1,n487
491,0,n515-1,n486
492,0,n516-1,n488
493,0,n530-1,n491
494,0,n531-1,n493
495,0,n518-1,n492
496,0,n517-1,n490
497,0,n538-1,n496
498,0,n539-1,n497
499,0,n534-1,n498
500,0,n533-1,n495
501,0,n532-1,n494
502,0,n541-1,n502
503,0,n540-1,n500
504,0,n535-1,n499
505,0,n536-1,n501
506,0,n543-1,n505
507,0,n542-1,n504
508,0,n537-1,n503
509,0,n544-1,n506
510,0,n545-1,n507
511,0,n554-1,n509
512,0,n555-1,n511
513,0,n546-1,n508
514,0,n547-1,n510
515,0,n557-1,n515
516,0,n556-1,n513
517,0,n549-1,n514
518,0,n548-1,n512
519,0,n559-1,n519
520,0,n558-1,n516
521,0,n551-1,n518
522,0,n550-1,n517
523,0,n560-1,n521
524,0,n561-1,n523
525,0,n553-1,n522
526,0,n552-1,n520
527,0,n570-1,n525
528,0,n571-1,n527
529,0,n562-1,n524
530,0,n563-1,n526
531,0,n573-1,n531
532,0,n572-1,n529
533,0,n565-1,n530
534,0,n564-1,n528
535,0,n575-1,n535
536,0,n574-1,n533
537,0,n567-1,n534
538,0,n566-1,n532
539,0,n576-1,n537
540,0,n577-1,n539
541,0,n569-1,n538
542,0,n568-1,n536
543,0,n581-1,n541
544,0,n582-1,n542
545,0,n578-1,n540
546,0,n584-1,n545
547,0,n583-1,n544
548,0,n579-1,n543
549,0,n585-1,n546
550,0,n586-1,n547
551,0,n588-1,n550
552,0,n587-1,n549
553,0,n580-1,n548
554,0,n592-1,n551
555,0,n593-1,n552
556,0,n595-1,n555
557,0,n594-1,n554
558,0,n590-1,n553
559,0,n597-1,n557
560,0,n596-1,n556
561,0,n598-1,n559
562,0,n599-1,n560
563,0,n591-1,n558
564,0,n608-1,n562
565,0,n609-1,n564
566,0,n600-1,n561
567,0,n601-1,n563
568,0,n611-1,n568
569,0,n610-1,n566
570,0,n602-1,n565
571,0,n603-1,n567
572,0,n613-1,n572
573,0,n612-1,n570
574,0,n604-1,n569
575,0,n605-1,n571
576,0,n614-1,n574
577,0,n615-1,n575
578,0,n607-1,n576
579,0,n606-1,n573
580,0,n622-1,n578
581,0,n623-1,n581
582,0,n618-1,n580
583,0,n617-1,n579
584,0,n616-1,n577
585,0,n625-1,n584
586,0,n624-1,n583
587,0,n619-1,n582
588,0,n620-1,n585
589,0,n627-1,n588
590,0,n626-1,n587
591,0,n621-1,n586
592,0,n628-1,n589
593,0,n629-1,n590
594,0,n638-1,n592
595,0,n639-1,n593
596,0,n630-1,n591
597,0,n631-1,n594
598,0,n641-1,n598
599,0,n640-1,n596
600,0,n633-1,n597
601,0,n632-1,n595
602,0,n643-1,n602
603,0,n642-1,n600
604,0,n635-1,n601
605,0,n634-1,n599
606,0,n644-1,n604
607,0,n645-1,n606
608,0,n637-1,n605
609,0,n636-1,n603
610,0,n654-1,n608
611,0,n655-1,n609
612,0,n646-1,n607
613,0,n647-1,n610
614,0,n657-1,n614
615,0,n656-1,n612
616,0,n649-1,n613
617,0,n648-1,n611
618,0,n659-1,n618
619,0,n658-1,n616
620,0,n651-1,n617
621,0,n650-1,n615
622,0,n660-1,n620
623,0,n661-1,n622
624,1,n653-1,undefined
625,0,n652-1,n619
626,0,n665-1,n624
627,0,n666-1,n625
628,0,n662-1,n623
629,0,n668-1,n628
630,0,n667-1,n627
631,0,n663-1,n626
632,0,n669-1,n629
633,0,n670-1,n630
634,0,n672-1,n633
635,0,n671-1,n632
636,0,n664-1,n631
637,0,n676-1,n634
638,0,n677-1,n635
639,0,n678-1,n636
640,0,n679-1,n638
641,0,n674-1,n637
642,0,n681-1,n640
643,0,n680-1,n639
644,0,n682-1,n642
645,0,n683-1,n643
646,0,n675-1,n641
647,0,n697-1,n645
648,0,n698-1,n647
649,0,n699-1,n646
650,0,n684-1,n644
651,0,n700-1,n649
652,0,n702-1,n653
653,0,n701-1,n648
654,0,n703-1,n654
655,0,n688-1,n655
656,0,n687-1,n652
657,0,n686-1,n651
658,0,n685-1,n650
659,0,n704-1,n657
660,0,n706-1,n661
661,0,n705-1,n658
662,0,n707-1,n662
663,0,n692-1,n663
664,0,n691-1,n660
665,0,n690-1,n659
666,0,n689-1,n656
667,0,n708-1,n665
668,0,n710-1,n669
669,0,n709-1,n664
670,0,n711-1,n668
671,0,n693-1,n666
672,0,n696-1,n671
673,0,n694-1,n667
674,0,n695-1,n670
675,0,n720-1,n673
676,0,n721-1,n675
677,0,n722-1,n674
678,0,n712-1,n672
679,0,n723-1,n676
680,0,n725-1,n679
681,0,n724-1,n677
682,0,n726-1,n678
683,0,n727-1,n680
684,0,n728-1,n687
685,0,n729-1,n686
686,0,n714-1,n681
687,0,n715-1,n684
688,0,n716-1,n685
689,0,n717-1,n682
690,0,n718-1,n683
691,0,n730-1,n689
692,0,n732-1,n691
693,0,n731-1,n688
694,0,n733-1,n690
695,0,n750-1,n696
696,0,n751-1,n698
697,0,n752-1,n697
698,0,n734-1,n695
699,0,n735-1,n694
700,0,n736-1,n693
701,0,n737-1,n692
702,0,n753-1,n700
703,0,n755-1,n705
704,0,n754-1,n701
705,0,n756-1,n704
706,0,n741-1,n706
707,0,n740-1,n703
708,0,n739-1,n702
709,0,n738-1,n699
710,0,n757-1,n708
711,0,n759-1,n713
712,0,n758-1,n709
713,0,n760-1,n712
714,0,n745-1,n714
715,0,n744-1,n711
716,0,n743-1,n710
717,0,n742-1,n707
718,1,n761-1,undefined
719,1,n763-1,undefined
720,0,n762-1,n715
721,0,n764-1,n721
722,0,n746-1,n716
723,0,n749-1,n722
724,0,n747-1,n718
725,0,n748-1,n720
726,0,n771-1,n724
727,0,n772-1,n726
728,0,n773-1,n725
729,0,n765-1,n723
730,0,n774-1,n728
731,0,n776-1,n730
732,0,n775-1,n727
733,0,n777-1,n729
734,0,n778-1,n734
735,0,n779-1,n735
736,0,n767-1,n732
737,0,n768-1,n733
738,0,n769-1,n731
739,0,n780-1,n736
740,0,n781-1,n737
741,0,n798-1,n742
742,0,n800-1,n745
743,0,n801-1,n744
744,0,n799-1,n743
745,0,n782-1,n740
746,0,n783-1,n741
747,0,n784-1,n739
748,1,n785-1,undefined
749,0,n802-1,n746
750,0,n804-1,n751
751,0,n803-1,n747
752,0,n805-1,n752
753,0,n789-1,n753
754,0,n788-1,n750
755,0,n787-1,n749
756,0,n786-1,n748
757,0,n806-1,n756
758,0,n808-1,n760
759,0,n807-1,n755
760,0,n809-1,n759
761,0,n793-1,n761
762,0,n792-1,n758
763,0,n791-1,n757
764,0,n790-1,n754
765,0,n810-1,n763
766,0,n812-1,n767
767,0,n813-1,n769
768,0,n811-1,n762
769,0,n794-1,n764
770,0,n797-1,n770
771,0,n795-1,n766
772,0,n796-1,n768
773,0,n827-1,n773
774,0,n829-1,n774
775,0,n830-1,n775
776,0,n828-1,n772
777,0,n814-1,n771
778,0,n831-1,n777
779,0,n833-1,n781
780,0,n832-1,n778
781,0,n834-1,n782
782,0,n818-1,n783
783,0,n817-1,n780
784,0,n816-1,n779
785,0,n815-1,n776
786,0,n835-1,n786
787,0,n837-1,n789
788,0,n836-1,n785
789,0,n838-1,n790
790,0,n822-1,n791
791,0,n821-1,n788
792,0,n820-1,n787
793,0,n819-1,n784
794,0,n839-1,n792
795,0,n840-1,n796
796,0,n841-1,n795
797,0,n823-1,n793
798,0,n826-1,n798
799,0,n824-1,n794
800,0,n825-1,n797
801,0,n862-1,n802
802,0,n863-1,n801
803,0,n864-1,n800
804,0,n853-1,n805
805,1,n843-1,undefined
806,0,n842-1,n799
807,0,n852-1,n804
808,0,n844-1,n806
809,1,n850-1,undefined
810,0,n851-1,n803
811,1,n854-1,undefined
812,0,n845-1,n807
813,1,n855-1,undefined
814,0,n859-1,n811
815,1,n847-1,undefined
816,0,n856-1,n808
817,0,n858-1,n810
818,1,n846-1,undefined
819,0,n857-1,n809
820,1,n860-1,undefined
821,0,n848-1,n812
822,0,n861-1,n813
823,1,n849-1,undefined
824,0,n878-1,n817
825,1,n868-1,undefined
826,0,n875-1,n814
827,0,n877-1,n816
828,1,n867-1,undefined
829,0,n876-1,n815
830,0,n869-1,n818
831,1,n879-1,undefined
832,0,n870-1,n819
833,0,n873-1,n822
834,1,n880-1,undefined
835,0,n872-1,n821
836,0,n871-1,n820
837,0,n874-1,n823
838,0,n890-1,n826
839,0,n891-1,n825
840,0,n883-1,n827
841,0,n882-1,n824
842,0,n884-1,n828
843,0,n885-1,n829
844,0,n887-1,n831
845,0,n886-1,n830
846,0,n889-1,n833
847,0,n888-1,n832
848,0,n902-1,n835
849,0,n895-1,n836
850,0,n892-1,n834
851,0,n896-1,n837
852,0,n897-1,n838
853,0,n899-1,n841
854,0,n898-1,n840
855,0,n893-1,n839
856,0,n901-1,n844
857,0,n900-1,n842
858,0,n894-1,n843
859,0,n914-1,n847
860,0,n911-1,n846
861,0,n904-1,n848
862,0,n903-1,n845
863,0,n905-1,n849
864,0,n906-1,n850
865,0,n912-1,n852
866,0,n908-1,n853
867,0,n907-1,n851
868,0,n913-1,n855
869,0,n910-1,n856
870,0,n909-1,n854
871,0,n925-1,n858
872,0,n918-1,n859
873,0,n915-1,n857
874,0,n919-1,n860
875,0,n920-1,n861
876,0,n922-1,n864
877,0,n921-1,n863
878,0,n916-1,n862
879,0,n924-1,n867
880,0,n923-1,n866
881,0,n917-1,n865
882,0,n934-1,n870
883,0,n935-1,n869
884,0,n927-1,n871
885,0,n926-1,n868
886,0,n928-1,n872
887,0,n929-1,n873
888,0,n931-1,n875
889,0,n930-1,n874
890,0,n933-1,n877
891,0,n932-1,n876
892,0,n944-1,n881
893,0,n945-1,n879
894,0,n946-1,n882
895,0,n947-1,n880
896,0,n937-1,n883
897,0,n936-1,n878
898,0,n939-1,n885
899,0,n938-1,n884
900,0,n941-1,n887
901,0,n940-1,n886
902,0,n943-1,n889
903,0,n942-1,n888
904,0,n956-1,n894
905,0,n957-1,n893
906,0,n958-1,n892
907,0,n959-1,n891
908,0,n949-1,n895
909,0,n948-1,n890
910,0,n951-1,n897
911,0,n950-1,n896
912,0,n953-1,n899
913,0,n952-1,n898
914,0,n955-1,n901
915,0,n954-1,n900
916,0,n968-1,n904
917,0,n969-1,n903
918,0,n961-1,n905
919,0,n960-1,n902
920,0,n962-1,n906
921,0,n963-1,n907
922,0,n965-1,n909
923,0,n964-1,n908
924,0,n967-1,n911
925,0,n966-1,n910
926,0,n975-1,n913
927,0,n976-1,n914
928,0,n972-1,n912
929,0,n977-1,n915
930,0,n978-1,n916
931,0,n980-1,n918
932,0,n979-1,n917
933,0,n982-1,n920
934,0,n981-1,n919
935,0,n998-1,n922
936,0,n995-1,n921
937,0,n992-1,n923
938,1,n984-1,undefined
939,0,n994-1,n925
940,0,n993-1,n924
941,1,n991-1,undefined
942,0,n985-1,n926
943,0,n986-1,n927
944,0,n996-1,n929
945,0,n988-1,n930
946,0,n987-1,n928
947,0,n997-1,n932
948,0,n990-1,n933
949,0,n989-1,n931
950,0,n1010-1,n936
951,0,n1003-1,n937
952,0,n1002-1,n935
953,0,n999-1,n934
954,0,n1004-1,n938
955,0,n1005-1,n939
956,0,n1007-1,n942
957,0,n1006-1,n941
958,0,n1000-1,n940
959,0,n1009-1,n945
960,0,n1008-1,n944
961,0,n1001-1,n943
962,0,n1026-1,n947
963,0,n1023-1,n946
964,0,n1012-1,n948
965,0,n1022-1,n950
966,1,n1020-1,undefined
967,0,n1021-1,n949
968,1,n1019-1,undefined
969,0,n1013-1,n951
970,0,n1014-1,n952
971,0,n1024-1,n954
972,0,n1016-1,n955
973,0,n1015-1,n953
974,0,n1025-1,n957
975,0,n1018-1,n958
976,0,n1017-1,n956
977,0,n1043-1,n962
978,0,n1044-1,n961
979,0,n1045-1,n960
980,0,n1028-1,n963
981,0,n1038-1,n965
982,1,n1036-1,undefined
983,0,n1037-1,n964
984,1,n1035-1,undefined
985,0,n1027-1,n959
986,0,n1029-1,n966
987,0,n1030-1,n967
988,0,n1032-1,n969
989,0,n1031-1,n968
990,0,n1034-1,n971
991,0,n1040-1,n973
992,0,n1042-1,n975
993,0,n1039-1,n972
994,0,n1041-1,n974
995,0,n1033-1,n970
996,0,n1054-1,n979
997,0,n1055-1,n976
998,0,n1056-1,n978
999,0,n1057-1,n977
1000,0,n1047-1,n981
1001,0,n1046-1,n980
1002,0,n1049-1,n983
1003,0,n1048-1,n982
1004,0,n1051-1,n985
1005,0,n1050-1,n984
1006,0,n1053-1,n987
1007,0,n1052-1,n986
1008,0,n1074-1,n991
1009,0,n1075-1,n992
1010,0,n1076-1,n993
1011,0,n1077-1,n990
1012,0,n1058-1,n989
1013,0,n1059-1,n994
1014,0,n1060-1,n995
1015,0,n1061-1,n996
1016,0,n1078-1,n997
1017,0,n1080-1,n1003
1018,0,n1079-1,n998
1019,0,n1081-1,n1001
1020,0,n1062-1,n999
1021,0,n1064-1,n1002
1022,0,n1063-1,n1000
1023,0,n1065-1,n1004
1024,0,n1082-1,n1007
1025,0,n1083-1,n1006
1026,0,n1066-1,n1005
1027,0,n1067-1,n1008
1028,0,n1068-1,n1009
1029,0,n1069-1,n1010
1030,0,n1084-1,n1011
1031,0,n1086-1,n1015
1032,0,n1085-1,n1012
1033,0,n1087-1,n1017
1034,0,n1070-1,n1013
1035,0,n1072-1,n1016
1036,0,n1071-1,n1014
1037,0,n1073-1,n1018
1038,0,n1104-1,n1020
1039,0,n1105-1,n1021
1040,0,n1088-1,n1019
1041,0,n1089-1,n1022
1042,0,n1090-1,n1023
1043,0,n1091-1,n1024
1044,0,n1106-1,n1025
1045,0,n1108-1,n1031
1046,0,n1107-1,n1026
1047,0,n1109-1,n1029
1048,0,n1092-1,n1027
1049,0,n1094-1,n1030
1050,0,n1093-1,n1028
1051,0,n1095-1,n1032
1052,0,n1110-1,n1035
1053,0,n1111-1,n1033
1054,0,n1096-1,n1034
1055,0,n1099-1,n1038
1056,0,n1098-1,n1037
1057,0,n1097-1,n1036
1058,0,n1103-1,n1042
1059,0,n1102-1,n1041
1060,0,n1101-1,n1040
1061,0,n1100-1,n1039
1062,0,n1128-1,n1045
1063,0,n1129-1,n1046
1064,0,n1130-1,n1047
1065,0,n1131-1,n1044
1066,0,n1112-1,n1043
1067,0,n1113-1,n1048
1068,0,n1114-1,n1049
1069,0,n1115-1,n1050
1070,0,n1132-1,n1052
1071,0,n1134-1,n1057
1072,0,n1133-1,n1051
1073,0,n1135-1,n1055
1074,0,n1116-1,n1053
1075,0,n1118-1,n1056
1076,0,n1117-1,n1054
1077,0,n1119-1,n1058
1078,0,n1136-1,n1059
1079,0,n1137-1,n1061
1080,0,n1120-1,n1060
1081,0,n1121-1,n1062
1082,0,n1122-1,n1063
1083,0,n1123-1,n1064
1084,0,n1138-1,n1065
1085,0,n1140-1,n1071
1086,0,n1139-1,n1066
1087,0,n1141-1,n1070
1088,0,n1124-1,n1067
1089,0,n1126-1,n1069
1090,0,n1125-1,n1068
1091,0,n1127-1,n1072
1092,0,n1158-1,n1075
1093,0,n1159-1,n1074
1094,0,n1142-1,n1073
1095,0,n1143-1,n1076
1096,0,n1144-1,n1077
1097,0,n1145-1,n1078
1098,0,n1160-1,n1079
1099,0,n1162-1,n1085
1100,0,n1161-1,n1080
1101,0,n1163-1,n1083
1102,0,n1146-1,n1081
1103,0,n1148-1,n1084
1104,0,n1147-1,n1082
1105,0,n1149-1,n1086
1106,0,n1164-1,n1089
1107,0,n1165-1,n1088
1108,0,n1150-1,n1087
1109,0,n1153-1,n1092
1110,0,n1152-1,n1091
1111,0,n1151-1,n1090
1112,0,n1157-1,n1096
1113,0,n1156-1,n1095
1114,0,n1155-1,n1094
1115,0,n1154-1,n1093
1116,0,n1182-1,n1098
1117,0,n1183-1,n1100
1118,0,n1184-1,n1099
1119,0,n1166-1,n1097
1120,0,n1167-1,n1101
1121,0,n1168-1,n1102
1122,0,n1169-1,n1103
1123,0,n1185-1,n1104
1124,0,n1187-1,n1110
1125,0,n1186-1,n1105
1126,0,n1188-1,n1108
1127,0,n1170-1,n1106
1128,0,n1172-1,n1109
1129,0,n1171-1,n1107
1130,0,n1173-1,n1111
1131,0,n1189-1,n1113
1132,0,n1190-1,n1112
1133,0,n1174-1,n1114
1134,0,n1175-1,n1115
1135,0,n1176-1,n1116
1136,0,n1177-1,n1117
1137,0,n1191-1,n1118
1138,0,n1193-1,n1123
1139,0,n1192-1,n1119
1140,0,n1194-1,n1124
1141,0,n1178-1,n1120
1142,0,n1180-1,n1122
1143,0,n1179-1,n1121
1144,0,n1181-1,n1125
1145,0,n1211-1,n1128
1146,0,n1212-1,n1127
1147,0,n1195-1,n1126
1148,0,n1196-1,n1129
1149,0,n1197-1,n1130
1150,0,n1198-1,n1131
1151,0,n1213-1,n1132
1152,0,n1215-1,n1138
1153,0,n1214-1,n1133
1154,0,n1216-1,n1137
1155,0,n1199-1,n1134
1156,0,n1201-1,n1136
1157,0,n1200-1,n1135
1158,0,n1202-1,n1139
1159,0,n1217-1,n1140
1160,0,n1218-1,n1141
1161,0,n1203-1,n1142
1162,0,n1204-1,n1143
1163,0,n1205-1,n1144
1164,0,n1206-1,n1145
1165,0,n1219-1,n1146
1166,0,n1221-1,n1150
1167,0,n1220-1,n1147
1168,0,n1222-1,n1151
1169,0,n1207-1,n1148
1170,0,n1209-1,n1152
1171,0,n1208-1,n1149
1172,0,n1210-1,n1153
1173,0,n1239-1,n1154
1174,0,n1241-1,n1159
1175,0,n1240-1,n1155
1176,0,n1225-1,n1158
1177,0,n1223-1,n1156
1178,0,n1226-1,n1160
1179,0,n1224-1,n1157
1180,0,n1243-1,n1164
1181,0,n1242-1,n1161
1182,0,n1229-1,n1165
1183,0,n1227-1,n1162
1184,0,n1230-1,n1166
1185,0,n1228-1,n1163
1186,0,n1244-1,n1169
1187,0,n1246-1,n1172
1188,0,n1245-1,n1168
1189,0,n1233-1,n1171
1190,0,n1231-1,n1167
1191,0,n1234-1,n1173
1192,0,n1232-1,n1170
1193,0,n1248-1,n1178
1194,0,n1247-1,n1175
1195,0,n1237-1,n1177
1196,0,n1235-1,n1174
1197,0,n1238-1,n1179
1198,0,n1236-1,n1176
1199,0,n1265-1,n1182
1200,0,n1267-1,n1185
1201,0,n1266-1,n1181
1202,0,n1251-1,n1184
1203,0,n1249-1,n1180
1204,0,n1252-1,n1186
1205,0,n1250-1,n1183
1206,0,n1269-1,n1190
1207,0,n1268-1,n1188
1208,0,n1255-1,n1191
1209,0,n1253-1,n1187
1210,0,n1256-1,n1192
1211,0,n1254-1,n1189
1212,0,n1270-1,n1195
1213,0,n1272-1,n1198
1214,0,n1271-1,n1194
1215,0,n1259-1,n1197
1216,0,n1257-1,n1193
1217,0,n1260-1,n1199
1218,0,n1258-1,n1196
1219,0,n1274-1,n1203
1220,0,n1273-1,n1201
1221,0,n1263-1,n1204
1222,0,n1261-1,n1200
1223,0,n1264-1,n1205
1224,0,n1262-1,n1202
1225,0,n1284-1,n1211
1226,0,n1285-1,n1210
1227,0,n1275-1,n1208
1228,0,n1276-1,n1207
1229,0,n1286-1,n1215
1230,0,n1287-1,n1214
1231,0,n1277-1,n1212
1232,0,n1278-1,n1213
1233,0,n1288-1,n1219
1234,0,n1289-1,n1218
1235,0,n1279-1,n1217
1236,0,n1280-1,n1216
1237,0,n1290-1,n1223
1238,0,n1291-1,n1222
1239,0,n1281-1,n1220
1240,0,n1282-1,n1221
1241,0,n1302-1,n1227
1242,0,n1303-1,n1226
1243,0,n1292-1,n1225
1244,0,n1293-1,n1224
1245,0,n1304-1,n1231
1246,0,n1305-1,n1230
1247,0,n1294-1,n1228
1248,0,n1295-1,n1229
1249,0,n1306-1,n1235
1250,0,n1307-1,n1234
1251,0,n1296-1,n1232
1252,0,n1297-1,n1233
1253,0,n1308-1,n1239
1254,0,n1309-1,n1238
1255,0,n1298-1,n1236
1256,0,n1299-1,n1237
1257,0,n1320-1,n1243
1258,0,n1321-1,n1242
1259,0,n1310-1,n1241
1260,0,n1311-1,n1240
1261,0,n1322-1,n1247
1262,0,n1323-1,n1246
1263,0,n1312-1,n1244
1264,0,n1313-1,n1245
1265,0,n1324-1,n1251
1266,0,n1325-1,n1250
1267,0,n1314-1,n1248
1268,0,n1315-1,n1249
1269,0,n1326-1,n1255
1270,0,n1327-1,n1254
1271,0,n1316-1,n1252
1272,0,n1317-1,n1253
1273,0,n1341-1,n1259
1274,0,n1342-1,n1258
1275,0,n1328-1,n1256
1276,0,n1329-1,n1257
1277,0,n1343-1,n1264
1278,0,n1344-1,n1263
1279,0,n1330-1,n1260
1280,0,n1331-1,n1262
1281,0,n1332-1,n1261
1282,0,n1345-1,n1269
1283,0,n1346-1,n1268
1284,0,n1333-1,n1265
1285,0,n1334-1,n1267
1286,0,n1335-1,n1266
1287,0,n1347-1,n1274
1288,0,n1348-1,n1273
1289,0,n1336-1,n1270
1290,0,n1337-1,n1272
1291,0,n1338-1,n1271
1292,0,n1349-1,n1276
1293,0,n1350-1,n1277
1294,0,n1351-1,n1275
1295,0,n1361-1,n1279
1296,0,n1362-1,n1278
1297,0,n1353-1,n1280
1298,0,n1354-1,n1281
1299,0,n1355-1,n1282
1300,0,n1356-1,n1283
1301,0,n1357-1,n1284
1302,0,n1358-1,n1285
1303,0,n1359-1,n1286
1304,0,n1364-1,n1287
1305,0,n1374-1,n1288
1306,0,n1375-1,n1289
1307,0,n1366-1,n1290
1308,0,n1367-1,n1291
1309,0,n1368-1,n1292
1310,0,n1369-1,n1293
1311,0,n1370-1,n1294
1312,0,n1371-1,n1295
1313,0,n1372-1,n1296
1314,0,n1377-1,n1297
1315,0,n1387-1,n1299
1316,0,n1388-1,n1298
1317,0,n1379-1,n1300
1318,0,n1380-1,n1301
1319,0,n1381-1,n1302
1320,0,n1382-1,n1303
1321,0,n1383-1,n1304
1322,0,n1384-1,n1305
1323,0,n1385-1,n1306
1324,0,n1396-1,n1310
1325,0,n1397-1,n1308
1326,0,n1390-1,n1307
1327,0,n1391-1,n1309
1328,0,n1399-1,n1314
1329,0,n1400-1,n1313
1330,0,n1393-1,n1312
1331,0,n1394-1,n1311
1332,0,n1407-1,n1318
1333,0,n1408-1,n1317
1334,0,n1402-1,n1315
1335,0,n1403-1,n1316
1336,0,n1410-1,n1320
1337,0,n1405-1,n1319
1338,0,n1411-1,n1322
1339,1,n1424-1,undefined
1340,0,n1406-1,n1321
1341,1,n1413-1,undefined
1342,0,n1425-1,n1329
1343,0,n1433-1,n1326
1344,0,n1426-1,n1332
1345,1,n1431-1,undefined
1346,0,n1423-1,n1323
1347,0,n1432-1,n1328
1348,1,n1430-1,undefined
1349,0,n1414-1,n1330
1350,0,n1420-1,n1325
1351,1,n1422-1,undefined
1352,0,n1415-1,n1331
1353,0,n1412-1,n1324
1354,0,n1421-1,n1327
1355,1,n1419-1,undefined
1356,0,n1427-1,n1334
1357,0,n1416-1,n1333
1358,0,n1428-1,n1337
1359,0,n1429-1,n1338
1360,0,n1417-1,n1336
1361,0,n1418-1,n1335
1362,0,n1439-1,n1342
1363,0,n1440-1,n1340
1364,0,n1434-1,n1341
1365,0,n1435-1,n1339
1366,0,n1442-1,n1344
1367,0,n1437-1,n1343
1368,0,n1443-1,n1346
1369,1,n1456-1,undefined
1370,0,n1438-1,n1345
1371,0,n1457-1,n1352
1372,0,n1465-1,n1350
1373,0,n1458-1,n1356
1374,1,n1463-1,undefined
1375,0,n1462-1,n1348
1376,0,n1464-1,n1353
1377,1,n1455-1,undefined
1378,0,n1446-1,n1354
1379,0,n1452-1,n1349
1380,1,n1454-1,undefined
1381,0,n1447-1,n1355
1382,1,n1445-1,undefined
1383,0,n1451-1,n1347
1384,0,n1453-1,n1351
1385,1,n1444-1,undefined
1386,0,n1459-1,n1358
1387,0,n1448-1,n1357
1388,0,n1460-1,n1361
1389,0,n1461-1,n1362
1390,0,n1449-1,n1360
1391,0,n1450-1,n1359
1392,0,n1471-1,n1365
1393,0,n1472-1,n1366
1394,0,n1466-1,n1364
1395,0,n1467-1,n1363
1396,0,n1474-1,n1368
1397,0,n1469-1,n1367
1398,0,n1475-1,n1370
1399,1,n1495-1,undefined
1400,0,n1470-1,n1369
1401,0,n1496-1,n1378
1402,0,n1507-1,n1374
1403,0,n1497-1,n1380
1404,1,n1505-1,undefined
1405,0,n1494-1,n1371
1406,0,n1506-1,n1376
1407,1,n1504-1,undefined
1408,0,n1478-1,n1377
1409,0,n1487-1,n1373
1410,0,n1479-1,n1379
1411,1,n1477-1,undefined
1412,1,n1489-1,undefined
1413,0,n1486-1,n1372
1414,0,n1488-1,n1375
1415,1,n1476-1,undefined
1416,0,n1498-1,n1382
1417,0,n1480-1,n1381
1418,0,n1501-1,n1391
1419,0,n1511-1,n1386
1420,0,n1502-1,n1393
1421,1,n1500-1,undefined
1422,1,n1509-1,undefined
1423,0,n1508-1,n1384
1424,0,n1510-1,n1388
1425,1,n1499-1,undefined
1426,0,n1483-1,n1390
1427,0,n1491-1,n1385
1428,0,n1493-1,n1389
1429,0,n1484-1,n1392
1430,1,n1482-1,undefined
1431,0,n1490-1,n1383
1432,0,n1492-1,n1387
1433,1,n1481-1,undefined
1434,0,n1503-1,n1395
1435,0,n1485-1,n1394
1436,0,n1533-1,n1403
1437,1,n1532-1,undefined
1438,0,n1541-1,n1399
1439,0,n1543-1,n1405
1440,1,n1531-1,undefined
1441,1,n1530-1,undefined
1442,0,n1540-1,n1396
1443,0,n1542-1,n1401
1444,0,n1514-1,n1402
1445,0,n1523-1,n1398
1446,0,n1515-1,n1404
1447,1,n1513-1,undefined
1448,1,n1525-1,undefined
1449,0,n1512-1,n1397
1450,0,n1524-1,n1400
1451,1,n1522-1,undefined
1452,0,n1534-1,n1407
1453,0,n1516-1,n1406
1454,0,n1537-1,n1414
1455,0,n1547-1,n1411
1456,0,n1538-1,n1417
1457,1,n1536-1,undefined
1458,1,n1545-1,undefined
1459,0,n1535-1,n1408
1460,0,n1546-1,n1415
1461,1,n1544-1,undefined
1462,0,n1519-1,n1413
1463,0,n1527-1,n1410
1464,0,n1520-1,n1416
1465,1,n1518-1,undefined
1466,1,n1529-1,undefined
1467,0,n1517-1,n1409
1468,0,n1528-1,n1412
1469,1,n1526-1,undefined
1470,0,n1539-1,n1419
1471,0,n1521-1,n1418
1472,0,n1555-1,n1422
1473,0,n1548-1,n1421
1474,0,n1557-1,n1424
1475,0,n1558-1,n1430
1476,0,n1559-1,n1428
1477,0,n1560-1,n1425
1478,0,n1550-1,n1426
1479,0,n1551-1,n1429
1480,0,n1552-1,n1427
1481,0,n1553-1,n1423
1482,0,n1580-1,n1435
1483,0,n1578-1,n1432
1484,0,n1581-1,n1438
1485,0,n1579-1,n1433
1486,0,n1564-1,n1436
1487,0,n1562-1,n1431
1488,0,n1565-1,n1437
1489,0,n1563-1,n1434
1490,0,n1582-1,n1440
1491,0,n1584-1,n1444
1492,0,n1583-1,n1441
1493,0,n1585-1,n1446
1494,0,n1566-1,n1439
1495,0,n1568-1,n1443
1496,0,n1567-1,n1442
1497,0,n1569-1,n1445
1498,0,n1586-1,n1448
1499,0,n1588-1,n1452
1500,0,n1587-1,n1450
1501,0,n1589-1,n1454
1502,0,n1570-1,n1447
1503,0,n1572-1,n1451
1504,0,n1571-1,n1449
1505,0,n1573-1,n1453
1506,0,n1590-1,n1456
1507,0,n1592-1,n1460
1508,0,n1591-1,n1457
1509,0,n1593-1,n1462
1510,0,n1574-1,n1455
1511,0,n1576-1,n1459
1512,0,n1575-1,n1458
1513,0,n1577-1,n1461
1514,0,n1612-1,n1467
1515,0,n1610-1,n1464
1516,0,n1613-1,n1469
1517,0,n1611-1,n1465
1518,0,n1596-1,n1468
1519,0,n1594-1,n1463
1520,0,n1597-1,n1470
1521,0,n1595-1,n1466
1522,0,n1616-1,n1475
1523,0,n1614-1,n1471
1524,0,n1617-1,n1477
1525,0,n1615-1,n1473
1526,0,n1600-1,n1476
1527,0,n1598-1,n1472
1528,0,n1601-1,n1478
1529,0,n1599-1,n1474
1530,0,n1618-1,n1479
1531,0,n1620-1,n1484
1532,0,n1619-1,n1481
1533,0,n1621-1,n1486
1534,0,n1602-1,n1480
1535,0,n1604-1,n1483
1536,0,n1603-1,n1482
1537,0,n1605-1,n1485
1538,0,n1624-1,n1492
1539,0,n1622-1,n1488
1540,0,n1625-1,n1494
1541,0,n1623-1,n1490
1542,0,n1608-1,n1491
1543,0,n1606-1,n1487
1544,0,n1609-1,n1493
1545,0,n1607-1,n1489
1546,0,n1644-1,n1499
1547,0,n1642-1,n1496
1548,0,n1645-1,n1502
1549,0,n1643-1,n1498
1550,0,n1628-1,n1500
1551,0,n1626-1,n1495
1552,0,n1629-1,n1501
1553,0,n1627-1,n1497
1554,0,n1648-1,n1508
1555,0,n1646-1,n1504
1556,0,n1649-1,n1510
1557,0,n1647-1,n1506
1558,0,n1632-1,n1507
1559,0,n1630-1,n1503
1560,0,n1633-1,n1509
1561,0,n1631-1,n1505
1562,0,n1652-1,n1516
1563,0,n1650-1,n1512
1564,0,n1653-1,n1517
1565,0,n1651-1,n1514
1566,0,n1636-1,n1515
1567,0,n1634-1,n1511
1568,0,n1637-1,n1518
1569,0,n1635-1,n1513
1570,0,n1656-1,n1523
1571,0,n1654-1,n1520
1572,0,n1657-1,n1525
1573,0,n1655-1,n1521
1574,0,n1640-1,n1524
1575,0,n1638-1,n1519
1576,0,n1641-1,n1526
1577,0,n1639-1,n1522
1578,0,n1675-1,n1531
1579,0,n1674-1,n1528
1580,0,n1660-1,n1530
1581,0,n1658-1,n1527
1582,0,n1661-1,n1532
1583,0,n1659-1,n1529
1584,0,n1677-1,n1536
1585,0,n1676-1,n1533
1586,0,n1664-1,n1537
1587,0,n1662-1,n1534
1588,0,n1665-1,n1538
1589,0,n1663-1,n1535
1590,0,n1679-1,n1542
1591,0,n1678-1,n1539
1592,0,n1668-1,n1543
1593,0,n1666-1,n1540
1594,0,n1669-1,n1544
1595,0,n1667-1,n1541
1596,0,n1681-1,n1548
1597,0,n1680-1,n1545
1598,0,n1672-1,n1549
1599,0,n1670-1,n1546
1600,0,n1673-1,n1551
1601,0,n1671-1,n1547
1602,0,n1690-1,n1552
1603,0,n1691-1,n1553
1604,0,n1682-1,n1554
1605,0,n1693-1,n1559
1606,0,n1694-1,n1562
1607,0,n1695-1,n1560
1608,0,n1696-1,n1555
1609,0,n1684-1,n1557
1610,0,n1685-1,n1563
1611,0,n1686-1,n1561
1612,0,n1687-1,n1558
1613,0,n1688-1,n1556
1614,0,n1705-1,n1565
1615,0,n1706-1,n1569
1616,0,n1707-1,n1571
1617,0,n1708-1,n1570
1618,0,n1698-1,n1567
1619,0,n1699-1,n1568
1620,0,n1700-1,n1566
1621,0,n1701-1,n1564
1622,0,n1710-1,n1573
1623,0,n1711-1,n1575
1624,1,n1724-1,undefined
1625,0,n1703-1,n1572
1626,0,n1704-1,n1574
1627,0,n1725-1,n1581
1628,0,n1733-1,n1579
1629,0,n1726-1,n1585
1630,1,n1731-1,undefined
1631,0,n1730-1,n1577
1632,0,n1732-1,n1582
1633,1,n1723-1,undefined
1634,0,n1714-1,n1583
1635,0,n1720-1,n1578
1636,1,n1722-1,undefined
1637,0,n1715-1,n1584
1638,1,n1713-1,undefined
1639,0,n1712-1,n1576
1640,0,n1721-1,n1580
1641,1,n1719-1,undefined
1642,0,n1727-1,n1587
1643,0,n1716-1,n1586
1644,0,n1728-1,n1591
1645,0,n1729-1,n1590
1646,0,n1717-1,n1589
1647,0,n1718-1,n1588
1648,0,n1739-1,n1594
1649,1,n1740-1,undefined
1650,0,n1734-1,n1593
1651,0,n1735-1,n1592
1652,0,n1742-1,n1596
1653,0,n1737-1,n1595
1654,0,n1743-1,n1598
1655,1,n1756-1,undefined
1656,0,n1738-1,n1597
1657,1,n1745-1,undefined
1658,0,n1757-1,n1606
1659,0,n1765-1,n1602
1660,0,n1758-1,n1607
1661,1,n1763-1,undefined
1662,0,n1762-1,n1600
1663,0,n1764-1,n1604
1664,1,n1755-1,undefined
1665,0,n1746-1,n1605
1666,0,n1752-1,n1601
1667,1,n1754-1,undefined
1668,0,n1747-1,n1608
1669,0,n1751-1,n1599
1670,0,n1753-1,n1603
1671,1,n1744-1,undefined
1672,0,n1759-1,n1610
1673,0,n1748-1,n1609
1674,0,n1760-1,n1614
1675,0,n1761-1,n1613
1676,0,n1749-1,n1612
1677,0,n1750-1,n1611
1678,0,n1771-1,n1617
1679,1,n1772-1,undefined
1680,0,n1766-1,n1616
1681,0,n1767-1,n1615
1682,0,n1774-1,n1619
1683,0,n1769-1,n1618
1684,0,n1775-1,n1621
1685,1,n1795-1,undefined
1686,0,n1770-1,n1620
1687,1,n1777-1,undefined
1688,0,n1796-1,n1628
1689,0,n1805-1,n1625
1690,0,n1807-1,n1631
1691,1,n1797-1,undefined
1692,0,n1804-1,n1623
1693,0,n1806-1,n1627
1694,1,n1794-1,undefined
1695,0,n1778-1,n1629
1696,0,n1787-1,n1624
1697,0,n1779-1,n1630
1698,1,n1789-1,undefined
1699,0,n1776-1,n1622
1700,0,n1788-1,n1626
1701,1,n1786-1,undefined
1702,0,n1798-1,n1633
1703,0,n1780-1,n1632
1704,0,n1801-1,n1641
1705,0,n1811-1,n1637
1706,1,n1809-1,undefined
1707,0,n1802-1,n1643
1708,1,n1800-1,undefined
1709,0,n1799-1,n1634
1710,0,n1810-1,n1639
1711,1,n1808-1,undefined
1712,0,n1783-1,n1640
1713,0,n1791-1,n1636
1714,0,n1784-1,n1642
1715,1,n1782-1,undefined
1716,1,n1793-1,undefined
1717,0,n1790-1,n1635
1718,0,n1792-1,n1638
1719,1,n1781-1,undefined
1720,0,n1803-1,n1645
1721,0,n1785-1,n1644
1722,0,n1832-1,n1654
1723,0,n1843-1,n1650
1724,0,n1833-1,n1656
1725,1,n1831-1,undefined
1726,1,n1841-1,undefined
1727,0,n1830-1,n1647
1728,0,n1842-1,n1652
1729,1,n1840-1,undefined
1730,0,n1814-1,n1655
1731,0,n1823-1,n1649
1732,0,n1825-1,n1653
1733,0,n1815-1,n1657
1734,1,n1813-1,undefined
1735,0,n1822-1,n1646
1736,0,n1824-1,n1651
1737,1,n1812-1,undefined
1738,0,n1834-1,n1659
1739,0,n1816-1,n1658
1740,0,n1837-1,n1663
1741,0,n1847-1,n1664
1742,1,n1838-1,undefined
1743,1,n1836-1,undefined
1744,1,n1845-1,undefined
1745,0,n1844-1,n1660
1746,0,n1846-1,n1666
1747,1,n1835-1,undefined
1748,0,n1819-1,n1668
1749,0,n1827-1,n1662
1750,0,n1829-1,n1667
1751,0,n1820-1,n1670
1752,1,n1818-1,undefined
1753,0,n1826-1,n1661
1754,0,n1828-1,n1665
1755,1,n1817-1,undefined
1756,0,n1839-1,n1671
1757,0,n1821-1,n1672
1758,0,n1864-1,n1673
1759,0,n1865-1,n1674
1760,0,n1866-1,n1675
1761,0,n1867-1,n1676
1762,0,n1848-1,n1677
1763,0,n1850-1,n1679
1764,0,n1849-1,n1678
1765,0,n1851-1,n1680
1766,0,n1852-1,n1681
1767,0,n1854-1,n1683
1768,0,n1853-1,n1682
1769,0,n1855-1,n1684
1770,0,n1856-1,n1685
1771,0,n1858-1,n1687
1772,0,n1857-1,n1686
1773,0,n1859-1,n1688
1774,0,n1860-1,n1689
1775,0,n1862-1,n1691
1776,0,n1861-1,n1690
1777,0,n1863-1,n1692
1778,0,n1868-1,n1693
1779,0,n1870-1,n1695
1780,0,n1869-1,n1694
1781,0,n1871-1,n1696
1782,0,n1872-1,n1697
1783,0,n1874-1,n1699
1784,0,n1873-1,n1698
1785,0,n1875-1,n1700
1786,0,n1876-1,n1701
1787,0,n1878-1,n1703
1788,0,n1877-1,n1702
1789,0,n1879-1,n1704
1790,0,n1880-1,n1705
1791,0,n1882-1,n1707
1792,0,n1881-1,n1706
1793,0,n1883-1,n1708
1794,0,n1904-1,n1713
1795,0,n1905-1,n1710
1796,0,n1906-1,n1712
1797,0,n1907-1,n1709
1798,0,n1888-1,n1711
1799,0,n1890-1,n1715
1800,0,n1889-1,n1714
1801,0,n1891-1,n1716
1802,0,n1892-1,n1717
1803,0,n1894-1,n1719
1804,0,n1893-1,n1718
1805,0,n1895-1,n1720
1806,0,n1896-1,n1721
1807,0,n1898-1,n1723
1808,0,n1897-1,n1722
1809,0,n1899-1,n1724
1810,0,n1900-1,n1725
1811,0,n1902-1,n1727
1812,0,n1901-1,n1726
1813,0,n1903-1,n1728
1814,0,n1908-1,n1729
1815,0,n1910-1,n1731
1816,0,n1909-1,n1730
1817,0,n1911-1,n1732
1818,0,n1912-1,n1733
1819,0,n1914-1,n1735
1820,0,n1913-1,n1734
1821,0,n1915-1,n1736
1822,0,n1916-1,n1737
1823,0,n1918-1,n1739
1824,0,n1917-1,n1738
1825,0,n1919-1,n1740
1826,0,n1920-1,n1742
1827,0,n1922-1,n1744
1828,0,n1921-1,n1743
1829,0,n1923-1,n1745
1830,0,n1944-1,n1749
1831,0,n1945-1,n1748
1832,0,n1946-1,n1746
1833,0,n1947-1,n1747
1834,0,n1928-1,n1750
1835,0,n1930-1,n1752
1836,0,n1929-1,n1751
1837,0,n1931-1,n1753
1838,0,n1932-1,n1754
1839,0,n1934-1,n1756
1840,1,n1933-1,undefined
1841,0,n1935-1,n1757
1842,0,n1936-1,n1758
1843,0,n1938-1,n1760
1844,0,n1937-1,n1759
1845,0,n1939-1,n1761
1846,0,n1940-1,n1762
1847,0,n1942-1,n1764
1848,0,n1941-1,n1763
1849,0,n1943-1,n1765
1850,0,n1948-1,n1766
1851,0,n1950-1,n1768
1852,0,n1949-1,n1767
1853,0,n1951-1,n1769
1854,0,n1952-1,n1770
1855,0,n1954-1,n1772
1856,0,n1953-1,n1771
1857,0,n1955-1,n1773
1858,0,n1956-1,n1774
1859,0,n1958-1,n1776
1860,0,n1957-1,n1775
1861,0,n1959-1,n1777
1862,0,n1960-1,n1778
1863,0,n1962-1,n1780
1864,0,n1961-1,n1779
1865,0,n1963-1,n1781
1866,0,n1984-1,n1784
1867,0,n1985-1,n1783
1868,0,n1986-1,n1786
1869,0,n1987-1,n1782
1870,0,n1968-1,n1785
1871,0,n1970-1,n1788
1872,0,n1969-1,n1787
1873,0,n1971-1,n1789
1874,0,n1972-1,n1790
1875,0,n1974-1,n1792
1876,0,n1973-1,n1791
1877,0,n1975-1,n1793
1878,0,n1976-1,n1794
1879,0,n1978-1,n1796
1880,0,n1977-1,n1795
1881,0,n1979-1,n1797
1882,0,n1980-1,n1798
1883,0,n1982-1,n1800
1884,0,n1981-1,n1799
1885,0,n1983-1,n1801
1886,0,n1988-1,n1802
1887,0,n1990-1,n1804
1888,0,n1989-1,n1803
1889,0,n1991-1,n1805
1890,0,n1992-1,n1806
1891,0,n1994-1,n1808
1892,0,n1993-1,n1807
1893,0,n1995-1,n1809
1894,0,n1996-1,n1810
1895,0,n1998-1,n1812
1896,0,n1997-1,n1811
1897,0,n1999-1,n1813
1898,0,n2000-1,n1814
1899,0,n2002-1,n1816
1900,0,n2001-1,n1815
1901,0,n2003-1,n1817
1902,0,n2024-1,n1822
1903,0,n2025-1,n1819
1904,0,n2026-1,n1818
1905,0,n2027-1,n1821
1906,0,n2008-1,n1820
1907,0,n2010-1,n1824
1908,0,n2009-1,n1823
1909,0,n2011-1,n1825
1910,0,n2012-1,n1826
1911,0,n2014-1,n1828
1912,0,n2013-1,n1827
1913,0,n2015-1,n1829
1914,0,n2016-1,n1830
1915,0,n2018-1,n1832
1916,1,n2017-1,undefined
1917,0,n2019-1,n1833
1918,0,n2020-1,n1834
1919,0,n2022-1,n1836
1920,0,n2021-1,n1835
1921,0,n2023-1,n1837
1922,0,n2028-1,n1838
1923,0,n2030-1,n1840
1924,0,n2029-1,n1839
1925,0,n2031-1,n1841
1926,0,n2032-1,n1842
1927,0,n2034-1,n1844
1928,0,n2033-1,n1843
1929,0,n2035-1,n1845
1930,0,n2036-1,n1846
1931,0,n2038-1,n1848
1932,0,n2037-1,n1847
1933,0,n2039-1,n1849
1934,0,n2040-1,n1850
1935,0,n2042-1,n1852
1936,0,n2041-1,n1851
1937,0,n2043-1,n1853
1938,0,n2064-1,n1857
1939,0,n2065-1,n1858
1940,0,n2066-1,n1856
1941,0,n2067-1,n1855
1942,0,n2048-1,n1854
1943,0,n2049-1,n1859
1944,0,n2050-1,n1861
1945,0,n2051-1,n1862
1946,0,n2052-1,n1863
1947,0,n2053-1,n1864
1948,0,n2054-1,n1865
1949,0,n2055-1,n1866
1950,0,n2056-1,n1867
1951,1,n2060-1,undefined
1952,0,n2057-1,n1868
1953,0,n2058-1,n1869
1954,0,n2059-1,n1870
1955,0,n2061-1,n1872
1956,1,n2062-1,undefined
1957,1,n2063-1,undefined
1958,0,n2068-1,n1875
1959,0,n2069-1,n1876
1960,0,n2070-1,n1877
1961,0,n2071-1,n1878
1962,0,n2072-1,n1879
1963,0,n2073-1,n1880
1964,0,n2077-1,n1884
1965,0,n2074-1,n1881
1966,0,n2075-1,n1882
1967,0,n2076-1,n1883
1968,0,n2078-1,n1885
1969,0,n2079-1,n1886
1970,0,n2080-1,n1887
1971,0,n2081-1,n1888
1972,0,n2082-1,n1889
1973,0,n2083-1,n1890
1974,0,n2102-1,n1892
1975,0,n2103-1,n1894
1976,0,n2088-1,n1893
1977,0,n2089-1,n1891
1978,1,n2090-1,undefined
1979,1,n2094-1,undefined
1980,0,n2092-1,n1897
1981,0,n2096-1,n1901
1982,0,n2091-1,n1895
1983,0,n2095-1,n1900
1984,0,n2093-1,n1898
1985,0,n2097-1,n1902
1986,0,n2100-1,n1905
1987,0,n2098-1,n1904
1988,0,n2101-1,n1906
1989,0,n2099-1,n1903
1990,0,n2109-1,n1909
1991,0,n2110-1,n1910
1992,0,n2104-1,n1908
1993,0,n2105-1,n1907
1994,0,n2111-1,n1914
1995,0,n2112-1,n1913
1996,0,n2106-1,n1912
1997,0,n2107-1,n1911
1998,0,n2122-1,n1919
1999,0,n2123-1,n1917
2000,0,n2124-1,n1918
2001,0,n2121-1,n1916
2002,0,n2114-1,n1915
2003,0,n2115-1,n1920
2004,0,n2117-1,n1922
2005,0,n2116-1,n1921
2006,0,n2118-1,n1923
2007,0,n2120-1,n1925
2008,0,n2119-1,n1924
2009,0,n2130-1,n1929
2010,0,n2131-1,n1928
2011,0,n2125-1,n1926
2012,0,n2126-1,n1927
2013,0,n2132-1,n1932
2014,0,n2133-1,n1931
2015,0,n2127-1,n1933
2016,0,n2128-1,n1930
2017,0,n2143-1,n1936
2018,0,n2144-1,n1939
2019,0,n2145-1,n1937
2020,0,n2146-1,n1934
2021,0,n2135-1,n1938
2022,0,n2136-1,n1935
2023,0,n2147-1,n1941
2024,0,n2148-1,n1940
2025,0,n2137-1,n1942
2026,0,n2139-1,n1944
2027,0,n2138-1,n1943
2028,0,n2140-1,n1945
2029,0,n2142-1,n1947
2030,0,n2141-1,n1946
2031,0,n2150-1,n1948
2032,0,n2152-1,n1950
2033,0,n2151-1,n1949
2034,0,n2153-1,n1951
2035,0,n2155-1,n1953
2036,0,n2154-1,n1952
2037,0,n2156-1,n1954
2038,0,n2158-1,n1956
2039,0,n2157-1,n1955
2040,0,n2159-1,n1957
2041,0,n2161-1,n1959
2042,0,n2160-1,n1958
2043,0,n2169-1,n1962
2044,0,n2170-1,n1960
2045,0,n2163-1,n1961
2046,0,n2171-1,n1964
2047,0,n2172-1,n1963
2048,0,n2165-1,n1966
2049,0,n2166-1,n1965
2050,0,n2173-1,n1970
2051,0,n2174-1,n1968
2052,0,n2167-1,n1969
2053,0,n2168-1,n1967
2054,0,n2182-1,n1971
2055,0,n2183-1,n1972
2056,0,n2184-1,n1976
2057,0,n2185-1,n1975
2058,0,n2177-1,n1974
2059,0,n2178-1,n1973
2060,0,n2179-1,n1977
2061,0,n2186-1,n1981
2062,0,n2187-1,n1980
2063,0,n2180-1,n1979
2064,0,n2181-1,n1978
2065,0,n2199-1,n1986
2066,0,n2200-1,n1987
2067,0,n2188-1,n1983
2068,0,n2189-1,n1984
2069,0,n2190-1,n1985
2070,0,n2191-1,n1982
2071,0,n2201-1,n1989
2072,0,n2202-1,n1988
2073,0,n2193-1,n1990
2074,0,n2195-1,n1992
2075,0,n2194-1,n1991
2076,0,n2196-1,n1993
2077,0,n2198-1,n1995
2078,0,n2197-1,n1994
2079,0,n2204-1,n1996
2080,0,n2206-1,n1998
2081,0,n2205-1,n1997
2082,0,n2207-1,n1999
2083,0,n2209-1,n2001
2084,0,n2208-1,n2000
2085,0,n2210-1,n2002
2086,0,n2212-1,n2004
2087,0,n2211-1,n2003
2088,0,n2213-1,n2005
2089,0,n2215-1,n2007
2090,0,n2214-1,n2006
2091,0,n2223-1,n2008
2092,0,n2224-1,n2010
2093,0,n2217-1,n2009
2094,0,n2225-1,n2012
2095,0,n2226-1,n2011
2096,0,n2219-1,n2013
2097,0,n2220-1,n2014
2098,0,n2227-1,n2015
2099,0,n2228-1,n2016
2100,0,n2221-1,n2017
2101,0,n2222-1,n2018
2102,0,n2237-1,n2019
2103,0,n2238-1,n2020
2104,0,n2239-1,n2024
2105,0,n2240-1,n2023
2106,0,n2231-1,n2022
2107,0,n2232-1,n2021
2108,0,n2233-1,n2026
2109,0,n2234-1,n2025
2110,0,n2241-1,n2028
2111,0,n2242-1,n2027
2112,0,n2235-1,n2030
2113,0,n2236-1,n2029
2114,0,n2253-1,n2033
2115,0,n2254-1,n2031
2116,0,n2243-1,n2034
2117,0,n2244-1,n2035
2118,0,n2245-1,n2036
2119,0,n2246-1,n2032
2120,0,n2255-1,n2038
2121,0,n2256-1,n2037
2122,0,n2247-1,n2039
2123,0,n2249-1,n2041
2124,0,n2248-1,n2040
2125,0,n2250-1,n2042
2126,0,n2252-1,n2044
2127,0,n2251-1,n2043
2128,0,n2258-1,n2045
2129,0,n2260-1,n2047
2130,0,n2259-1,n2046
2131,0,n2261-1,n2048
2132,0,n2263-1,n2050
2133,0,n2262-1,n2049
2134,0,n2264-1,n2051
2135,0,n2266-1,n2053
2136,0,n2265-1,n2052
2137,0,n2267-1,n2054
2138,0,n2269-1,n2056
2139,0,n2268-1,n2055
2140,0,n2277-1,n2058
2141,0,n2278-1,n2057
2142,0,n2271-1,n2059
2143,0,n2279-1,n2061
2144,0,n2280-1,n2060
2145,0,n2273-1,n2062
2146,0,n2274-1,n2063
2147,0,n2281-1,n2064
2148,0,n2282-1,n2065
2149,0,n2275-1,n2067
2150,0,n2276-1,n2066
2151,0,n2290-1,n2068
2152,0,n2291-1,n2069
2153,0,n2295-1,n2072
2154,0,n2292-1,n2073
2155,0,n2285-1,n2071
2156,0,n2286-1,n2070
2157,0,n2287-1,n2074
2158,0,n2293-1,n2075
2159,0,n2294-1,n2076
2160,0,n2288-1,n2078
2161,0,n2289-1,n2077
2162,0,n2303-1,n2080
2163,0,n2304-1,n2079
2164,0,n2305-1,n2083
2165,0,n2306-1,n2084
2166,0,n2298-1,n2082
2167,0,n2299-1,n2081
2168,0,n2300-1,n2085
2169,0,n2307-1,n2088
2170,0,n2308-1,n2089
2171,0,n2301-1,n2087
2172,0,n2302-1,n2086
2173,0,n2316-1,n2091
2174,0,n2317-1,n2090
2175,0,n2318-1,n2095
2176,0,n2319-1,n2094
2177,0,n2311-1,n2093
2178,0,n2312-1,n2092
2179,0,n2313-1,n2096
2180,0,n2320-1,n2100
2181,0,n2321-1,n2099
2182,0,n2314-1,n2098
2183,0,n2315-1,n2097
2184,0,n2322-1,n2101
2185,0,n2331-1,n2104
2186,0,n2332-1,n2103
2187,0,n2333-1,n2102
2188,0,n2323-1,n2105
2189,0,n2324-1,n2107
2190,0,n2325-1,n2106
2191,0,n2326-1,n2108
2192,0,n2335-1,n2114
2193,0,n2336-1,n2113
2194,0,n2337-1,n2111
2195,0,n2327-1,n2110
2196,0,n2328-1,n2112
2197,0,n2329-1,n2109
2198,0,n2338-1,n2115
2199,0,n2347-1,n2121
2200,0,n2348-1,n2119
2201,0,n2349-1,n2116
2202,0,n2339-1,n2120
2203,0,n2340-1,n2117
2204,0,n2341-1,n2118
2205,0,n2342-1,n2122
2206,0,n2351-1,n2127
2207,0,n2352-1,n2128
2208,0,n2353-1,n2124
2209,0,n2343-1,n2125
2210,0,n2344-1,n2126
2211,0,n2345-1,n2123
2212,0,n2367-1,n2133
2213,0,n2361-1,n2132
2214,0,n2354-1,n2130
2215,0,n2355-1,n2131
2216,0,n2356-1,n2129
2217,0,n2362-1,n2134
2218,0,n2364-1,n2136
2219,0,n2363-1,n2135
2220,0,n2365-1,n2137
2221,0,n2366-1,n2139
2222,0,n2359-1,n2138
2223,0,n2376-1,n2142
2224,0,n2375-1,n2141
2225,0,n2368-1,n2140
2226,0,n2377-1,n2143
2227,0,n2369-1,n2144
2228,0,n2371-1,n2146
2229,0,n2370-1,n2145
2230,0,n2372-1,n2147
2231,0,n2374-1,n2149
2232,0,n2373-1,n2148
2233,0,n2392-1,n2153
2234,0,n2386-1,n2152
2235,0,n2379-1,n2151
2236,0,n2380-1,n2150
2237,0,n2381-1,n2155
2238,0,n2382-1,n2154
2239,0,n2387-1,n2156
2240,0,n2389-1,n2158
2241,0,n2388-1,n2157
2242,0,n2390-1,n2159
2243,0,n2391-1,n2161
2244,0,n2384-1,n2160
2245,0,n2402-1,n2165
2246,0,n2400-1,n2164
2247,0,n2401-1,n2163
2248,0,n2393-1,n2162
2249,0,n2403-1,n2166
2250,0,n2394-1,n2167
2251,0,n2396-1,n2169
2252,0,n2395-1,n2168
2253,0,n2397-1,n2170
2254,0,n2399-1,n2172
2255,0,n2398-1,n2171
2256,0,n2419-1,n2177
2257,0,n2413-1,n2176
2258,0,n2412-1,n2175
2259,0,n2405-1,n2173
2260,0,n2406-1,n2174
2261,0,n2407-1,n2179
2262,0,n2408-1,n2178
2263,0,n2414-1,n2180
2264,0,n2416-1,n2182
2265,0,n2415-1,n2181
2266,0,n2417-1,n2183
2267,0,n2418-1,n2185
2268,0,n2410-1,n2184
2269,0,n2428-1,n2188
2270,0,n2427-1,n2187
2271,0,n2420-1,n2186
2272,0,n2429-1,n2189
2273,0,n2421-1,n2190
2274,0,n2423-1,n2192
2275,0,n2422-1,n2191
2276,0,n2424-1,n2193
2277,1,n2426-1,undefined
2278,0,n2425-1,n2194
2279,0,n2439-1,n2199
2280,0,n2440-1,n2200
2281,0,n2441-1,n2196
2282,0,n2442-1,n2197
2283,0,n2431-1,n2198
2284,0,n2432-1,n2201
2285,0,n2433-1,n2203
2286,0,n2435-1,n2205
2287,0,n2438-1,n2208
2288,0,n2434-1,n2204
2289,0,n2436-1,n2206
2290,0,n2437-1,n2207
2291,0,n2443-1,n2209
2292,0,n2445-1,n2211
2293,0,n2444-1,n2210
2294,0,n2446-1,n2212
2295,0,n2448-1,n2214
2296,0,n2447-1,n2213
2297,0,n2449-1,n2215
2298,0,n2451-1,n2217
2299,0,n2450-1,n2216
2300,0,n2452-1,n2218
2301,0,n2454-1,n2220
2302,0,n2453-1,n2219
2303,0,n2459-1,n2221
2304,0,n2461-1,n2223
2305,0,n2460-1,n2222
2306,0,n2462-1,n2224
2307,0,n2464-1,n2226
2308,0,n2463-1,n2225
2309,0,n2465-1,n2227
2310,0,n2467-1,n2229
2311,0,n2466-1,n2228
2312,0,n2468-1,n2230
2313,0,n2470-1,n2232
2314,0,n2469-1,n2231
2315,0,n2475-1,n2233
2316,0,n2477-1,n2235
2317,0,n2480-1,n2238
2318,1,n2482-1,undefined
2319,0,n2476-1,n2234
2320,0,n2478-1,n2236
2321,0,n2479-1,n2237
2322,0,n2481-1,n2239
2323,0,n2483-1,n2241
2324,0,n2485-1,n2243
2325,1,n2484-1,undefined
2326,0,n2486-1,n2244
2327,0,n2505-1,n2248
2328,0,n2506-1,n2247
2329,0,n2491-1,n2246
2330,0,n2492-1,n2245
2331,0,n2493-1,n2249
2332,0,n2497-1,n2253
2333,0,n2495-1,n2252
2334,0,n2499-1,n2256
2335,0,n2494-1,n2250
2336,0,n2498-1,n2254
2337,0,n2496-1,n2251
2338,0,n2500-1,n2255
2339,0,n2503-1,n2259
2340,0,n2501-1,n2258
2341,1,n2504-1,undefined
2342,0,n2502-1,n2257
2343,0,n2512-1,n2262
2344,0,n2513-1,n2263
2345,0,n2507-1,n2261
2346,0,n2508-1,n2260
2347,0,n2514-1,n2266
2348,0,n2515-1,n2267
2349,0,n2509-1,n2265
2350,0,n2510-1,n2264
2351,0,n2531-1,n2271
2352,0,n2532-1,n2270
2353,0,n2517-1,n2269
2354,0,n2518-1,n2268
2355,0,n2519-1,n2273
2356,0,n2523-1,n2276
2357,0,n2521-1,n2275
2358,0,n2525-1,n2278
2359,0,n2520-1,n2272
2360,0,n2524-1,n2277
2361,0,n2522-1,n2274
2362,0,n2526-1,n2279
2363,0,n2529-1,n2282
2364,0,n2527-1,n2280
2365,0,n2530-1,n2283
2366,0,n2528-1,n2281
2367,0,n2538-1,n2286
2368,0,n2539-1,n2287
2369,0,n2533-1,n2285
2370,0,n2534-1,n2284
2371,0,n2540-1,n2289
2372,0,n2541-1,n2290
2373,0,n2535-1,n2291
2374,0,n2536-1,n2288
2375,0,n2553-1,n2294
2376,0,n2550-1,n2293
2377,0,n2543-1,n2292
2378,0,n2554-1,n2295
2379,0,n2555-1,n2296
2380,0,n2551-1,n2298
2381,0,n2544-1,n2297
2382,0,n2546-1,n2300
2383,0,n2545-1,n2299
2384,0,n2547-1,n2301
2385,0,n2556-1,n2304
2386,0,n2552-1,n2303
2387,0,n2549-1,n2305
2388,0,n2548-1,n2302
2389,0,n2571-1,n2307
2390,0,n2557-1,n2306
2391,0,n2572-1,n2311
2392,0,n2569-1,n2310
2393,0,n2565-1,n2309
2394,0,n2558-1,n2308
2395,0,n2573-1,n2312
2396,0,n2566-1,n2313
2397,0,n2559-1,n2314
2398,0,n2561-1,n2316
2399,0,n2560-1,n2315
2400,0,n2562-1,n2317
2401,0,n2574-1,n2320
2402,0,n2567-1,n2319
2403,0,n2564-1,n2321
2404,0,n2563-1,n2318
2405,0,n2583-1,n2324
2406,0,n2581-1,n2323
2407,0,n2575-1,n2322
2408,0,n2584-1,n2326
2409,0,n2576-1,n2325
2410,0,n2585-1,n2330
2411,0,n2582-1,n2329
2412,0,n2579-1,n2328
2413,0,n2577-1,n2327
2414,0,n2587-1,n2333
2415,1,n2580-1,undefined
2416,0,n2586-1,n2332
2417,0,n2578-1,n2331
2418,0,n2594-1,n2335
2419,0,n2591-1,n2334
2420,0,n2595-1,n2337
2421,0,n2588-1,n2336
2422,0,n2596-1,n2340
2423,0,n2592-1,n2338
2424,0,n2589-1,n2339
2425,0,n2607-1,n2341
2426,0,n2608-1,n2342
2427,0,n2599-1,n2344
2428,0,n2600-1,n2343
2429,0,n2609-1,n2345
2430,0,n2610-1,n2346
2431,0,n2601-1,n2348
2432,0,n2602-1,n2347
2433,0,n2611-1,n2349
2434,0,n2612-1,n2350
2435,0,n2603-1,n2352
2436,0,n2604-1,n2351
2437,0,n2613-1,n2354
2438,0,n2614-1,n2353
2439,0,n2605-1,n2356
2440,0,n2606-1,n2355
2441,0,n2629-1,n2357
2442,0,n2630-1,n2358
2443,0,n2617-1,n2360
2444,0,n2618-1,n2359
2445,0,n2631-1,n2361
2446,0,n2632-1,n2362
2447,0,n2619-1,n2364
2448,0,n2620-1,n2363
2449,0,n2633-1,n2367
2450,0,n2634-1,n2368
2451,0,n2623-1,n2370
2452,0,n2621-1,n2366
2453,0,n2624-1,n2369
2454,0,n2622-1,n2365
2455,0,n2627-1,n2374
2456,0,n2625-1,n2372
2457,0,n2628-1,n2373
2458,0,n2626-1,n2371
2459,0,n2645-1,n2376
2460,0,n2646-1,n2375
2461,0,n2637-1,n2378
2462,0,n2638-1,n2377
2463,0,n2647-1,n2380
2464,0,n2648-1,n2379
2465,0,n2639-1,n2382
2466,0,n2640-1,n2381
2467,0,n2649-1,n2384
2468,0,n2650-1,n2383
2469,0,n2641-1,n2386
2470,0,n2642-1,n2385
2471,0,n2651-1,n2387
2472,0,n2652-1,n2388
2473,0,n2643-1,n2390
2474,0,n2644-1,n2389
2475,0,n2667-1,n2391
2476,0,n2668-1,n2392
2477,0,n2655-1,n2394
2478,0,n2656-1,n2393
2479,0,n2669-1,n2395
2480,0,n2670-1,n2396
2481,0,n2657-1,n2398
2482,0,n2658-1,n2397
2483,0,n2671-1,n2400
2484,0,n2672-1,n2402
2485,0,n2661-1,n2404
2486,0,n2659-1,n2401
2487,0,n2662-1,n2403
2488,0,n2660-1,n2399
2489,0,n2665-1,n2407
2490,0,n2663-1,n2406
2491,0,n2666-1,n2408
2492,0,n2664-1,n2405
2493,0,n2683-1,n2412
2494,0,n2684-1,n2411
2495,0,n2674-1,n2410
2496,0,n2675-1,n2409
2497,0,n2685-1,n2416
2498,0,n2686-1,n2415
2499,0,n2676-1,n2414
2500,0,n2677-1,n2413
2501,0,n2687-1,n2420
2502,0,n2688-1,n2419
2503,0,n2678-1,n2417
2504,0,n2679-1,n2418
2505,0,n2689-1,n2424
2506,0,n2690-1,n2423
2507,0,n2680-1,n2422
2508,0,n2681-1,n2421
2509,0,n2701-1,n2428
2510,0,n2702-1,n2427
2511,0,n2691-1,n2425
2512,0,n2692-1,n2426
2513,0,n2703-1,n2433
2514,0,n2704-1,n2432
2515,0,n2693-1,n2430
2516,0,n2694-1,n2429
2517,0,n2707-1,n2438
2518,0,n2705-1,n2436
2519,0,n2708-1,n2439
2520,0,n2706-1,n2435
2521,0,n2695-1,n2437
2522,0,n2696-1,n2434
2523,0,n2711-1,n2445
2524,0,n2709-1,n2443
2525,0,n2712-1,n2444
2526,0,n2710-1,n2442
2527,0,n2697-1,n2441
2528,0,n2698-1,n2440
2529,0,n2722-1,n2449
2530,0,n2723-1,n2448
2531,0,n2713-1,n2447
2532,0,n2714-1,n2446
2533,0,n2724-1,n2453
2534,0,n2725-1,n2452
2535,0,n2715-1,n2451
2536,0,n2716-1,n2450
2537,0,n2728-1,n2459
2538,0,n2726-1,n2457
2539,0,n2729-1,n2458
2540,0,n2727-1,n2454
2541,0,n2717-1,n2455
2542,0,n2718-1,n2456
2543,0,n2732-1,n2465
2544,0,n2730-1,n2462
2545,0,n2733-1,n2464
2546,0,n2731-1,n2461
2547,0,n2719-1,n2463
2548,0,n2720-1,n2460
2549,0,n2747-1,n2469
2550,0,n2748-1,n2468
2551,0,n2734-1,n2467
2552,0,n2735-1,n2466
2553,0,n2749-1,n2473
2554,0,n2750-1,n2472
2555,0,n2736-1,n2471
2556,0,n2737-1,n2470
2557,0,n2751-1,n2475
2558,0,n2753-1,n2479
2559,0,n2752-1,n2474
2560,0,n2754-1,n2478
2561,0,n2740-1,n2477
2562,0,n2741-1,n2476
2563,0,n2755-1,n2483
2564,0,n2757-1,n2486
2565,0,n2756-1,n2480
2566,0,n2758-1,n2484
2567,0,n2744-1,n2487
2568,0,n2742-1,n2482
2569,0,n2745-1,n2485
2570,0,n2743-1,n2481
2571,0,n2772-1,n2489
2572,0,n2774-1,n2492
2573,0,n2773-1,n2491
2574,0,n2775-1,n2493
2575,0,n2759-1,n2490
2576,0,n2760-1,n2488
2577,0,n2778-1,n2496
2578,0,n2777-1,n2495
2579,0,n2779-1,n2497
2580,0,n2776-1,n2494
2581,0,n2782-1,n2500
2582,0,n2780-1,n2498
2583,0,n2781-1,n2499
2584,0,n2783-1,n2501
2585,0,n2786-1,n2508
2586,0,n2784-1,n2503
2587,0,n2785-1,n2505
2588,0,n2787-1,n2510
2589,0,n2764-1,n2511
2590,0,n2763-1,n2502
2591,0,n2769-1,n2506
2592,0,n2771-1,n2509
2593,0,n2765-1,n2512
2594,1,n2767-1,undefined
2595,0,n2768-1,n2504
2596,0,n2770-1,n2507
2597,1,n2766-1,undefined
2598,0,n2802-1,n2516
2599,0,n2800-1,n2513
2600,0,n2801-1,n2515
2601,0,n2803-1,n2517
2602,0,n2788-1,n2514
2603,0,n2806-1,n2521
2604,0,n2804-1,n2518
2605,0,n2805-1,n2519
2606,0,n2807-1,n2524
2607,0,n2792-1,n2525
2608,0,n2791-1,n2523
2609,0,n2790-1,n2522
2610,0,n2789-1,n2520
2611,0,n2808-1,n2527
2612,0,n2810-1,n2531
2613,0,n2809-1,n2528
2614,0,n2811-1,n2532
2615,0,n2794-1,n2529
2616,0,n2793-1,n2526
2617,0,n2795-1,n2530
2618,0,n2812-1,n2535
2619,0,n2814-1,n2539
2620,0,n2813-1,n2536
2621,0,n2815-1,n2540
2622,0,n2796-1,n2533
2623,0,n2798-1,n2537
2624,0,n2797-1,n2534
2625,0,n2799-1,n2538
2626,0,n2830-1,n2543
2627,0,n2832-1,n2545
2628,0,n2831-1,n2544
2629,0,n2833-1,n2546
2630,0,n2816-1,n2542
2631,0,n2817-1,n2541
2632,0,n2836-1,n2549
2633,0,n2835-1,n2548
2634,0,n2837-1,n2550
2635,0,n2839-1,n2552
2636,0,n2834-1,n2547
2637,0,n2840-1,n2553
2638,0,n2838-1,n2551
2639,0,n2841-1,n2554
2640,0,n2844-1,n2560
2641,0,n2842-1,n2555
2642,0,n2843-1,n2558
2643,0,n2845-1,n2562
2644,0,n2820-1,n2556
2645,0,n2822-1,n2564
2646,0,n2821-1,n2557
2647,0,n2825-1,n2559
2648,0,n2829-1,n2563
2649,0,n2823-1,n2565
2650,0,n2849-1,n2575
2651,1,n2827-1,undefined
2652,0,n2828-1,n2561
2653,0,n2847-1,n2567
2654,0,n2848-1,n2574
2655,1,n2826-1,undefined
2656,1,n2824-1,undefined
2657,0,n2863-1,n2566
2658,0,n2867-1,n2571
2659,0,n2861-1,n2569
2660,0,n2862-1,n2568
2661,2,undefined,n2570
2662,0,n2864-1,n2572
2663,0,n2866-1,n2576
2664,0,n2870-1,n2583
2665,1,n2868-1,undefined
2666,1,n2846-1,undefined
2667,0,n2865-1,n2573
2668,0,n2853-1,n2581
2669,0,n2852-1,n2579
2670,0,n2851-1,n2578
2671,0,n2850-1,n2577
2672,0,n2869-1,n2580
2673,0,n2871-1,n2586
2674,0,n2872-1,n2587
2675,0,n2855-1,n2585
2676,0,n2854-1,n2582
2677,0,n2856-1,n2584
2678,0,n2873-1,n2590
2679,0,n2875-1,n2592
2680,0,n2874-1,n2591
2681,0,n2876-1,n2595
2682,0,n2857-1,n2589
2683,0,n2859-1,n2593
2684,0,n2858-1,n2588
2685,0,n2860-1,n2594
2686,0,n2894-1,n2598
2687,0,n2877-1,n2596
2688,0,n2878-1,n2597
2689,0,n2881-1,n2601
2690,0,n2880-1,n2600
2691,0,n2879-1,n2599
2692,0,n2885-1,n2605
2693,0,n2884-1,n2604
2694,0,n2883-1,n2603
2695,0,n2882-1,n2602
2696,0,n2899-1,n2612
2697,0,n2898-1,n2610
2698,0,n2897-1,n2608
2699,0,n2889-1,n2611
2700,0,n2888-1,n2609
2701,0,n2886-1,n2606
2702,0,n2887-1,n2607
2703,0,n2903-1,n2620
2704,0,n2902-1,n2618
2705,0,n2901-1,n2616
2706,0,n2900-1,n2614
2707,0,n2893-1,n2619
2708,0,n2892-1,n2617
2709,0,n2891-1,n2615
2710,0,n2890-1,n2613
2711,0,n2907-1,n2622
2712,0,n2904-1,n2621
2713,0,n2922-1,n2624
2714,0,n2923-1,n2627
2715,0,n2920-1,n2628
2716,0,n2917-1,n2623
2717,0,n2919-1,n2626
2718,0,n2921-1,n2629
2719,1,n2910-1,undefined
2720,0,n2918-1,n2625
2721,0,n2925-1,n2633
2722,0,n2924-1,n2631
2723,0,n2911-1,n2630
2724,0,n2912-1,n2632
2725,0,n2927-1,n2637
2726,0,n2926-1,n2635
2727,0,n2913-1,n2634
2728,0,n2914-1,n2636
2729,0,n2928-1,n2639
2730,0,n2929-1,n2641
2731,0,n2916-1,n2640
2732,0,n2915-1,n2638
2733,0,n2936-1,n2644
2734,0,n2937-1,n2645
2735,0,n2932-1,n2646
2736,0,n2931-1,n2643
2737,0,n2930-1,n2642
2738,0,n2939-1,n2650
2739,0,n2938-1,n2648
2740,0,n2933-1,n2647
2741,0,n2934-1,n2649
2742,0,n2941-1,n2653
2743,0,n2940-1,n2652
2744,0,n2935-1,n2651
2745,0,n2942-1,n2654
2746,0,n2943-1,n2655
2747,0,n2952-1,n2657
2748,0,n2953-1,n2658
2749,0,n2944-1,n2656
2750,0,n2945-1,n2659
2751,0,n2955-1,n2663
2752,0,n2954-1,n2661
2753,0,n2947-1,n2662
2754,0,n2946-1,n2660
2755,0,n2957-1,n2667
2756,0,n2956-1,n2665
2757,0,n2949-1,n2666
2758,0,n2948-1,n2664
2759,0,n2958-1,n2669
2760,0,n2959-1,n2671
2761,0,n2951-1,n2670
2762,0,n2950-1,n2668
2763,0,n2968-1,n2673
2764,0,n2969-1,n2675
2765,0,n2960-1,n2672
2766,0,n2961-1,n2674
2767,0,n2971-1,n2679
2768,0,n2970-1,n2677
2769,0,n2963-1,n2678
2770,0,n2962-1,n2676
2771,0,n2973-1,n2683
2772,0,n2972-1,n2681
2773,0,n2965-1,n2682
2774,0,n2964-1,n2680
2775,0,n2974-1,n2685
2776,0,n2975-1,n2687
2777,0,n2967-1,n2686
2778,0,n2966-1,n2684
2779,0,n2979-1,n2689
2780,0,n2980-1,n2690
2781,0,n2976-1,n2688
2782,0,n2982-1,n2693
2783,0,n2981-1,n2692
2784,0,n2977-1,n2691
2785,0,n2983-1,n2694
2786,0,n2984-1,n2695
2787,0,n2986-1,n2698
2788,0,n2985-1,n2697
2789,0,n2978-1,n2696
2790,0,n2990-1,n2699
2791,0,n2991-1,n2700
2792,0,n2993-1,n2703
2793,0,n2992-1,n2702
2794,0,n2988-1,n2701
2795,0,n2994-1,n2704
2796,0,n2995-1,n2705
2797,0,n2997-1,n2708
2798,0,n2996-1,n2707
2799,0,n2989-1,n2706
2800,0,n3006-1,n2710
2801,0,n3007-1,n2712
2802,0,n2999-1,n2711
2803,0,n2998-1,n2709
2804,0,n3009-1,n2716
2805,0,n3008-1,n2714
2806,0,n3000-1,n2713
2807,0,n3001-1,n2715
2808,0,n3011-1,n2720
2809,0,n3010-1,n2718
2810,0,n3002-1,n2717
2811,0,n3003-1,n2719
2812,0,n3012-1,n2722
2813,0,n3013-1,n2724
2814,0,n3005-1,n2723
2815,0,n3004-1,n2721
2816,0,n3020-1,n2726
2817,0,n3021-1,n2728
2818,0,n3016-1,n2729
2819,0,n3015-1,n2727
2820,0,n3014-1,n2725
2821,0,n3023-1,n2733
2822,0,n3022-1,n2731
2823,0,n3017-1,n2730
2824,0,n3018-1,n2732
2825,0,n3025-1,n2736
2826,0,n3024-1,n2735
2827,0,n3019-1,n2734
2828,0,n3026-1,n2737
2829,0,n3027-1,n2738
2830,0,n3036-1,n2740
2831,0,n3037-1,n2742
2832,0,n3028-1,n2739
2833,0,n3029-1,n2741
2834,0,n3039-1,n2746
2835,0,n3038-1,n2744
2836,0,n3031-1,n2745
2837,0,n3030-1,n2743
2838,0,n3041-1,n2749
2839,0,n3040-1,n2748
2840,0,n3033-1,n2750
2841,0,n3032-1,n2747
2842,0,n3042-1,n2752
2843,0,n3043-1,n2754
2844,0,n3035-1,n2753
2845,0,n3034-1,n2751
2846,0,n3052-1,n2756
2847,0,n3053-1,n2758
2848,0,n3044-1,n2755
2849,0,n3045-1,n2757
2850,0,n3055-1,n2761
2851,0,n3054-1,n2760
2852,0,n3047-1,n2762
2853,0,n3046-1,n2759
2854,0,n3057-1,n2766
2855,0,n3056-1,n2764
2856,0,n3049-1,n2765
2857,0,n3048-1,n2763
2858,0,n3058-1,n2768
2859,0,n3059-1,n2770
2860,0,n3051-1,n2769
2861,0,n3050-1,n2767
2862,0,n3063-1,n2772
2863,0,n3064-1,n2773
2864,0,n3060-1,n2771
2865,0,n3066-1,n2776
2866,0,n3065-1,n2775
2867,0,n3061-1,n2774
2868,0,n3067-1,n2777
2869,0,n3068-1,n2778
2870,0,n3070-1,n2781
2871,0,n3069-1,n2780
2872,0,n3062-1,n2779
2873,0,n3074-1,n2782
2874,0,n3075-1,n2783
2875,0,n3077-1,n2786
2876,0,n3076-1,n2785
2877,0,n3072-1,n2784
2878,0,n3078-1,n2787
2879,0,n3079-1,n2788
2880,0,n3080-1,n2790
2881,0,n3081-1,n2791
2882,0,n3073-1,n2789
2883,0,n3095-1,n2793
2884,0,n3096-1,n2795
2885,0,n3097-1,n2794
2886,0,n3082-1,n2792
2887,0,n3098-1,n2797
2888,0,n3100-1,n2802
2889,0,n3099-1,n2798
2890,0,n3101-1,n2801
2891,0,n3086-1,n2803
2892,0,n3085-1,n2800
2893,0,n3084-1,n2799
2894,0,n3083-1,n2796
2895,0,n3102-1,n2805
2896,0,n3104-1,n2809
2897,0,n3103-1,n2806
2898,0,n3105-1,n2810
2899,0,n3090-1,n2811
2900,0,n3089-1,n2808
2901,0,n3088-1,n2807
2902,0,n3087-1,n2804
2903,0,n3106-1,n2814
2904,0,n3108-1,n2817
2905,0,n3107-1,n2812
2906,0,n3109-1,n2818
2907,0,n3091-1,n2813
2908,0,n3094-1,n2819
2909,0,n3092-1,n2815
2910,0,n3093-1,n2816
2911,0,n3118-1,n2821
2912,0,n3119-1,n2823
2913,0,n3120-1,n2822
2914,0,n3110-1,n2820
2915,0,n3121-1,n2824
2916,0,n3123-1,n2827
2917,0,n3122-1,n2825
2918,0,n3124-1,n2826
2919,0,n3125-1,n2833
2920,0,n3126-1,n2835
2921,0,n3127-1,n2834
2922,0,n3112-1,n2830
2923,0,n3113-1,n2831
2924,0,n3114-1,n2832
2925,0,n3115-1,n2828
2926,0,n3116-1,n2829
2927,0,n3128-1,n2837
2928,0,n3130-1,n2838
2929,0,n3129-1,n2836
2930,0,n3131-1,n2839
2931,0,n3148-1,n2844
2932,0,n3149-1,n2846
2933,0,n3150-1,n2845
2934,0,n3132-1,n2842
2935,0,n3133-1,n2843
2936,0,n3134-1,n2841
2937,0,n3135-1,n2840
2938,0,n3151-1,n2847
2939,0,n3153-1,n2853
2940,0,n3152-1,n2848
2941,0,n3154-1,n2852
2942,0,n3139-1,n2854
2943,0,n3138-1,n2851
2944,0,n3137-1,n2850
2945,0,n3136-1,n2849
2946,0,n3155-1,n2856
2947,0,n3157-1,n2860
2948,0,n3156-1,n2857
2949,0,n3158-1,n2861
2950,0,n3143-1,n2862
2951,0,n3142-1,n2859
2952,0,n3141-1,n2858
2953,0,n3140-1,n2855
2954,0,n3159-1,n2865
2955,0,n3161-1,n2867
2956,0,n3160-1,n2863
2957,0,n3162-1,n2869
2958,0,n3144-1,n2864
2959,0,n3147-1,n2870
2960,0,n3145-1,n2866
2961,0,n3146-1,n2868
2962,0,n3169-1,n2872
2963,0,n3170-1,n2874
2964,0,n3171-1,n2873
2965,0,n3163-1,n2871
2966,0,n3172-1,n2876
2967,0,n3174-1,n2878
2968,0,n3173-1,n2875
2969,0,n3175-1,n2877
2970,0,n3176-1,n2880
2971,0,n3177-1,n2884
2972,0,n3178-1,n2883
2973,0,n3165-1,n2882
2974,0,n3166-1,n2881
2975,0,n3167-1,n2879
2976,0,n3179-1,n2885
2977,0,n3181-1,n2888
2978,0,n3180-1,n2886
2979,0,n3182-1,n2887
2980,0,n3199-1,n2889
2981,0,n3200-1,n2895
2982,0,n3201-1,n2894
2983,0,n3183-1,n2891
2984,0,n3184-1,n2893
2985,0,n3185-1,n2892
2986,0,n3186-1,n2890
2987,0,n3202-1,n2897
2988,0,n3204-1,n2900
2989,0,n3203-1,n2896
2990,0,n3205-1,n2901
2991,0,n3190-1,n2903
2992,0,n3189-1,n2902
2993,0,n3188-1,n2899
2994,0,n3187-1,n2898
2995,0,n3206-1,n2905
2996,0,n3208-1,n2909
2997,0,n3207-1,n2906
2998,0,n3209-1,n2910
2999,0,n3194-1,n2911
3000,0,n3193-1,n2908
3001,0,n3192-1,n2907
3002,0,n3191-1,n2904
3003,0,n3210-1,n2912
3004,0,n3211-1,n2916
3005,0,n3212-1,n2915
3006,1,n3198-1,undefined
3007,0,n3195-1,n2913
3008,0,n3196-1,n2914
3009,0,n3197-1,n2917
3010,0,n3226-1,n2919
3011,0,n3227-1,n2922
3012,0,n3228-1,n2921
3013,0,n3213-1,n2920
3014,0,n3229-1,n2924
3015,0,n3231-1,n2928
3016,0,n3230-1,n2925
3017,0,n3232-1,n2929
3018,0,n3217-1,n2930
3019,0,n3216-1,n2927
3020,0,n3215-1,n2926
3021,0,n3214-1,n2923
3022,0,n3233-1,n2932
3023,0,n3235-1,n2936
3024,0,n3234-1,n2933
3025,0,n3236-1,n2937
3026,0,n3221-1,n2938
3027,0,n3220-1,n2935
3028,0,n3219-1,n2934
3029,0,n3218-1,n2931
3030,0,n3237-1,n2939
3031,0,n3238-1,n2942
3032,0,n3239-1,n2943
3033,0,n3222-1,n2940
3034,0,n3225-1,n2945
3035,0,n3223-1,n2941
3036,0,n3224-1,n2944
3037,0,n3260-1,n2949
3038,0,n3261-1,n2948
3039,0,n3262-1,n2947
3040,0,n3251-1,n2952
3041,1,n3241-1,undefined
3042,0,n3248-1,n2946
3043,0,n3250-1,n2951
3044,0,n3252-1,n2953
3045,1,n3240-1,undefined
3046,0,n3249-1,n2950
3047,1,n3242-1,undefined
3048,0,n3253-1,n2954
3049,1,n3243-1,undefined
3050,0,n3257-1,n2958
3051,1,n3245-1,undefined
3052,0,n3254-1,n2955
3053,0,n3256-1,n2957
3054,1,n3244-1,undefined
3055,0,n3255-1,n2956
3056,0,n3246-1,n2959
3057,1,n3258-1,undefined
3058,0,n3247-1,n2960
3059,1,n3259-1,undefined
3060,0,n3276-1,n2964
3061,1,n3266-1,undefined
3062,0,n3273-1,n2961
3063,0,n3275-1,n2963
3064,1,n3265-1,undefined
3065,0,n3274-1,n2962
3066,0,n3267-1,n2965
3067,1,n3277-1,undefined
3068,0,n3278-1,n2966
3069,1,n3268-1,undefined
3070,0,n3270-1,n2968
3071,0,n3269-1,n2967
3072,0,n3272-1,n2970
3073,0,n3271-1,n2969
3074,0,n3288-1,n2973
3075,0,n3289-1,n2974
3076,0,n3290-1,n2975
3077,0,n3291-1,n2972
3078,0,n3281-1,n2976
3079,0,n3280-1,n2971
3080,0,n3282-1,n2977
3081,0,n3283-1,n2978
3082,0,n3285-1,n2980
3083,0,n3284-1,n2979
3084,0,n3287-1,n2982
3085,0,n3286-1,n2981
3086,0,n3302-1,n2984
3087,0,n3295-1,n2985
3088,0,n3292-1,n2983
3089,0,n3296-1,n2986
3090,0,n3297-1,n2987
3091,0,n3299-1,n2990
3092,0,n3298-1,n2989
3093,0,n3293-1,n2988
3094,0,n3301-1,n2993
3095,0,n3300-1,n2992
3096,0,n3294-1,n2991
3097,0,n3314-1,n2996
3098,0,n3311-1,n2995
3099,0,n3304-1,n2997
3100,0,n3303-1,n2994
3101,0,n3305-1,n2998
3102,0,n3306-1,n2999
3103,0,n3312-1,n3001
3104,0,n3308-1,n3002
3105,0,n3307-1,n3000
3106,0,n3313-1,n3004
3107,0,n3310-1,n3005
3108,0,n3309-1,n3003
3109,0,n3326-1,n3007
3110,0,n3319-1,n3008
3111,0,n3315-1,n3006
3112,0,n3320-1,n3009
3113,0,n3321-1,n3010
3114,0,n3323-1,n3013
3115,0,n3322-1,n3012
3116,0,n3316-1,n3011
3117,0,n3325-1,n3016
3118,0,n3324-1,n3015
3119,0,n3317-1,n3014
3120,0,n3338-1,n3019
3121,0,n3335-1,n3018
3122,0,n3328-1,n3020
3123,0,n3327-1,n3017
3124,0,n3329-1,n3021
3125,0,n3330-1,n3022
3126,0,n3336-1,n3024
3127,0,n3332-1,n3025
3128,0,n3331-1,n3023
3129,0,n3337-1,n3027
3130,0,n3334-1,n3028
3131,0,n3333-1,n3026
3132,0,n3347-1,n3033
3133,0,n3348-1,n3030
3134,0,n3349-1,n3032
3135,0,n3350-1,n3031
3136,0,n3340-1,n3034
3137,0,n3339-1,n3029
3138,0,n3342-1,n3036
3139,0,n3341-1,n3035
3140,0,n3344-1,n3038
3141,0,n3343-1,n3037
3142,0,n3346-1,n3040
3143,0,n3345-1,n3039
3144,0,n3359-1,n3042
3145,0,n3360-1,n3045
3146,0,n3361-1,n3044
3147,0,n3362-1,n3043
3148,0,n3352-1,n3046
3149,0,n3351-1,n3041
3150,0,n3354-1,n3048
3151,0,n3353-1,n3047
3152,0,n3356-1,n3050
3153,0,n3355-1,n3049
3154,0,n3358-1,n3052
3155,0,n3357-1,n3051
3156,0,n3371-1,n3055
3157,0,n3372-1,n3054
3158,0,n3364-1,n3056
3159,0,n3363-1,n3053
3160,0,n3365-1,n3057
3161,0,n3366-1,n3058
3162,0,n3368-1,n3060
3163,0,n3367-1,n3059
3164,0,n3370-1,n3062
3165,0,n3369-1,n3061
3166,0,n3378-1,n3064
3167,0,n3379-1,n3065
3168,0,n3375-1,n3063
3169,0,n3380-1,n3066
3170,0,n3381-1,n3067
3171,0,n3383-1,n3069
3172,0,n3382-1,n3068
3173,0,n3385-1,n3071
3174,0,n3384-1,n3070
3175,0,n3401-1,n3073
3176,0,n3398-1,n3072
3177,0,n3395-1,n3074
3178,1,n3387-1,undefined
3179,0,n3397-1,n3076
3180,0,n3396-1,n3075
3181,1,n3394-1,undefined
3182,0,n3388-1,n3077
3183,0,n3389-1,n3078
3184,0,n3399-1,n3080
3185,0,n3391-1,n3081
3186,0,n3390-1,n3079
3187,0,n3400-1,n3083
3188,0,n3393-1,n3084
3189,0,n3392-1,n3082
3190,0,n3413-1,n3087
3191,0,n3406-1,n3088
3192,0,n3405-1,n3086
3193,0,n3402-1,n3085
3194,0,n3407-1,n3089
3195,0,n3408-1,n3090
3196,0,n3410-1,n3093
3197,0,n3409-1,n3092
3198,0,n3403-1,n3091
3199,0,n3412-1,n3096
3200,0,n3411-1,n3094
3201,0,n3404-1,n3095
3202,0,n3429-1,n3098
3203,0,n3426-1,n3097
3204,0,n3415-1,n3099
3205,0,n3425-1,n3101
3206,1,n3423-1,undefined
3207,0,n3424-1,n3100
3208,1,n3422-1,undefined
3209,0,n3416-1,n3102
3210,0,n3417-1,n3103
3211,0,n3427-1,n3105
3212,0,n3419-1,n3106
3213,0,n3418-1,n3104
3214,0,n3428-1,n3108
3215,0,n3421-1,n3109
3216,0,n3420-1,n3107
3217,0,n3442-1,n3112
3218,0,n3443-1,n3111
3219,0,n3431-1,n3113
3220,0,n3441-1,n3115
3221,1,n3439-1,undefined
3222,0,n3440-1,n3114
3223,1,n3438-1,undefined
3224,0,n3430-1,n3110
3225,0,n3432-1,n3116
3226,0,n3433-1,n3117
3227,0,n3435-1,n3119
3228,0,n3434-1,n3118
3229,0,n3437-1,n3121
3230,0,n3436-1,n3120
3231,0,n3454-1,n3124
3232,0,n3455-1,n3125
3233,0,n3456-1,n3122
3234,0,n3457-1,n3123
3235,0,n3447-1,n3127
3236,0,n3446-1,n3126
3237,0,n3449-1,n3129
3238,0,n3448-1,n3128
3239,0,n3451-1,n3131
3240,0,n3450-1,n3130
3241,0,n3453-1,n3133
3242,0,n3452-1,n3132
3243,0,n3474-1,n3136
3244,0,n3475-1,n3137
3245,0,n3476-1,n3138
3246,0,n3477-1,n3134
3247,0,n3458-1,n3135
3248,0,n3459-1,n3139
3249,0,n3460-1,n3140
3250,0,n3461-1,n3141
3251,0,n3478-1,n3142
3252,0,n3480-1,n3148
3253,0,n3479-1,n3143
3254,0,n3481-1,n3146
3255,0,n3462-1,n3144
3256,0,n3464-1,n3147
3257,0,n3463-1,n3145
3258,0,n3465-1,n3149
3259,0,n3482-1,n3152
3260,0,n3483-1,n3150
3261,0,n3466-1,n3151
3262,0,n3467-1,n3153
3263,0,n3468-1,n3154
3264,0,n3469-1,n3155
3265,0,n3484-1,n3156
3266,0,n3486-1,n3162
3267,0,n3485-1,n3157
3268,0,n3487-1,n3160
3269,0,n3470-1,n3158
3270,0,n3472-1,n3161
3271,0,n3471-1,n3159
3272,0,n3473-1,n3164
3273,0,n3504-1,n3167
3274,0,n3505-1,n3166
3275,0,n3488-1,n3165
3276,0,n3489-1,n3168
3277,0,n3490-1,n3169
3278,0,n3491-1,n3170
3279,0,n3506-1,n3171
3280,0,n3508-1,n3176
3281,0,n3507-1,n3173
3282,0,n3509-1,n3175
3283,0,n3492-1,n3172
3284,0,n3494-1,n3177
3285,0,n3493-1,n3174
3286,0,n3495-1,n3178
3287,0,n3510-1,n3181
3288,0,n3511-1,n3179
3289,0,n3496-1,n3180
3290,0,n3499-1,n3184
3291,0,n3498-1,n3183
3292,0,n3497-1,n3182
3293,0,n3503-1,n3188
3294,0,n3502-1,n3187
3295,0,n3501-1,n3186
3296,0,n3500-1,n3185
3297,0,n3529-1,n3192
3298,0,n3530-1,n3193
3299,0,n3531-1,n3190
3300,0,n3532-1,n3189
3301,0,n3513-1,n3191
3302,0,n3514-1,n3194
3303,0,n3515-1,n3195
3304,0,n3516-1,n3196
3305,0,n3533-1,n3197
3306,0,n3535-1,n3203
3307,0,n3534-1,n3198
3308,0,n3536-1,n3202
3309,0,n3517-1,n3199
3310,0,n3519-1,n3201
3311,0,n3518-1,n3200
3312,0,n3520-1,n3204
3313,0,n3537-1,n3207
3314,0,n3538-1,n3206
3315,0,n3521-1,n3205
3316,0,n3522-1,n3208
3317,0,n3523-1,n3209
3318,0,n3524-1,n3210
3319,0,n3539-1,n3212
3320,0,n3541-1,n3216
3321,0,n3540-1,n3213
3322,0,n3542-1,n3217
3323,0,n3525-1,n3211
3324,0,n3527-1,n3215
3325,0,n3526-1,n3214
3326,0,n3528-1,n3218
3327,0,n3559-1,n3221
3328,0,n3560-1,n3220
3329,0,n3543-1,n3219
3330,0,n3544-1,n3222
3331,0,n3545-1,n3223
3332,0,n3546-1,n3224
3333,0,n3561-1,n3227
3334,0,n3563-1,n3231
3335,0,n3562-1,n3225
3336,0,n3564-1,n3230
3337,0,n3547-1,n3226
3338,0,n3549-1,n3229
3339,0,n3548-1,n3228
3340,0,n3550-1,n3232
3341,0,n3565-1,n3235
3342,0,n3566-1,n3234
3343,0,n3551-1,n3233
3344,0,n3554-1,n3238
3345,0,n3553-1,n3237
3346,0,n3552-1,n3236
3347,0,n3558-1,n3242
3348,0,n3557-1,n3241
3349,0,n3556-1,n3240
3350,0,n3555-1,n3239
3351,0,n3584-1,n3245
3352,0,n3585-1,n3247
3353,0,n3586-1,n3246
3354,0,n3587-1,n3243
3355,0,n3568-1,n3244
3356,0,n3569-1,n3249
3357,0,n3570-1,n3250
3358,0,n3571-1,n3251
3359,0,n3588-1,n3252
3360,0,n3590-1,n3257
3361,0,n3589-1,n3254
3362,0,n3591-1,n3258
3363,0,n3572-1,n3253
3364,0,n3574-1,n3256
3365,0,n3573-1,n3255
3366,0,n3575-1,n3259
3367,0,n3592-1,n3261
3368,0,n3593-1,n3262
3369,0,n3576-1,n3260
3370,0,n3577-1,n3263
3371,0,n3578-1,n3264
3372,0,n3579-1,n3265
3373,0,n3594-1,n3266
3374,0,n3596-1,n3272
3375,0,n3595-1,n3267
3376,0,n3597-1,n3270
3377,0,n3580-1,n3268
3378,0,n3582-1,n3271
3379,0,n3581-1,n3269
3380,0,n3583-1,n3273
3381,0,n3614-1,n3275
3382,0,n3615-1,n3276
3383,0,n3598-1,n3274
3384,0,n3599-1,n3277
3385,0,n3600-1,n3278
3386,0,n3601-1,n3279
3387,0,n3616-1,n3280
3388,0,n3618-1,n3285
3389,0,n3617-1,n3281
3390,0,n3619-1,n3284
3391,0,n3602-1,n3282
3392,0,n3604-1,n3286
3393,0,n3603-1,n3283
3394,0,n3605-1,n3287
3395,0,n3620-1,n3289
3396,0,n3621-1,n3290
3397,0,n3606-1,n3288
3398,0,n3607-1,n3291
3399,0,n3608-1,n3292
3400,0,n3609-1,n3293
3401,0,n3622-1,n3296
3402,0,n3624-1,n3299
3403,0,n3623-1,n3294
3404,0,n3625-1,n3300
3405,0,n3610-1,n3295
3406,0,n3612-1,n3298
3407,0,n3611-1,n3297
3408,0,n3613-1,n3301
3409,0,n3644-1,n3307
3410,0,n3642-1,n3303
3411,0,n3643-1,n3304
3412,0,n3645-1,n3308
3413,0,n3628-1,n3306
3414,0,n3626-1,n3302
3415,0,n3629-1,n3309
3416,0,n3627-1,n3305
3417,0,n3648-1,n3316
3418,0,n3646-1,n3312
3419,0,n3647-1,n3310
3420,0,n3649-1,n3315
3421,0,n3632-1,n3314
3422,0,n3630-1,n3311
3423,0,n3633-1,n3317
3424,0,n3631-1,n3313
3425,0,n3652-1,n3323
3426,0,n3650-1,n3319
3427,0,n3651-1,n3320
3428,0,n3653-1,n3324
3429,0,n3636-1,n3322
3430,0,n3634-1,n3318
3431,0,n3637-1,n3325
3432,0,n3635-1,n3321
3433,0,n3656-1,n3332
3434,0,n3654-1,n3328
3435,0,n3655-1,n3327
3436,0,n3657-1,n3331
3437,0,n3640-1,n3330
3438,0,n3638-1,n3326
3439,0,n3641-1,n3333
3440,0,n3639-1,n3329
3441,0,n3676-1,n3339
3442,0,n3674-1,n3335
3443,0,n3675-1,n3336
3444,0,n3677-1,n3340
3445,0,n3660-1,n3338
3446,0,n3658-1,n3334
3447,0,n3661-1,n3341
3448,0,n3659-1,n3337
3449,0,n3680-1,n3348
3450,0,n3678-1,n3344
3451,0,n3679-1,n3343
3452,0,n3681-1,n3346
3453,0,n3664-1,n3347
3454,0,n3662-1,n3342
3455,0,n3665-1,n3349
3456,0,n3663-1,n3345
3457,0,n3684-1,n3354
3458,0,n3682-1,n3352
3459,0,n3683-1,n3351
3460,0,n3685-1,n3356
3461,0,n3668-1,n3355
3462,0,n3666-1,n3350
3463,0,n3669-1,n3357
3464,0,n3667-1,n3353
3465,0,n3688-1,n3363
3466,0,n3686-1,n3360
3467,0,n3687-1,n3359
3468,0,n3689-1,n3362
3469,0,n3672-1,n3364
3470,0,n3670-1,n3358
3471,0,n3673-1,n3365
3472,0,n3671-1,n3361
3473,0,n3699-1,n3369
3474,0,n3700-1,n3368
3475,0,n3690-1,n3366
3476,0,n3691-1,n3367
3477,0,n3701-1,n3373
3478,0,n3702-1,n3372
3479,0,n3692-1,n3370
3480,0,n3693-1,n3371
3481,0,n3703-1,n3377
3482,0,n3704-1,n3376
3483,0,n3694-1,n3374
3484,0,n3695-1,n3375
3485,0,n3705-1,n3381
3486,0,n3706-1,n3380
3487,0,n3696-1,n3378
3488,0,n3697-1,n3379
3489,0,n3717-1,n3385
3490,0,n3718-1,n3384
3491,0,n3707-1,n3383
3492,0,n3708-1,n3382
3493,0,n3719-1,n3389
3494,0,n3720-1,n3388
3495,0,n3709-1,n3386
3496,0,n3710-1,n3387
3497,0,n3721-1,n3393
3498,0,n3722-1,n3392
3499,0,n3711-1,n3391
3500,0,n3712-1,n3390
3501,0,n3723-1,n3397
3502,0,n3724-1,n3396
3503,0,n3713-1,n3394
3504,0,n3714-1,n3395
3505,0,n3735-1,n3401
3506,0,n3736-1,n3400
3507,0,n3725-1,n3398
3508,0,n3726-1,n3399
3509,0,n3737-1,n3405
3510,0,n3738-1,n3404
3511,0,n3727-1,n3402
3512,0,n3728-1,n3403
3513,0,n3739-1,n3409
3514,0,n3740-1,n3408
3515,0,n3729-1,n3407
3516,0,n3730-1,n3406
3517,1,n3741-1,undefined
3518,0,n3742-1,n3412
3519,0,n3731-1,n3410
3520,0,n3732-1,n3411
3521,0,n3756-1,n3417
3522,0,n3757-1,n3416
3523,0,n3743-1,n3415
3524,0,n3744-1,n3414
3525,0,n3758-1,n3422
3526,0,n3759-1,n3421
3527,0,n3745-1,n3419
3528,1,n3746-1,undefined
3529,0,n3747-1,n3420
3530,0,n3760-1,n3427
3531,0,n3761-1,n3426
3532,0,n3748-1,n3423
3533,0,n3749-1,n3424
3534,0,n3750-1,n3425
3535,0,n3762-1,n3432
3536,0,n3763-1,n3431
3537,0,n3751-1,n3428
3538,0,n3752-1,n3430
3539,0,n3753-1,n3429
3540,0,n3764-1,n3434
3541,0,n3765-1,n3435
3542,0,n3766-1,n3436
3543,0,n3767-1,n3433
3544,0,n3777-1,n3438
3545,0,n3778-1,n3437
3546,0,n3769-1,n3439
3547,0,n3770-1,n3440
3548,0,n3771-1,n3441
3549,0,n3772-1,n3442
3550,0,n3773-1,n3443
3551,0,n3774-1,n3444
3552,0,n3775-1,n3445
3553,0,n3780-1,n3446
3554,0,n3790-1,n3447
3555,0,n3791-1,n3448
3556,0,n3782-1,n3449
3557,0,n3783-1,n3450
3558,0,n3784-1,n3451
3559,0,n3785-1,n3452
3560,0,n3786-1,n3453
3561,0,n3787-1,n3454
3562,0,n3788-1,n3455
3563,0,n3793-1,n3456
3564,0,n3803-1,n3458
3565,0,n3804-1,n3457
3566,0,n3795-1,n3459
3567,0,n3796-1,n3460
3568,0,n3797-1,n3461
3569,0,n3798-1,n3462
3570,0,n3799-1,n3463
3571,0,n3800-1,n3464
3572,0,n3801-1,n3465
3573,0,n3812-1,n3469
3574,0,n3813-1,n3466
3575,0,n3806-1,n3467
3576,0,n3807-1,n3468
3577,0,n3815-1,n3473
3578,0,n3816-1,n3472
3579,0,n3809-1,n3471
3580,0,n3810-1,n3470
3581,0,n3823-1,n3477
3582,0,n3824-1,n3476
3583,0,n3818-1,n3475
3584,0,n3819-1,n3474
3585,0,n3826-1,n3479
3586,0,n3821-1,n3478
3587,0,n3827-1,n3481
3588,1,n3840-1,undefined
3589,0,n3822-1,n3480
3590,1,n3829-1,undefined
3591,0,n3841-1,n3488
3592,0,n3847-1,n3485
3593,1,n3849-1,undefined
3594,0,n3842-1,n3491
3595,0,n3846-1,n3483
3596,0,n3848-1,n3487
3597,1,n3839-1,undefined
3598,0,n3830-1,n3489
3599,0,n3836-1,n3484
3600,1,n3838-1,undefined
3601,0,n3831-1,n3490
3602,0,n3835-1,n3482
3603,0,n3837-1,n3486
3604,1,n3828-1,undefined
3605,0,n3843-1,n3493
3606,0,n3832-1,n3492
3607,0,n3844-1,n3496
3608,0,n3845-1,n3497
3609,0,n3833-1,n3495
3610,0,n3834-1,n3494
3611,0,n3855-1,n3501
3612,0,n3856-1,n3500
3613,0,n3850-1,n3499
3614,0,n3851-1,n3498
3615,0,n3858-1,n3503
3616,0,n3853-1,n3502
3617,0,n3859-1,n3505
3618,1,n3873-1,undefined
3619,0,n3854-1,n3504
3620,1,n3861-1,undefined
3621,0,n3874-1,n3513
3622,0,n3882-1,n3509
3623,0,n3875-1,n3515
3624,1,n3880-1,undefined
3625,0,n3879-1,n3507
3626,0,n3881-1,n3511
3627,1,n3872-1,undefined
3628,0,n3862-1,n3512
3629,0,n3869-1,n3508
3630,1,n3871-1,undefined
3631,0,n3863-1,n3514
3632,0,n3860-1,n3506
3633,0,n3870-1,n3510
3634,1,n3868-1,undefined
3635,0,n3876-1,n3517
3636,0,n3864-1,n3516
3637,1,n3877-1,undefined
3638,0,n3878-1,n3521
3639,0,n3865-1,n3519
3640,0,n3866-1,n3520
3641,0,n3867-1,n3518
3642,0,n3889-1,n3525
3643,0,n3890-1,n3526
3644,1,n3883-1,undefined
3645,0,n3884-1,n3524
3646,0,n3885-1,n3523
3647,0,n3892-1,n3528
3648,0,n3887-1,n3527
3649,0,n3893-1,n3530
3650,0,n3888-1,n3529
3651,0,n3914-1,n3538
3652,0,n3925-1,n3534
3653,0,n3915-1,n3540
3654,1,n3913-1,undefined
3655,1,n3923-1,undefined
3656,0,n3912-1,n3532
3657,0,n3924-1,n3536
3658,1,n3922-1,undefined
3659,0,n3896-1,n3537
3660,0,n3905-1,n3533
3661,0,n3897-1,n3539
3662,1,n3895-1,undefined
3663,1,n3907-1,undefined
3664,0,n3894-1,n3531
3665,0,n3906-1,n3535
3666,1,n3904-1,undefined
3667,0,n3916-1,n3542
3668,0,n3898-1,n3541
3669,0,n3919-1,n3551
3670,0,n3929-1,n3546
3671,1,n3927-1,undefined
3672,0,n3920-1,n3553
3673,1,n3918-1,undefined
3674,0,n3917-1,n3544
3675,0,n3928-1,n3548
3676,1,n3926-1,undefined
3677,0,n3901-1,n3550
3678,0,n3909-1,n3545
3679,0,n3911-1,n3549
3680,0,n3902-1,n3552
3681,1,n3900-1,undefined
3682,0,n3908-1,n3543
3683,0,n3910-1,n3547
3684,1,n3899-1,undefined
3685,0,n3921-1,n3555
3686,0,n3903-1,n3554
3687,1,n3948-1,undefined
3688,0,n3950-1,n3564
3689,0,n3961-1,n3560
3690,0,n3951-1,n3566
3691,1,n3949-1,undefined
3692,1,n3959-1,undefined
3693,0,n3958-1,n3558
3694,0,n3960-1,n3562
3695,0,n3932-1,n3563
3696,0,n3943-1,n3559
3697,1,n3941-1,undefined
3698,1,n3931-1,undefined
3699,0,n3933-1,n3565
3700,0,n3940-1,n3557
3701,0,n3942-1,n3561
3702,1,n3930-1,undefined
3703,0,n3952-1,n3568
3704,0,n3934-1,n3567
3705,0,n3955-1,n3577
3706,0,n3965-1,n3572
3707,0,n3956-1,n3580
3708,1,n3954-1,undefined
3709,1,n3963-1,undefined
3710,0,n3962-1,n3570
3711,0,n3964-1,n3574
3712,1,n3953-1,undefined
3713,0,n3937-1,n3576
3714,0,n3945-1,n3571
3715,0,n3947-1,n3575
3716,0,n3938-1,n3578
3717,1,n3936-1,undefined
3718,0,n3944-1,n3569
3719,0,n3946-1,n3573
3720,1,n3935-1,undefined
3721,0,n3957-1,n3582
3722,0,n3939-1,n3581
3723,0,n3974-1,n3588
3724,0,n3975-1,n3590
3725,0,n3976-1,n3584
3726,0,n3977-1,n3589
3727,0,n3966-1,n3586
3728,0,n3967-1,n3587
3729,0,n3968-1,n3585
3730,0,n3969-1,n3583
3731,0,n3971-1,n3592
3732,0,n3973-1,n3594
3733,0,n3972-1,n3593
3734,0,n3978-1,n3595
3735,0,n3979-1,n3596
3736,0,n3980-1,n3597
3737,0,n3981-1,n3598
3738,0,n3982-1,n3599
3739,0,n3983-1,n3600
3740,0,n3984-1,n3601
3741,0,n3985-1,n3602
3742,0,n3990-1,n3603
3743,0,n3991-1,n3604
3744,0,n3992-1,n3605
3745,0,n3993-1,n3606
3746,0,n3994-1,n3607
3747,0,n3995-1,n3608
3748,0,n3996-1,n3609
3749,0,n3997-1,n3610
3750,0,n4002-1,n3611
3751,0,n4003-1,n3612
3752,0,n4008-1,n3613
3753,0,n4009-1,n3614
3754,0,n4010-1,n3615
3755,0,n4011-1,n3616
3756,0,n4012-1,n3617
3757,0,n4013-1,n3618
3758,0,n4023-1,n3619
3759,1,n4028-1,undefined
3760,0,n4024-1,n3620
3761,1,n4030-1,undefined
3762,0,n4033-1,n3621
3763,1,n4025-1,undefined
3764,0,n4026-1,n3622
3765,0,n4019-1,n3623
3766,1,n4015-1,undefined
3767,0,n4016-1,n3624
3768,1,n4020-1,undefined
3769,0,n4022-1,n3625
3770,1,n4017-1,undefined
3771,0,n4018-1,n3626
3772,0,n4039-1,n3628
3773,1,n4042-1,undefined
3774,0,n4035-1,n3627
3775,1,n4038-1,undefined
3776,0,n4046-1,n3630
3777,0,n4040-1,n3629
3778,0,n4053-1,n3632
3779,0,n4050-1,n3631
3780,1,n4052-1,undefined
3781,0,n4054-1,n3633
3782,1,n4055-1,undefined
3783,0,n4048-1,n3634
3784,0,n4065-1,n3635
3785,1,n4070-1,undefined
3786,0,n4066-1,n3636
3787,1,n4072-1,undefined
3788,0,n4067-1,n3637
3789,1,n4075-1,undefined
3790,0,n4068-1,n3638
3791,0,n4057-1,n3639
3792,1,n4061-1,undefined
3793,0,n4058-1,n3640
3794,1,n4062-1,undefined
3795,0,n4064-1,n3641
3796,1,n4059-1,undefined
3797,0,n4060-1,n3642
3798,0,n4084-1,n3644
3799,1,n4081-1,undefined
3800,0,n4077-1,n3643
3801,1,n4080-1,undefined
3802,0,n4088-1,n3646
3803,1,n4082-1,undefined
3804,0,n4098-1,n3648
3805,1,n4095-1,undefined
3806,0,n4092-1,n3647
3807,1,n4094-1,undefined
3808,0,n4096-1,n3649
3809,0,n4090-1,n3650
3810,0,n4108-1,n3651
3811,1,n4113-1,undefined
3812,0,n4109-1,n3652
3813,1,n4115-1,undefined
3814,0,n4110-1,n3653
3815,1,n4118-1,undefined
3816,0,n4111-1,n3654
3817,0,n4100-1,n3655
3818,1,n4104-1,undefined
3819,0,n4101-1,n3656
3820,1,n4105-1,undefined
3821,0,n4107-1,n3657
3822,1,n4102-1,undefined
3823,0,n4103-1,n3658
3824,0,n4124-1,n3660
3825,1,n4127-1,undefined
3826,0,n4123-1,n3659
3827,1,n4120-1,undefined
3828,0,n4131-1,n3662
3829,1,n4125-1,undefined
3830,0,n4136-1,n3664
3831,1,n4141-1,undefined
3832,0,n4139-1,n3663
3833,1,n4135-1,undefined
3834,0,n4137-1,n3665
3835,0,n4133-1,n3666
3836,0,n4158-1,n3667
3837,1,n4151-1,undefined
3838,0,n4152-1,n3668
3839,0,n4153-1,n3669
3840,0,n4154-1,n3670
3841,0,n4143-1,n3671
3842,0,n4144-1,n3672
3843,0,n4145-1,n3673
3844,0,n4148-1,n3676
3845,0,n4147-1,n3675
3846,0,n4146-1,n3674
3847,1,n4150-1,undefined
3848,0,n4157-1,n3679
3849,0,n4156-1,n3678
3850,0,n4149-1,n3677
3851,0,n4168-1,n3680
3852,1,n4175-1,undefined
3853,0,n4169-1,n3681
3854,0,n4170-1,n3682
3855,0,n4171-1,n3684
3856,0,n4160-1,n3683
3857,0,n4161-1,n3685
3858,0,n4162-1,n3686
3859,0,n4165-1,n3689
3860,0,n4164-1,n3688
3861,0,n4163-1,n3687
3862,1,n4167-1,undefined
3863,0,n4174-1,n3692
3864,1,n4173-1,undefined
3865,0,n4166-1,n3690
3866,0,n4185-1,n3693
3867,1,n4192-1,undefined
3868,0,n4186-1,n3694
3869,0,n4187-1,n3696
3870,0,n4188-1,n3698
3871,0,n4177-1,n3697
3872,0,n4178-1,n3699
3873,0,n4179-1,n3700
3874,0,n4182-1,n3703
3875,0,n4181-1,n3702
3876,0,n4184-1,n3701
3877,1,n4180-1,undefined
3878,0,n4191-1,n3706
3879,0,n4190-1,n3705
3880,0,n4183-1,n3704
3881,0,n4202-1,n3707
3882,1,n4209-1,undefined
3883,0,n4203-1,n3708
3884,0,n4204-1,n3709
3885,0,n4205-1,n3711
3886,2,undefined,n3728
3887,0,n4194-1,n3710
3888,0,n4200-1,n3717
3889,2,undefined,n3729
3890,0,n4211-1,n3723
3891,0,n4199-1,n3731
3892,0,n4195-1,n3734
3893,2,undefined,n3712
3894,2,undefined,n3716
3895,0,n4196-1,n3715
3896,0,n4198-1,n3736
3897,2,undefined,n3713
3898,0,n4197-1,n3714
3899,2,undefined,n3823
3900,1,n4201-1,undefined
3901,0,n4208-1,n3719
3902,0,n4207-1,n3718
3903,0,n4275-1,n3722
3904,0,n4276-1,n3725
3905,0,n4277-1,n3724
3906,0,n4210-1,n3726
3907,2,undefined,n3727
3908,0,n4278-1,n3730
3909,0,n4212-1,n3721
3910,2,undefined,n3735
3911,2,undefined,n3831
3912,0,n4213-1,n3720
3913,2,undefined,n3739
3914,2,undefined,n3833
3915,1,n4215-1,undefined
3916,1,n4214-1,undefined
3917,1,n4217-1,undefined
3918,1,n4216-1,undefined
3919,1,n4219-1,undefined
3920,1,n4218-1,undefined
3921,1,n4221-1,undefined
3922,1,n4220-1,undefined
3923,1,n4223-1,undefined
3924,0,n4222-1,n3849
3925,0,n4225-1,n3858
3926,2,undefined,n3865
3927,0,n4224-1,n3863
3928,0,n4425-1,n3958
3929,1,n4227-1,undefined
3930,0,n4226-1,n3853
3931,0,n4229-1,n3868
3932,0,n4424-1,n3957
3933,0,n4228-1,n3861
3934,2,undefined,n3955
3935,0,n4231-1,n3953
3936,1,n4230-1,undefined
3937,1,n4233-1,undefined
3938,0,n4232-1,n3874
3939,2,undefined,n3879
3940,0,n4235-1,n3766
3941,0,n4234-1,n3769
3942,0,n4237-1,n3772
3943,2,undefined,n3854
3944,2,undefined,n3869
3945,0,n4236-1,n3775
3946,2,undefined,n3876
3947,1,n4239-1,undefined
3948,1,n4238-1,undefined
3949,1,n4241-1,undefined
3950,1,n4240-1,undefined
3951,0,n4243-1,n3770
3952,2,undefined,n3767
3953,0,n4242-1,n3768
3954,0,n4245-1,n3773
3955,0,n4244-1,n3774
3956,0,n4246-1,n3765
3957,1,n4247-1,undefined
3958,1,n4249-1,undefined
3959,1,n4248-1,undefined
3960,1,n4250-1,undefined
3961,1,n4252-1,undefined
3962,1,n4251-1,undefined
3963,1,n4285-1,undefined
3964,1,n4287-1,undefined
3965,0,n4286-1,n3790
3966,0,n4288-1,n3794
3967,0,n4253-1,n3786
3968,1,n4255-1,undefined
3969,1,n4254-1,undefined
3970,1,n4256-1,undefined
3971,0,n4307-1,n3811
3972,1,n4290-1,undefined
3973,0,n4289-1,n3796
3974,1,n4258-1,undefined
3975,1,n4257-1,undefined
3976,0,n4291-1,n3799
3977,1,n4293-1,undefined
3978,1,n4292-1,undefined
3979,1,n4294-1,undefined
3980,1,n4259-1,undefined
3981,1,n4261-1,undefined
3982,1,n4260-1,undefined
3983,1,n4262-1,undefined
3984,0,n4303-1,n3803
3985,2,undefined,n3901
3986,0,n4305-1,n3807
3987,2,undefined,n3905
3988,0,n4304-1,n3805
3989,2,undefined,n3898
3990,0,n4306-1,n3809
3991,2,undefined,n3903
3992,0,n4360-1,n3907
3993,0,n4359-1,n3810
3994,0,n4297-1,n3956
3995,1,n4299-1,undefined
3996,1,n4298-1,undefined
3997,1,n4300-1,undefined
3998,1,n4302-1,undefined
3999,1,n4301-1,undefined
4000,1,n4296-1,undefined
4001,0,n4271-1,n3802
4002,2,undefined,n3900
4003,0,n4273-1,n3806
4004,2,undefined,n3904
4005,0,n4295-1,n3804
4006,2,undefined,n3899
4007,0,n4272-1,n3808
4008,2,undefined,n3902
4009,0,n4274-1,n3906
4010,1,n4308-1,undefined
4011,1,n4265-1,undefined
4012,1,n4267-1,undefined
4013,1,n4266-1,undefined
4014,1,n4268-1,undefined
4015,1,n4270-1,undefined
4016,1,n4269-1,undefined
4017,1,n4264-1,undefined
4018,1,n4263-1,undefined
4019,0,n4459-1,n3914
4020,0,n4460-1,n3916
4021,0,n4461-1,n3915
4022,0,n4361-1,n3909
4023,1,n4363-1,undefined
4024,1,n4367-1,undefined
4025,1,n4369-1,undefined
4026,1,n4373-1,undefined
4027,1,n4375-1,undefined
4028,1,n4379-1,undefined
4029,1,n4383-1,undefined
4030,1,n4387-1,undefined
4031,1,n4391-1,undefined
4032,1,n4395-1,undefined
4033,1,n4397-1,undefined
4034,1,n4399-1,undefined
4035,1,n4401-1,undefined
4036,1,n4403-1,undefined
4037,1,n4405-1,undefined
4038,1,n4407-1,undefined
4039,1,n4409-1,undefined
4040,0,n4364-1,n3911
4041,0,n4410-1,n3913
4042,1,n4462-1,undefined
4043,1,n4406-1,undefined
4044,1,n4378-1,undefined
4045,1,n4366-1,undefined
4046,1,n4370-1,undefined
4047,1,n4408-1,undefined
4048,1,n4368-1,undefined
4049,1,n4374-1,undefined
4050,1,n4386-1,undefined
4051,1,n4382-1,undefined
4052,1,n4398-1,undefined
4053,1,n4362-1,undefined
4054,1,n4392-1,undefined
4055,1,n4390-1,undefined
4056,1,n4402-1,undefined
4057,0,n4426-1,n3959
4058,1,n4372-1,undefined
4059,1,n4380-1,undefined
4060,1,n4394-1,undefined
4061,1,n4396-1,undefined
4062,1,n4404-1,undefined
4063,1,n4400-1,undefined
4064,1,n4384-1,undefined
4065,1,n4388-1,undefined
4066,1,n4376-1,undefined
4067,1,n4371-1,undefined
4068,1,n4381-1,undefined
4069,1,n4389-1,undefined
4070,1,n4365-1,undefined
4071,1,n4377-1,undefined
4072,1,n4385-1,undefined
4073,1,n4393-1,undefined
4074,0,n4309-1,n3908
4075,1,n4311-1,undefined
4076,1,n4315-1,undefined
4077,1,n4317-1,undefined
4078,1,n4321-1,undefined
4079,1,n4323-1,undefined
4080,1,n4327-1,undefined
4081,1,n4331-1,undefined
4082,1,n4335-1,undefined
4083,1,n4339-1,undefined
4084,1,n4343-1,undefined
4085,1,n4345-1,undefined
4086,1,n4347-1,undefined
4087,1,n4349-1,undefined
4088,1,n4351-1,undefined
4089,1,n4353-1,undefined
4090,1,n4355-1,undefined
4091,1,n4357-1,undefined
4092,0,n4310-1,n3910
4093,0,n4352-1,n3912
4094,1,n4330-1,undefined
4095,1,n4326-1,undefined
4096,1,n4346-1,undefined
4097,1,n4338-1,undefined
4098,1,n4350-1,undefined
4099,1,n4344-1,undefined
4100,1,n4316-1,undefined
4101,1,n4334-1,undefined
4102,1,n4320-1,undefined
4103,1,n4356-1,undefined
4104,1,n4348-1,undefined
4105,1,n4342-1,undefined
4106,1,n4354-1,undefined
4107,1,n4322-1,undefined
4108,1,n4314-1,undefined
4109,1,n4340-1,undefined
4110,1,n4324-1,undefined
4111,1,n4332-1,undefined
4112,1,n4358-1,undefined
4113,1,n4336-1,undefined
4114,1,n4328-1,undefined
4115,1,n4312-1,undefined
4116,1,n4318-1,undefined
4117,1,n4411-1,undefined
4118,1,n4428-1,undefined
4119,1,n4430-1,undefined
4120,1,n4432-1,undefined
4121,1,n4434-1,undefined
4122,0,n4433-1,n3917
4123,1,n4319-1,undefined
4124,1,n4329-1,undefined
4125,1,n4337-1,undefined
4126,1,n4427-1,undefined
4127,1,n4429-1,undefined
4128,1,n4431-1,undefined
4129,1,n4313-1,undefined
4130,1,n4325-1,undefined
4131,1,n4333-1,undefined
4132,1,n4341-1,undefined
4133,0,n4478-1,n3961
4134,0,n4479-1,n3963
4135,0,n4464-1,n3962
4136,0,n4465-1,n3960
4137,1,n4423-1,undefined
4138,1,n4422-1,undefined
4139,0,n4421-1,n3954
4140,1,n4420-1,undefined
4141,1,n4419-1,undefined
4142,1,n4412-1,undefined
4143,1,n4418-1,undefined
4144,1,n4436-1,undefined
4145,1,n4438-1,undefined
4146,1,n4440-1,undefined
4147,1,n4442-1,undefined
4148,1,n4444-1,undefined
4149,1,n4446-1,undefined
4150,1,n4448-1,undefined
4151,1,n4450-1,undefined
4152,1,n4452-1,undefined
4153,1,n4454-1,undefined
4154,1,n4456-1,undefined
4155,1,n4458-1,undefined
4156,1,n4413-1,undefined
4157,1,n4416-1,undefined
4158,1,n4417-1,undefined
4159,1,n4435-1,undefined
4160,1,n4437-1,undefined
4161,1,n4439-1,undefined
4162,1,n4441-1,undefined
4163,1,n4443-1,undefined
4164,1,n4445-1,undefined
4165,1,n4447-1,undefined
4166,1,n4449-1,undefined
4167,1,n4451-1,undefined
4168,1,n4453-1,undefined
4169,1,n4455-1,undefined
4170,1,n4457-1,undefined
4171,1,n4415-1,undefined
4172,1,n4414-1,undefined
4173,0,n4466-1,n3965
4174,0,n4470-1,n3968
4175,0,n4468-1,n3967
4176,0,n4472-1,n3971
4177,0,n4467-1,n3964
4178,0,n4471-1,n3969
4179,0,n4469-1,n3966
4180,0,n4473-1,n3970
4181,0,n4476-1,n3974
4182,0,n4474-1,n3972
4183,0,n4477-1,n3975
4184,0,n4475-1,n3973
4185,0,n4485-1,n3978
4186,0,n4486-1,n3979
4187,0,n4480-1,n3976
4188,0,n4481-1,n3977
4189,0,n4487-1,n3982
4190,0,n4488-1,n3983
4191,0,n4482-1,n3981
4192,0,n4483-1,n3980
4193,0,n4504-1,n3987
4194,0,n4505-1,n3986
4195,0,n4490-1,n3985
4196,0,n4491-1,n3984
4197,0,n4492-1,n3988
4198,0,n4496-1,n3992
4199,0,n4494-1,n3991
4200,0,n4498-1,n3994
4201,0,n4493-1,n3989
4202,0,n4497-1,n3993
4203,0,n4495-1,n3990
4204,0,n4499-1,n3995
4205,0,n4502-1,n3999
4206,0,n4500-1,n3997
4207,0,n4503-1,n3998
4208,0,n4501-1,n3996
4209,0,n4511-1,n4002
4210,0,n4512-1,n4003
4211,0,n4506-1,n4000
4212,0,n4507-1,n4001
4213,0,n4513-1,n4007
4214,0,n4514-1,n4006
4215,0,n4508-1,n4005
4216,0,n4509-1,n4004
4217,0,n4516-1,n4008
4218,0,n4517-1,n4009
4219,0,n4522-1,n4011
4220,0,n4523-1,n4012
4221,0,n4520-1,n4010
4222,0,n4524-1,n4014
4223,0,n4525-1,n4015
4224,0,n4519-1,n4013
4225,0,n4530-1,n4017
4226,0,n4526-1,n4016
4227,0,n4534-1,n4019
4228,0,n4535-1,n4020
4229,0,n4527-1,n4018
4230,0,n4536-1,n4022
4231,1,n4537-1,undefined
4232,0,n4531-1,n4021
4233,0,n4538-1,n4025
4234,0,n4539-1,n4024
4235,0,n4529-1,n4023
4236,0,n4544-1,n4027
4237,0,n4540-1,n4026
4238,0,n4548-1,n4029
4239,0,n4549-1,n4030
4240,0,n4541-1,n4028
4241,0,n4550-1,n4031
4242,0,n4551-1,n4033
4243,0,n4545-1,n4032
4244,1,n4558-1,undefined
4245,0,n4552-1,n4034
4246,0,n4553-1,n4035
4247,0,n4543-1,n4036
4248,0,n4554-1,n4037
4249,0,n4561-1,n4039
4250,0,n4562-1,n4040
4251,0,n4555-1,n4038
4252,0,n4563-1,n4041
4253,0,n4564-1,n4042
4254,0,n4565-1,n4045
4255,0,n4566-1,n4044
4256,0,n4557-1,n4043
4257,0,n4567-1,n4046
4258,0,n4575-1,n4049
4259,0,n4576-1,n4048
4260,1,n4568-1,undefined
4261,0,n4569-1,n4047
4262,0,n4570-1,n4050
4263,0,n4577-1,n4054
4264,0,n4578-1,n4052
4265,0,n4571-1,n4053
4266,0,n4572-1,n4051
4267,0,n4579-1,n4055
4268,0,n4587-1,n4059
4269,0,n4588-1,n4058
4270,0,n4580-1,n4057
4271,0,n4581-1,n4056
4272,0,n4582-1,n4060
4273,0,n4589-1,n4064
4274,0,n4590-1,n4062
4275,0,n4583-1,n4063
4276,0,n4584-1,n4061
4277,0,n4603-1,n4065
4278,0,n4604-1,n4070
4279,0,n4605-1,n4068
4280,0,n4591-1,n4067
4281,0,n4593-1,n4069
4282,0,n4592-1,n4066
4283,0,n4606-1,n4071
4284,0,n4607-1,n4076
4285,0,n4608-1,n4074
4286,0,n4594-1,n4072
4287,0,n4596-1,n4075
4288,0,n4595-1,n4073
4289,0,n4609-1,n4077
4290,0,n4610-1,n4082
4291,0,n4611-1,n4080
4292,0,n4597-1,n4079
4293,0,n4599-1,n4081
4294,0,n4598-1,n4078
4295,0,n4612-1,n4083
4296,0,n4613-1,n4087
4297,0,n4614-1,n4086
4298,0,n4600-1,n4085
4299,0,n4602-1,n4088
4300,0,n4601-1,n4084
4301,0,n4627-1,n4090
4302,0,n4628-1,n4093
4303,0,n4629-1,n4092
4304,0,n4615-1,n4091
4305,0,n4617-1,n4094
4306,0,n4616-1,n4089
4307,0,n4630-1,n4097
4308,0,n4631-1,n4098
4309,0,n4632-1,n4099
4310,0,n4618-1,n4095
4311,0,n4620-1,n4100
4312,0,n4619-1,n4096
4313,0,n4633-1,n4103
4314,0,n4634-1,n4106
4315,0,n4635-1,n4104
4316,0,n4621-1,n4101
4317,0,n4623-1,n4105
4318,0,n4622-1,n4102
4319,0,n4636-1,n4107
4320,0,n4637-1,n4112
4321,0,n4638-1,n4110
4322,0,n4624-1,n4109
4323,0,n4626-1,n4111
4324,0,n4625-1,n4108
4325,0,n4642-1,n4116
4326,0,n4643-1,n4113
4327,0,n4644-1,n4115
4328,0,n4639-1,n4114
4329,0,n4640-1,n4117
4330,0,n4650-1,n4119
4331,0,n4651-1,n4120
4332,0,n4652-1,n4121
4333,0,n4647-1,n4118
4334,0,n4648-1,n4122
4335,0,n4658-1,n4125
4336,0,n4659-1,n4126
4337,0,n4660-1,n4124
4338,0,n4655-1,n4123
4339,0,n4656-1,n4127
4340,0,n4674-1,n4129
4341,0,n4675-1,n4128
4342,0,n4676-1,n4131
4343,0,n4677-1,n4130
4344,0,n4666-1,n4132
4345,0,n4667-1,n4133
4346,0,n4668-1,n4134
4347,0,n4669-1,n4135
4348,0,n4670-1,n4138
4349,0,n4671-1,n4136
4350,0,n4672-1,n4139
4351,0,n4673-1,n4137
4352,0,n4688-1,n4141
4353,0,n4689-1,n4140
4354,0,n4690-1,n4143
4355,0,n4691-1,n4142
4356,0,n4680-1,n4144
4357,0,n4681-1,n4146
4358,0,n4682-1,n4147
4359,0,n4683-1,n4145
4360,0,n4684-1,n4149
4361,0,n4685-1,n4150
4362,0,n4686-1,n4151
4363,0,n4687-1,n4148
4364,0,n4702-1,n4153
4365,0,n4703-1,n4152
4366,0,n4704-1,n4155
4367,0,n4705-1,n4154
4368,0,n4694-1,n4156
4369,0,n4695-1,n4157
4370,0,n4696-1,n4158
4371,0,n4697-1,n4159
4372,0,n4698-1,n4161
4373,0,n4699-1,n4163
4374,0,n4700-1,n4162
4375,0,n4701-1,n4160
4376,0,n4725-1,n4169
4377,0,n4723-1,n4165
4378,0,n4726-1,n4170
4379,0,n4724-1,n4166
4380,0,n4709-1,n4168
4381,0,n4707-1,n4164
4382,0,n4710-1,n4171
4383,0,n4708-1,n4167
4384,0,n4727-1,n4173
4385,0,n4729-1,n4177
4386,0,n4728-1,n4174
4387,0,n4730-1,n4178
4388,0,n4711-1,n4172
4389,0,n4713-1,n4176
4390,0,n4712-1,n4175
4391,0,n4714-1,n4179
4392,0,n4731-1,n4181
4393,0,n4733-1,n4185
4394,0,n4732-1,n4182
4395,0,n4734-1,n4187
4396,0,n4715-1,n4180
4397,0,n4717-1,n4184
4398,0,n4716-1,n4183
4399,0,n4718-1,n4186
4400,0,n4735-1,n4188
4401,0,n4737-1,n4192
4402,0,n4736-1,n4191
4403,0,n4738-1,n4194
4404,0,n4719-1,n4189
4405,0,n4721-1,n4193
4406,0,n4720-1,n4190
4407,0,n4722-1,n4195
4408,0,n4755-1,n4196
4409,0,n4757-1,n4200
4410,0,n4756-1,n4198
4411,0,n4758-1,n4202
4412,0,n4739-1,n4197
4413,0,n4741-1,n4201
4414,0,n4740-1,n4199
4415,0,n4742-1,n4203
4416,0,n4759-1,n4204
4417,0,n4761-1,n4208
4418,0,n4760-1,n4206
4419,0,n4762-1,n4210
4420,0,n4743-1,n4205
4421,0,n4745-1,n4209
4422,0,n4744-1,n4207
4423,0,n4746-1,n4211
4424,0,n4765-1,n4216
4425,0,n4763-1,n4212
4426,0,n4766-1,n4218
4427,0,n4764-1,n4214
4428,0,n4749-1,n4217
4429,0,n4747-1,n4213
4430,0,n4750-1,n4219
4431,0,n4748-1,n4215
4432,0,n4769-1,n4224
4433,0,n4767-1,n4220
4434,0,n4770-1,n4226
4435,0,n4768-1,n4222
4436,0,n4753-1,n4225
4437,0,n4751-1,n4221
4438,0,n4754-1,n4227
4439,0,n4752-1,n4223
4440,0,n4789-1,n4232
4441,0,n4787-1,n4228
4442,0,n4790-1,n4234
4443,0,n4788-1,n4230
4444,0,n4773-1,n4233
4445,0,n4771-1,n4229
4446,0,n4774-1,n4235
4447,0,n4772-1,n4231
4448,0,n4793-1,n4241
4449,0,n4791-1,n4236
4450,0,n4794-1,n4242
4451,0,n4792-1,n4238
4452,0,n4777-1,n4240
4453,0,n4775-1,n4237
4454,0,n4778-1,n4243
4455,0,n4776-1,n4239
4456,0,n4797-1,n4249
4457,0,n4795-1,n4245
4458,0,n4798-1,n4250
4459,0,n4796-1,n4246
4460,0,n4781-1,n4248
4461,0,n4779-1,n4244
4462,0,n4782-1,n4251
4463,0,n4780-1,n4247
4464,0,n4801-1,n4256
4465,0,n4799-1,n4252
4466,0,n4802-1,n4258
4467,0,n4800-1,n4254
4468,0,n4785-1,n4257
4469,0,n4783-1,n4253
4470,0,n4786-1,n4259
4471,0,n4784-1,n4255
4472,0,n4821-1,n4264
4473,0,n4819-1,n4260
4474,0,n4822-1,n4266
4475,0,n4820-1,n4262
4476,0,n4805-1,n4265
4477,0,n4803-1,n4261
4478,0,n4806-1,n4267
4479,0,n4804-1,n4263
4480,1,n4825-1,undefined
4481,0,n4823-1,n4268
4482,0,n4826-1,n4272
4483,0,n4824-1,n4270
4484,0,n4809-1,n4273
4485,0,n4807-1,n4269
4486,0,n4810-1,n4274
4487,0,n4808-1,n4271
4488,1,n4827-1,undefined
4489,0,n4829-1,n4278
4490,0,n4828-1,n4275
4491,0,n4813-1,n4279
4492,0,n4811-1,n4276
4493,0,n4814-1,n4280
4494,0,n4812-1,n4277
4495,0,n4831-1,n4284
4496,0,n4830-1,n4281
4497,0,n4817-1,n4285
4498,0,n4815-1,n4282
4499,0,n4818-1,n4286
4500,0,n4816-1,n4283
4501,0,n4840-1,n4288
4502,0,n4841-1,n4287
4503,0,n4832-1,n4289
4504,0,n4843-1,n4294
4505,0,n4844-1,n4298
4506,0,n4845-1,n4297
4507,0,n4846-1,n4292
4508,0,n4834-1,n4291
4509,0,n4835-1,n4296
4510,0,n4836-1,n4293
4511,0,n4837-1,n4295
4512,0,n4838-1,n4290
4513,0,n4854-1,n4304
4514,0,n4855-1,n4305
4515,0,n4856-1,n4306
4516,0,n4857-1,n4303
4517,0,n4848-1,n4301
4518,0,n4849-1,n4300
4519,0,n4850-1,n4302
4520,0,n4851-1,n4299
4521,2,undefined,n97
4522,2,undefined,n127
4523,2,undefined,n138
4524,2,undefined,n242
4525,2,undefined,n284
4526,2,undefined,n308
4527,2,undefined,n472
4528,2,undefined,n621
4529,2,undefined,n717
4530,2,undefined,n719
4531,2,undefined,n738
4532,2,undefined,n765
4533,2,undefined,n988
4534,2,undefined,n1206
4535,2,undefined,n1209
4536,2,undefined,n1420
4537,2,undefined,n1550
4538,2,undefined,n1648
4539,2,undefined,n1669
4540,2,undefined,n1741
4541,2,undefined,n1755
4542,2,undefined,n1831
4543,2,undefined,n1860
4544,2,undefined,n1873
4545,2,undefined,n1874
4546,2,undefined,n1871
4547,2,undefined,n1896
4548,2,undefined,n1899
4549,2,undefined,n2195
4550,2,undefined,n2202
4551,2,undefined,n2240
4552,2,undefined,n2242
4553,2,undefined,n2431
4554,2,undefined,n2918
4555,2,undefined,n3163
4556,2,undefined,n3248
4557,2,undefined,n3413
4558,2,undefined,n3418
4559,2,undefined,n3522
4560,2,undefined,n3556
4561,2,undefined,n3579
4562,2,undefined,n3591
4563,2,undefined,n3645
4564,2,undefined,n3661
4565,2,undefined,n3691
4566,2,undefined,n3695
4567,2,undefined,n3732
4568,2,undefined,n3733
4569,2,undefined,n3737
4570,2,undefined,n3738
4571,2,undefined,n3742
4572,2,undefined,n3740
4573,2,undefined,n3741
4574,2,undefined,n3743
4575,2,undefined,n3744
4576,2,undefined,n3745
4577,2,undefined,n3746
4578,2,undefined,n3747
4579,2,undefined,n3748
4580,2,undefined,n3749
4581,2,undefined,n3750
4582,2,undefined,n3751
4583,2,undefined,n3752
4584,2,undefined,n3753
4585,2,undefined,n3754
4586,2,undefined,n3755
4587,2,undefined,n3756
4588,2,undefined,n3757
4589,2,undefined,n3758
4590,2,undefined,n3759
4591,2,undefined,n3771
4592,2,undefined,n3777
4593,2,undefined,n3760
4594,2,undefined,n3761
4595,2,undefined,n3762
4596,2,undefined,n3763
4597,2,undefined,n3764
4598,2,undefined,n3776
4599,2,undefined,n3778
4600,2,undefined,n3779
4601,2,undefined,n3780
4602,2,undefined,n3781
4603,2,undefined,n3782
4604,2,undefined,n3783
4605,2,undefined,n3784
4606,2,undefined,n3785
4607,2,undefined,n3787
4608,2,undefined,n3788
4609,2,undefined,n3789
4610,2,undefined,n3791
4611,2,undefined,n3792
4612,2,undefined,n3793
4613,2,undefined,n3795
4614,2,undefined,n3797
4615,2,undefined,n3798
4616,2,undefined,n3800
4617,2,undefined,n3801
4618,2,undefined,n3812
4619,2,undefined,n3813
4620,2,undefined,n3814
4621,2,undefined,n3815
4622,2,undefined,n3816
4623,2,undefined,n3817
4624,2,undefined,n3818
4625,2,undefined,n3819
4626,2,undefined,n3820
4627,2,undefined,n3821
4628,2,undefined,n3822
4629,2,undefined,n3824
4630,2,undefined,n3825
4631,2,undefined,n3826
4632,2,undefined,n3827
4633,2,undefined,n3828
4634,2,undefined,n3829
4635,2,undefined,n3830
4636,2,undefined,n3832
4637,2,undefined,n3834
4638,2,undefined,n3835
4639,2,undefined,n3836
4640,2,undefined,n3838
4641,2,undefined,n3842
4642,2,undefined,n3837
4643,2,undefined,n3839
4644,2,undefined,n3840
4645,2,undefined,n3841
4646,2,undefined,n3843
4647,2,undefined,n3844
4648,2,undefined,n3845
4649,2,undefined,n3846
4650,2,undefined,n3847
4651,2,undefined,n3848
4652,2,undefined,n3850
4653,2,undefined,n3851
4654,2,undefined,n3852
4655,2,undefined,n3855
4656,2,undefined,n3856
4657,2,undefined,n3857
4658,2,undefined,n3859
4659,2,undefined,n3860
4660,2,undefined,n3862
4661,2,undefined,n3867
4662,2,undefined,n3870
4663,2,undefined,n3864
4664,2,undefined,n3866
4665,2,undefined,n3871
4666,2,undefined,n3872
4667,2,undefined,n3873
4668,2,undefined,n3881
4669,2,undefined,n3875
4670,2,undefined,n3878
4671,2,undefined,n3883
4672,2,undefined,n3877
4673,2,undefined,n3882
4674,2,undefined,n3880
4675,2,undefined,n3886
4676,2,undefined,n3890
4677,2,undefined,n3895
4678,2,undefined,n3884
4679,2,undefined,n3885
4680,2,undefined,n3887
4681,2,undefined,n3888
4682,2,undefined,n3889
4683,2,undefined,n3891
4684,2,undefined,n3892
4685,2,undefined,n3893
4686,2,undefined,n3894
4687,2,undefined,n3896
4688,2,undefined,n3897
4689,2,undefined,n3918
4690,2,undefined,n3919
4691,2,undefined,n3920
4692,2,undefined,n3921
4693,2,undefined,n3922
4694,2,undefined,n3923
4695,2,undefined,n3924
4696,2,undefined,n3925
4697,2,undefined,n3926
4698,2,undefined,n3927
4699,2,undefined,n3928
4700,2,undefined,n3929
4701,2,undefined,n3930
4702,2,undefined,n3931
4703,2,undefined,n3932
4704,2,undefined,n3933
4705,2,undefined,n3934
4706,2,undefined,n3935
4707,2,undefined,n3936
4708,2,undefined,n3937
4709,2,undefined,n3938
4710,2,undefined,n3939
4711,2,undefined,n3940
4712,2,undefined,n3941
4713,2,undefined,n3942
4714,2,undefined,n3943
4715,2,undefined,n3944
4716,2,undefined,n3945
4717,2,undefined,n3946
4718,2,undefined,n3947
4719,2,undefined,n3948
4720,2,undefined,n3949
4721,2,undefined,n3950
4722,2,undefined,n3951
4723,2,undefined,n3952
