onset_sec,duration_sec,pitch,velocity,track,channel,id,last_beat,last_beat_ref
0.85572916,1.00625,41,19,0,0,n0,-10.0,-10.0
0.8567708,1.0052084,53,20,0,0,n1,0.85625,0.0
1.1182292,0.74375,43,20,0,0,n2,0.85625,0.0
1.1276041,0.734375,55,18,0,0,n3,0.85625,0.0
1.2541667,0.6078125,46,27,0,0,n4,0.85625,0.0
1.2708334,0.5911458,58,32,0,0,n5,0.85625,0.0
1.3973958,0.46458334,49,26,0,0,n6,0.85625,0.0
1.4104167,0.4515625,61,32,0,0,n7,1.4039065,1.0
1.5104166,0.3515625,40,32,0,0,n8,1.4039065,1.0
1.5510417,0.3109375,52,20,0,0,n9,1.4039065,1.0
1.6197916,0.2421875,43,42,0,0,n10,1.4039065,1.0
1.65625,0.20572917,55,37,0,0,n11,1.4039065,1.0
1.7734375,0.088541664,41,37,0,0,n12,1.4039065,1.0
1.8098959,0.052083332,53,17,0,0,n13,1.791667,2.0
1.8697916,0.49479166,55,45,0,0,n14,1.791667,2.0
1.8802084,0.484375,43,32,0,0,n15,1.791667,2.0
1.96875,0.39583334,58,42,0,0,n16,1.791667,2.0
1.9765625,0.38802084,46,34,0,0,n17,1.791667,2.0
2.0494792,0.31510416,61,45,0,0,n18,1.791667,2.0
2.0572917,0.30729166,49,35,0,0,n19,2.0533855,3.0
2.1338542,0.23072916,40,24,0,0,n20,2.0533855,3.0
2.1432292,0.22135417,52,38,0,0,n21,2.0533855,3.0
2.199479,0.16510417,43,38,0,0,n22,2.0533855,3.0
2.2229166,0.14166667,55,58,0,0,n23,2.0533855,3.0
2.3671875,0.071354166,43,47,0,0,n24,2.0533855,3.0
2.3697917,0.044270832,55,40,0,0,n25,2.36849,4.0
2.4739583,0.061458334,57,44,0,0,n26,2.36849,4.0
2.4947917,0.071875,45,43,0,0,n27,2.36849,4.0
2.543229,0.4109375,60,49,0,0,n28,2.36849,4.0
2.584375,0.36979166,48,23,0,0,n29,2.36849,4.0
2.6354167,0.31875,63,51,0,0,n30,2.36849,4.0
2.678125,0.27604166,51,42,0,0,n31,2.656771,5.0
2.715104,0.2390625,42,41,0,0,n32,2.656771,5.0
2.7276042,0.2265625,54,38,0,0,n33,2.656771,5.0
2.7994792,0.1546875,45,45,0,0,n34,2.656771,5.0
2.8010416,0.153125,57,50,0,0,n35,2.656771,5.0
2.9010417,0.059895832,55,46,0,0,n36,2.656771,5.0
2.9088542,0.065104164,43,44,0,0,n37,2.904948,6.0
2.9739583,0.15364583,57,56,0,0,n38,2.904948,6.0
2.9828124,0.14479166,45,52,0,0,n39,2.904948,6.0
3.0651042,0.0625,48,38,0,0,n40,2.904948,6.0
3.0703125,0.07447917,60,49,0,0,n41,2.904948,6.0
3.136979,0.203125,63,50,0,0,n42,2.904948,6.0
3.1546874,0.045833334,51,44,0,0,n43,3.1458335,7.0
3.1848958,0.15520833,42,44,0,0,n44,3.1458335,7.0
3.2015624,0.13854167,54,51,0,0,n45,3.1458335,7.0
3.261979,0.078125,45,40,0,0,n46,3.1458335,7.0
3.2890625,0.058854166,57,51,0,0,n47,3.1458335,7.0
3.365625,0.038020834,46,39,0,0,n48,3.365625,8.0
3.365625,0.041666668,58,53,0,0,n49,3.365625,8.0
3.4401042,0.042708334,48,47,0,0,n50,3.365625,8.0
3.4713542,0.38020834,60,53,0,0,n51,3.365625,8.0
3.527604,0.32395834,51,53,0,0,n52,3.365625,8.0
3.5635417,0.28802082,63,54,0,0,n53,3.365625,8.0
3.6291666,0.22239584,66,55,0,0,n54,3.365625,8.0
3.6354167,0.21614583,54,52,0,0,n55,3.632292,9.0
3.7005208,0.15104167,45,39,0,0,n56,3.632292,9.0
3.709375,0.1421875,57,48,0,0,n57,3.632292,9.0
3.777604,0.07395833,60,43,0,0,n58,3.632292,9.0
3.7786458,0.072916664,48,48,0,0,n59,3.632292,9.0
3.8697917,0.036458332,49,42,0,0,n60,3.632292,9.0
3.8916667,0.046875,61,46,0,0,n61,3.8807294,10.0
3.9348958,0.13020833,51,46,0,0,n62,3.8807294,10.0
3.9557292,0.109375,63,56,0,0,n63,3.8807294,10.0
4.0380206,0.048958335,54,55,0,0,n64,3.8807294,10.0
4.049479,0.0703125,66,49,0,0,n65,3.8807294,10.0
4.1135416,0.18229167,69,55,0,0,n66,3.8807294,10.0
4.157292,0.13854167,57,31,0,0,n67,4.135417,11.0
4.188542,0.10729167,48,40,0,0,n68,4.135417,11.0
4.1942706,0.1015625,60,53,0,0,n69,4.135417,11.0
4.2552085,0.046875,51,53,0,0,n70,4.135417,11.0
4.283854,0.052083332,63,47,0,0,n71,4.135417,11.0
4.355729,0.1625,49,43,0,0,n72,4.135417,11.0
4.373958,0.14427084,61,46,0,0,n73,4.3648434,12.0
4.4375,0.080729164,51,57,0,0,n74,4.3648434,12.0
4.4635415,0.05625,63,58,0,0,n75,4.3648434,12.0
4.530208,0.0390625,54,39,0,0,n76,4.3648434,12.0
4.53125,0.46875,66,60,0,0,n77,4.3648434,12.0
4.594792,0.40520832,57,48,0,0,n78,4.3648434,12.0
4.5979166,0.40208334,69,55,0,0,n79,4.5963545,13.0
4.65625,0.34375,48,40,0,0,n80,4.5963545,13.0
4.65625,0.34375,60,61,0,0,n81,4.5963545,13.0
4.721354,0.27864584,51,43,0,0,n82,4.5963545,13.0
4.721354,0.27864584,63,58,0,0,n83,4.5963545,13.0
4.7854166,0.21458334,54,54,0,0,n84,4.5963545,13.0
4.825521,0.17447917,66,68,0,0,n85,4.805469,14.0
4.856771,0.14322917,58,53,0,0,n86,4.805469,14.0
4.8973956,0.102604166,70,62,0,0,n87,4.805469,14.0
4.953125,0.046875,60,58,0,0,n88,4.805469,14.0
4.969792,0.0796875,72,63,0,0,n89,4.805469,14.0
5.0354166,0.034895834,63,67,0,0,n90,4.805469,14.0
5.0520835,0.18125,75,65,0,0,n91,5.04375,15.0
5.0989585,0.134375,53,43,0,0,n92,5.04375,15.0
5.105729,0.12760417,65,57,0,0,n93,5.04375,15.0
5.1796875,0.053645834,69,54,0,0,n94,5.04375,15.0
5.184896,0.069270834,57,53,0,0,n95,5.04375,15.0
5.283854,0.059895832,58,51,0,0,n96,5.04375,15.0
5.313542,0.87395835,70,52,0,0,n97,5.298698,16.0
5.386979,0.80052084,61,49,0,0,n98,5.298698,16.0
5.421875,0.765625,73,54,0,0,n99,5.298698,16.0
5.4921875,0.6953125,78,51,0,0,n100,5.298698,16.0
5.515625,0.671875,66,59,0,0,n101,5.298698,16.0
5.6005206,0.58697915,77,60,0,0,n102,5.298698,16.0
5.623958,0.56354165,65,50,0,0,n103,5.6122394,17.0
5.690104,0.49739584,72,56,0,0,n104,5.6122394,17.0
5.6927085,0.49479166,60,47,0,0,n105,5.6122394,17.0
5.7541666,0.43333334,61,59,0,0,n106,5.6122394,17.0
5.7604165,0.42708334,73,59,0,0,n107,5.6122394,17.0
5.8177085,0.36979166,64,62,0,0,n108,5.6122394,17.0
5.830729,0.35677084,76,60,0,0,n109,5.8242183,18.0
5.8791666,0.30833334,60,63,0,0,n110,5.8242183,18.0
5.903646,0.28385416,72,57,0,0,n111,5.8242183,18.0
5.966146,0.22135417,73,67,0,0,n112,5.8242183,18.0
5.967708,0.21979167,61,55,0,0,n113,5.8242183,18.0
6.033854,0.15364583,57,63,0,0,n114,5.8242183,18.0
6.0380206,0.14947917,69,64,0,0,n115,6.0359373,19.0
6.121354,0.06614583,58,64,0,0,n116,6.0359373,19.0
6.122396,0.065104164,70,61,0,0,n117,6.0359373,19.0
6.190104,0.053125,66,60,0,0,n118,6.0359373,19.0
6.2083335,0.0484375,54,53,0,0,n119,6.0359373,19.0
6.2854166,0.046875,64,62,0,0,n120,6.0359373,19.0
6.2880206,0.044270832,52,48,0,0,n121,6.286719,20.0
6.3661456,0.050520834,65,59,0,0,n122,6.286719,20.0
6.377604,0.043229166,53,43,0,0,n123,6.286719,20.0
6.4416666,0.049479168,70,56,0,0,n124,6.286719,20.0
6.452083,0.040104166,58,52,0,0,n125,6.286719,20.0
6.5052085,0.040625,68,59,0,0,n126,6.286719,20.0
6.5208335,0.0484375,56,54,0,0,n127,6.5130205,21.0
6.579167,0.046875,69,60,0,0,n128,6.5130205,21.0
6.6015625,0.032291666,57,51,0,0,n129,6.5130205,21.0
6.653646,0.050520834,73,63,0,0,n130,6.5130205,21.0
6.658854,0.041666668,61,55,0,0,n131,6.5130205,21.0
6.730729,0.053125,57,63,0,0,n132,6.5130205,21.0
6.735417,0.040625,69,61,0,0,n133,6.733073,22.0
6.793229,0.0515625,70,56,0,0,n134,6.733073,22.0
6.8072915,0.041666668,58,53,0,0,n135,6.733073,22.0
6.855729,0.047916666,73,53,0,0,n136,6.733073,22.0
6.8854165,0.033854168,61,33,0,0,n137,6.733073,22.0
6.9322915,0.043229166,71,60,0,0,n138,6.733073,22.0
6.940104,0.0546875,59,55,0,0,n139,6.936198,23.0
7.016667,0.043229166,72,56,0,0,n140,6.936198,23.0
7.030208,0.036458332,60,49,0,0,n141,6.936198,23.0
7.092708,0.032291666,77,48,0,0,n142,6.936198,23.0
7.096354,0.0390625,65,45,0,0,n143,6.936198,23.0
7.152604,0.0609375,68,56,0,0,n144,6.936198,23.0
7.1666665,0.05625,56,48,0,0,n145,7.1596355,24.0
7.231771,0.828125,71,55,0,0,n146,7.1596355,24.0
7.2447915,0.8151042,59,43,0,0,n147,7.1596355,24.0
7.3177085,0.7421875,76,59,0,0,n148,7.1596355,24.0
7.393229,0.6666667,63,54,0,0,n149,7.1596355,24.0
7.403646,0.65625,75,43,0,0,n150,7.3984375,25.0
7.4635415,0.5963542,70,62,0,0,n151,7.3984375,25.0
7.469792,0.59010416,58,50,0,0,n152,7.3984375,25.0
7.5354166,0.52447915,59,48,0,0,n153,7.3984375,25.0
7.546875,0.5130208,71,58,0,0,n154,7.3984375,25.0
7.6197915,0.44010416,62,53,0,0,n155,7.3984375,25.0
7.6197915,0.44010416,74,60,0,0,n156,7.3984375,25.0
7.6822915,0.37760416,58,54,0,0,n157,7.619792,26.0
7.6979165,0.36197916,70,52,0,0,n158,7.619792,26.0
7.7578125,0.30208334,71,63,0,0,n159,7.619792,26.0
7.7760415,0.28385416,59,40,0,0,n160,7.619792,26.0
7.844792,0.21510416,67,60,0,0,n161,7.619792,26.0
7.8479166,0.21197917,55,61,0,0,n162,7.8463545,27.0
7.918229,0.14166667,56,69,0,0,n163,7.8463545,27.0
7.9260416,0.13385417,68,59,0,0,n164,7.8463545,27.0
8.0078125,0.052083332,64,51,0,0,n165,7.8463545,27.0
8.0234375,0.036458332,52,46,0,0,n166,7.8463545,27.0
8.0859375,0.0609375,50,53,0,0,n167,7.8463545,27.0
8.090104,0.04375,62,59,0,0,n168,8.088021,28.0
8.161458,0.047916666,63,52,0,0,n169,8.088021,28.0
8.209375,0.033854168,56,51,0,0,n170,8.088021,28.0
8.222917,0.048958335,68,49,0,0,n171,8.088021,28.0
8.2875,0.0625,52,48,0,0,n172,8.088021,28.0
8.310938,0.045833334,64,62,0,0,n173,8.299218,29.0
8.380208,0.042708334,53,53,0,0,n174,8.299218,29.0
8.385417,0.0453125,65,55,0,0,n175,8.299218,29.0
8.442708,0.065104164,71,61,0,0,n176,8.299218,29.0
8.461979,0.058854166,59,53,0,0,n177,8.299218,29.0
8.540104,0.05,53,56,0,0,n178,8.299218,29.0
8.552083,0.030208332,65,40,0,0,n179,8.546094,30.0
8.604167,0.033854168,54,47,0,0,n180,8.546094,30.0
8.6067705,0.055729166,66,52,0,0,n181,8.546094,30.0
8.668229,0.0515625,71,63,0,0,n182,8.546094,30.0
8.677083,0.038020834,59,47,0,0,n183,8.546094,30.0
8.7578125,0.051041666,69,60,0,0,n184,8.546094,30.0
8.758854,0.035416666,57,51,0,0,n185,8.758333,31.0
8.810938,0.051041666,58,57,0,0,n186,8.758333,31.0
8.832292,0.048958335,70,57,0,0,n187,8.758333,31.0
8.9088545,0.0625,63,55,0,0,n188,8.758333,31.0
8.911458,0.10520833,75,59,0,0,n189,8.758333,31.0
9.004167,0.047916666,61,51,0,0,n190,9.004167,32.0
9.004167,0.428125,73,58,0,0,n191,9.004167,32.0
9.06875,0.36354166,53,52,0,0,n192,9.004167,32.0
9.083333,0.34895834,65,54,0,0,n193,9.004167,32.0
9.151042,0.28125,70,56,0,0,n194,9.004167,32.0
9.1625,0.26979166,58,59,0,0,n195,9.004167,32.0
9.254167,0.178125,61,63,0,0,n196,9.004167,32.0
9.2890625,0.14322917,49,38,0,0,n197,9.271614,33.0
9.3359375,0.096354164,64,64,0,0,n198,9.271614,33.0
9.34375,0.088541664,52,50,0,0,n199,9.271614,33.0
9.402604,0.056770835,69,62,0,0,n200,9.271614,33.0
9.407291,0.044270832,57,57,0,0,n201,9.271614,33.0
9.482813,0.108333334,72,68,0,0,n202,9.271614,33.0
9.496354,0.0671875,60,54,0,0,n203,9.489583,34.0
9.574479,0.0609375,51,43,0,0,n204,9.489583,34.0
9.584375,0.046875,63,49,0,0,n205,9.489583,34.0
9.6380205,0.31510416,68,50,0,0,n206,9.489583,34.0
9.6640625,0.2890625,56,48,0,0,n207,9.489583,34.0
9.708333,0.24479167,59,55,0,0,n208,9.489583,34.0
9.746354,0.20677084,47,44,0,0,n209,9.727344,35.0
9.803125,0.15,62,51,0,0,n210,9.727344,35.0
9.826563,0.1265625,50,39,0,0,n211,9.727344,35.0
9.88125,0.071875,67,56,0,0,n212,9.727344,35.0
9.889063,0.0640625,55,51,0,0,n213,9.727344,35.0
9.933854,0.055729166,59,48,0,0,n214,9.727344,35.0
9.9453125,0.1078125,71,55,0,0,n215,9.939583,36.0
10.014063,0.080729164,50,51,0,0,n216,9.939583,36.0
10.032291,0.078125,62,51,0,0,n217,9.939583,36.0
10.115625,0.1953125,66,49,0,0,n218,9.939583,36.0
10.1276045,0.18333334,54,60,0,0,n219,9.939583,36.0
10.199479,0.11145833,58,63,0,0,n220,9.939583,36.0
10.209375,0.1015625,46,47,0,0,n221,10.204427,37.0
10.2526045,0.0765625,49,60,0,0,n222,10.204427,37.0
10.274479,0.058854166,61,57,0,0,n223,10.204427,37.0
10.324479,0.079166666,66,54,0,0,n224,10.204427,37.0
10.3359375,0.046875,54,53,0,0,n225,10.204427,37.0
10.395833,0.077083334,58,59,0,0,n226,10.204427,37.0
10.40625,0.07447917,70,71,0,0,n227,10.401041,38.0
10.473958,0.28125,66,69,0,0,n228,10.401041,38.0
10.4921875,0.26302084,54,58,0,0,n229,10.401041,38.0
10.552083,0.203125,59,66,0,0,n230,10.401041,38.0
10.574479,0.18072917,71,76,0,0,n231,10.401041,38.0
10.649479,0.10572917,60,67,0,0,n232,10.401041,38.0
10.654688,0.100520834,72,75,0,0,n233,10.652083,39.0
10.715104,0.08958333,73,71,0,0,n234,10.652083,39.0
10.7161455,0.053645834,61,64,0,0,n235,10.652083,39.0
10.7875,0.043229166,63,53,0,0,n236,10.652083,39.0
10.797916,0.071875,75,70,0,0,n237,10.652083,39.0
10.857813,0.05625,64,60,0,0,n238,10.652083,39.0
10.885417,0.106770836,76,66,0,0,n239,10.871614,40.0
10.975,0.057291668,67,51,0,0,n240,10.871614,40.0
11.0546875,0.26979166,60,50,0,0,n241,10.871614,40.0
11.071354,0.253125,72,47,0,0,n242,10.871614,40.0
11.1171875,0.20729166,63,56,0,0,n243,10.871614,40.0
11.151042,0.1734375,51,56,0,0,n244,11.134115,41.0
11.2005205,0.123958334,66,57,0,0,n245,11.134115,41.0
11.2109375,0.11354167,54,43,0,0,n246,11.134115,41.0
11.2682295,0.05625,59,56,0,0,n247,11.134115,41.0
11.270833,0.065104164,71,56,0,0,n248,11.134115,41.0
11.3359375,0.0625,62,55,0,0,n249,11.134115,41.0
11.352604,0.0796875,74,66,0,0,n250,11.344271,42.0
11.4088545,0.05625,53,47,0,0,n251,11.344271,42.0
11.4244795,0.072916664,65,53,0,0,n252,11.344271,42.0
11.501041,0.3046875,58,51,0,0,n253,11.344271,42.0
11.514063,0.29166666,70,54,0,0,n254,11.344271,42.0
11.567708,0.23802084,61,56,0,0,n255,11.344271,42.0
11.5755205,0.23020834,49,46,0,0,n256,11.571614,43.0
11.651042,0.1546875,52,46,0,0,n257,11.571614,43.0
11.6588545,0.146875,64,60,0,0,n258,11.571614,43.0
11.725,0.080729164,57,48,0,0,n259,11.571614,43.0
11.738542,0.0671875,69,54,0,0,n260,11.571614,43.0
11.801042,0.063541666,60,56,0,0,n261,11.571614,43.0
11.816667,0.084375,72,61,0,0,n262,11.808854,44.0
11.855729,0.0671875,52,40,0,0,n263,11.808854,44.0
11.891666,0.061458334,64,45,0,0,n264,11.808854,44.0
11.954166,0.1796875,56,52,0,0,n265,11.808854,44.0
11.982813,0.15104167,68,35,0,0,n266,11.808854,44.0
12.03125,0.102604166,59,51,0,0,n267,11.808854,44.0
12.0494795,0.084375,47,42,0,0,n268,12.040364,45.0
12.104167,0.0625,50,54,0,0,n269,12.040364,45.0
12.1067705,0.050520834,62,57,0,0,n270,12.040364,45.0
12.192708,0.046875,67,58,0,0,n271,12.040364,45.0
12.2161455,0.028645834,55,18,0,0,n272,12.040364,45.0
12.243229,0.0390625,71,74,0,0,n273,12.040364,45.0
12.255208,0.045833334,59,57,0,0,n274,12.249219,46.0
12.340104,0.2859375,54,61,0,0,n275,12.249219,46.0
12.3463545,0.2796875,66,64,0,0,n276,12.249219,46.0
12.40625,0.21979167,73,75,0,0,n277,12.249219,46.0
12.433854,0.1921875,61,67,0,0,n278,12.249219,46.0
12.484375,0.14166667,62,59,0,0,n279,12.249219,46.0
12.524479,0.1015625,74,67,0,0,n280,12.504427,47.0
12.5807295,0.0546875,63,60,0,0,n281,12.504427,47.0
12.584375,0.06666667,75,68,0,0,n282,12.504427,47.0
12.6640625,0.041666668,64,53,0,0,n283,12.504427,47.0
12.680729,0.046875,76,61,0,0,n284,12.504427,47.0
12.751041,0.106770836,77,65,0,0,n285,12.504427,47.0
12.75625,0.041666668,65,51,0,0,n286,12.753646,48.0
12.817708,0.34895834,57,41,0,0,n287,12.753646,48.0
12.832292,0.334375,69,52,0,0,n288,12.753646,48.0
12.8828125,0.28385416,63,50,0,0,n289,12.753646,48.0
12.901042,0.265625,75,56,0,0,n290,12.753646,48.0
12.9557295,0.2109375,64,61,0,0,n291,12.753646,48.0
12.965104,0.2015625,76,60,0,0,n292,12.960417,49.0
13.03125,0.13541667,77,60,0,0,n293,12.960417,49.0
13.036458,0.13020833,65,55,0,0,n294,12.960417,49.0
13.1119795,0.0546875,66,60,0,0,n295,12.960417,49.0
13.113542,0.053125,78,62,0,0,n296,12.960417,49.0
13.192708,0.052083332,65,60,0,0,n297,12.960417,49.0
13.201563,0.0859375,77,56,0,0,n298,13.197135,50.0
13.244792,0.072916664,70,50,0,0,n299,13.197135,50.0
13.25625,0.07447917,58,48,0,0,n300,13.197135,50.0
13.317708,0.34270832,73,63,0,0,n301,13.197135,50.0
13.3255205,0.33489582,61,55,0,0,n302,13.197135,50.0
13.394792,0.265625,76,55,0,0,n303,13.197135,50.0
13.4036455,0.25677082,64,60,0,0,n304,13.399219,51.0
13.458333,0.20208333,65,69,0,0,n305,13.399219,51.0
13.461979,0.1984375,77,63,0,0,n306,13.399219,51.0
13.547916,0.1125,66,67,0,0,n307,13.399219,51.0
13.547916,0.1125,78,74,0,0,n308,13.399219,51.0
13.613542,0.12604167,79,78,0,0,n309,13.399219,51.0
13.623438,0.0390625,67,60,0,0,n310,13.618489,52.0
13.682292,0.10520833,71,62,0,0,n311,13.618489,52.0
13.69375,0.061458334,59,54,0,0,n312,13.618489,52.0
13.75625,0.3453125,77,69,0,0,n313,13.618489,52.0
13.760417,0.34114584,65,62,0,0,n314,13.618489,52.0
13.8255205,0.27604166,66,70,0,0,n315,13.618489,52.0
13.8255205,0.27604166,78,72,0,0,n316,13.618489,52.0
13.8932295,0.20833333,79,74,0,0,n317,13.825521,53.0
13.895833,0.20572917,67,73,0,0,n318,13.825521,53.0
13.9661455,0.13541667,80,81,0,0,n319,13.825521,53.0
13.975,0.1265625,68,78,0,0,n320,13.825521,53.0
14.047916,0.053645834,67,73,0,0,n321,13.825521,53.0
14.060938,0.078125,79,76,0,0,n322,14.054427,54.0
14.125,0.059895832,60,49,0,0,n323,14.054427,54.0
14.129167,0.08020833,72,42,0,0,n324,14.054427,54.0
14.1744795,0.067708336,63,61,0,0,n325,14.054427,54.0
14.19375,0.0796875,75,69,0,0,n326,14.054427,54.0
14.2369795,0.036458332,66,58,0,0,n327,14.054427,54.0
14.270833,0.6328125,78,65,0,0,n328,14.253906,55.0
14.301042,0.60260415,67,65,0,0,n329,14.253906,55.0
14.34375,0.5598958,79,67,0,0,n330,14.253906,55.0
14.386979,0.51666665,68,63,0,0,n331,14.253906,55.0
14.407291,0.49635416,80,59,0,0,n332,14.253906,55.0
14.459375,0.44427082,63,54,0,0,n333,14.253906,55.0
14.469791,0.43385416,75,53,0,0,n334,14.464583,56.0
14.532291,0.37135416,72,55,0,0,n335,14.464583,56.0
14.586979,0.31666666,65,59,0,0,n336,14.464583,56.0
14.6380205,0.265625,63,54,0,0,n337,14.464583,56.0
14.65625,0.24739583,75,62,0,0,n338,14.647136,57.0
14.7265625,0.17708333,56,60,0,0,n339,14.647136,57.0
14.730729,0.17291667,68,63,0,0,n340,14.647136,57.0
14.803125,0.100520834,61,70,0,0,n341,14.647136,57.0
14.807292,0.096354164,73,64,0,0,n342,14.647136,57.0
14.859375,0.080729164,72,58,0,0,n343,14.647136,57.0
14.879167,0.0515625,60,62,0,0,n344,14.869271,58.0
14.973958,0.052083332,63,54,0,0,n345,14.869271,58.0
14.975,0.038020834,51,47,0,0,n346,14.869271,58.0
15.019792,0.0515625,58,59,0,0,n347,14.869271,58.0
15.0390625,0.075520836,70,63,0,0,n348,14.869271,58.0
15.105729,0.04375,56,63,0,0,n349,14.869271,58.0
15.121354,0.048958335,68,62,0,0,n350,15.113542,59.0
15.2005205,0.0546875,60,64,0,0,n351,15.113542,59.0
15.3046875,0.0375,53,53,0,0,n352,15.113542,59.0
15.3151045,0.036458332,65,38,0,0,n353,15.113542,59.0
15.354167,0.036458332,51,60,0,0,n354,15.113542,59.0
15.363542,0.042708334,63,66,0,0,n355,15.358854,60.0
15.4453125,0.0609375,56,67,0,0,n356,15.358854,60.0
15.4609375,0.040104166,44,37,0,0,n357,15.358854,60.0
15.515625,0.088541664,61,65,0,0,n358,15.358854,60.0
15.5182295,0.042708334,49,60,0,0,n359,15.358854,60.0
15.609375,0.053125,60,60,0,0,n360,15.358854,60.0
15.6119795,0.050520834,48,51,0,0,n361,15.610677,61.0
15.685938,0.040625,55,58,0,0,n362,15.610677,61.0
15.699479,0.04375,43,54,0,0,n363,15.610677,61.0
15.75,0.057291668,56,56,0,0,n364,15.610677,61.0
15.796875,0.0375,44,30,0,0,n365,15.610677,61.0
15.8151045,0.057291668,48,46,0,0,n366,15.610677,61.0
15.829166,0.0625,60,51,0,0,n367,15.822136,62.0
15.8984375,0.051041666,54,56,0,0,n368,15.822136,62.0
15.907291,0.051041666,42,54,0,0,n369,15.822136,62.0
15.980729,0.059375,62,52,0,0,n370,15.822136,62.0
15.9921875,0.046875,50,53,0,0,n371,15.822136,62.0
16.039062,0.053645834,48,46,0,0,n372,15.822136,62.0
16.054688,0.057291668,60,54,0,0,n373,16.046875,63.0
16.135416,0.03125,53,46,0,0,n374,16.046875,63.0
16.141666,0.036979165,41,34,0,0,n375,16.046875,63.0
16.197916,0.0390625,54,59,0,0,n376,16.046875,63.0
16.200521,0.044270832,42,55,0,0,n377,16.046875,63.0
16.29323,0.0359375,55,59,0,0,n378,16.046875,63.0
16.295834,0.044270832,43,54,0,0,n379,16.29453,64.0
16.368229,0.040625,57,60,0,0,n380,16.29453,64.0
16.372396,0.033854168,45,49,0,0,n381,16.29453,64.0
16.4375,0.043229166,47,49,0,0,n382,16.29453,64.0
16.454166,0.0015625,59,25,0,0,n383,16.29453,64.0
16.51198,0.0390625,60,58,0,0,n384,16.29453,64.0
16.527605,0.0375,48,58,0,0,n385,16.51979,65.0
16.586979,0.036979165,50,61,0,0,n386,16.51979,65.0
16.597918,0.049479168,62,54,0,0,n387,16.51979,65.0
16.664062,0.049479168,63,61,0,0,n388,16.51979,65.0
16.678646,0.032291666,51,57,0,0,n389,16.51979,65.0
16.741146,0.047916666,56,61,0,0,n390,16.51979,65.0
16.765625,0.033854168,44,46,0,0,n391,16.753386,66.0
16.819271,0.034895834,58,61,0,0,n392,16.753386,66.0
16.908854,0.0390625,59,57,0,0,n393,16.753386,66.0
16.971354,0.18125,60,62,0,0,n394,16.971354,67.0
17.032291,0.1203125,49,56,0,0,n395,16.971354,67.0
17.052084,0.100520834,61,62,0,0,n396,16.971354,67.0
17.123959,0.040104166,51,51,0,0,n397,16.971354,67.0
17.130209,0.057291668,63,53,0,0,n398,16.971354,67.0
17.188541,0.036979165,57,54,0,0,n399,16.971354,67.0
17.203125,0.043229166,45,54,0,0,n400,17.195833,68.0
17.252604,0.036458332,58,55,0,0,n401,17.195833,68.0
17.282291,0.040625,46,39,0,0,n402,17.195833,68.0
17.321354,0.27760416,48,59,0,0,n403,17.195833,68.0
17.358334,0.240625,60,60,0,0,n404,17.195833,68.0
17.407291,0.19166666,49,57,0,0,n405,17.195833,68.0
17.415104,0.18385416,61,55,0,0,n406,17.411198,69.0
17.479166,0.119791664,51,58,0,0,n407,17.411198,69.0
17.485416,0.11354167,63,57,0,0,n408,17.411198,69.0
17.533854,0.065104164,53,57,0,0,n409,17.411198,69.0
17.540104,0.069270834,65,52,0,0,n410,17.411198,69.0
17.601562,0.041666668,58,62,0,0,n411,17.411198,69.0
17.614584,0.041666668,46,54,0,0,n412,17.608072,70.0
17.680729,0.043229166,47,52,0,0,n413,17.608072,70.0
17.692709,0.0390625,59,55,0,0,n414,17.608072,70.0
17.754168,0.0625,60,65,0,0,n415,17.608072,70.0
17.764584,0.0375,48,38,0,0,n416,17.608072,70.0
17.822916,0.103125,49,51,0,0,n417,17.608072,70.0
17.828125,0.09791667,61,60,0,0,n418,17.825521,71.0
17.888021,0.038020834,51,54,0,0,n419,17.825521,71.0
17.901041,0.044270832,63,53,0,0,n420,17.825521,71.0
17.941668,0.050520834,65,54,0,0,n421,17.825521,71.0
17.950521,0.044270832,53,60,0,0,n422,17.825521,71.0
18.004168,0.065104164,48,44,0,0,n423,18.004168,72.0
18.004168,0.0390625,60,66,0,0,n424,18.004168,72.0
18.080729,0.043229166,61,52,0,0,n425,18.004168,72.0
18.097918,0.0375,49,45,0,0,n426,18.004168,72.0
18.149479,0.2296875,50,57,0,0,n427,18.004168,72.0
18.169271,0.20989583,62,63,0,0,n428,18.004168,72.0
18.209896,0.16927083,63,55,0,0,n429,18.004168,72.0
18.216146,0.16302083,51,56,0,0,n430,18.21302,73.0
18.297916,0.08125,53,52,0,0,n431,18.21302,73.0
18.297916,0.08125,65,62,0,0,n432,18.21302,73.0
18.352604,0.035416666,54,60,0,0,n433,18.21302,73.0
18.352604,0.05,66,62,0,0,n434,18.21302,73.0
18.415104,0.030208332,57,52,0,0,n435,18.21302,73.0
18.424479,0.046875,45,56,0,0,n436,18.419792,74.0
18.484375,0.37916666,49,56,0,0,n437,18.419792,74.0
18.489584,0.37395832,61,60,0,0,n438,18.419792,74.0
18.565104,0.2984375,50,62,0,0,n439,18.419792,74.0
18.580729,0.2828125,62,69,0,0,n440,18.419792,74.0
18.633854,0.2296875,51,63,0,0,n441,18.419792,74.0
18.645834,0.21770833,63,69,0,0,n442,18.639843,75.0
18.716146,0.14739583,65,66,0,0,n443,18.639843,75.0
18.744791,0.11875,53,37,0,0,n444,18.639843,75.0
18.766666,0.096875,54,76,0,0,n445,18.639843,75.0
18.785418,0.078125,66,63,0,0,n446,18.639843,75.0
18.844791,0.061458334,69,65,0,0,n447,18.639843,75.0
18.852604,0.053645834,57,54,0,0,n448,18.848698,76.0
18.921875,0.051041666,66,66,0,0,n449,18.848698,76.0
18.922916,0.035416666,54,66,0,0,n450,18.848698,76.0
18.979166,0.065104164,52,49,0,0,n451,18.848698,76.0
18.988543,0.059375,64,57,0,0,n452,18.848698,76.0
19.07448,0.053125,50,56,0,0,n453,19.074478,77.0
19.07448,0.0453125,62,57,0,0,n454,19.074478,77.0
19.15625,0.038020834,64,62,0,0,n455,19.074478,77.0
19.163021,0.03125,52,43,0,0,n456,19.074478,77.0
19.202084,0.042708334,54,59,0,0,n457,19.074478,77.0
19.223959,0.0390625,66,47,0,0,n458,19.074478,77.0
19.269793,0.0390625,57,57,0,0,n459,19.269793,78.0
19.342709,0.49583334,49,59,0,0,n460,19.269793,78.0
19.347918,0.490625,61,62,0,0,n461,19.269793,78.0
19.410418,0.428125,50,62,0,0,n462,19.269793,78.0
19.446354,0.3921875,62,71,0,0,n463,19.269793,78.0
19.483334,0.35520834,52,67,0,0,n464,19.269793,78.0
19.508854,0.3296875,64,76,0,0,n465,19.496094,79.0
19.57448,0.2640625,65,78,0,0,n466,19.496094,79.0
19.582293,0.25625,53,44,0,0,n467,19.496094,79.0
19.631771,0.20677084,54,66,0,0,n468,19.496094,79.0
19.640625,0.19791667,66,72,0,0,n469,19.496094,79.0
19.695312,0.14322917,57,66,0,0,n470,19.496094,79.0
19.716146,0.122395836,69,70,0,0,n471,19.705729,80.0
19.783854,0.0546875,56,66,0,0,n472,19.705729,80.0
19.795834,0.042708334,68,70,0,0,n473,19.705729,80.0
19.852604,0.078125,67,69,0,0,n474,19.705729,80.0
19.85573,0.053125,55,64,0,0,n475,19.705729,80.0
19.932291,0.052083332,54,64,0,0,n476,19.705729,80.0
19.932291,0.088541664,66,68,0,0,n477,19.705729,80.0
20.019793,0.0515625,51,57,0,0,n478,19.932293,81.0
20.024479,0.052604165,63,63,0,0,n479,19.932293,81.0
20.094791,0.0703125,48,53,0,0,n480,19.932293,81.0
20.104166,0.049479168,60,58,0,0,n481,19.932293,81.0
20.165104,0.034375,54,54,0,0,n482,19.932293,81.0
20.171875,0.051041666,66,66,0,0,n483,20.16849,82.0
20.226562,0.03125,51,60,0,0,n484,20.16849,82.0
20.23073,0.0609375,63,64,0,0,n485,20.16849,82.0
20.297916,0.0640625,60,57,0,0,n486,20.16849,82.0
20.315104,0.044270832,48,56,0,0,n487,20.16849,82.0
20.372396,0.03125,46,64,0,0,n488,20.16849,82.0
20.391666,0.034375,58,64,0,0,n489,20.382032,83.0
20.457293,0.0921875,57,55,0,0,n490,20.382032,83.0
20.486979,0.041666668,45,56,0,0,n491,20.382032,83.0
20.549479,0.058854166,44,52,0,0,n492,20.382032,83.0
20.549479,0.049479168,56,52,0,0,n493,20.382032,83.0
20.626041,0.0546875,55,61,0,0,n494,20.382032,83.0
20.649479,0.046875,43,57,0,0,n495,20.63776,84.0
20.716146,0.042708334,56,48,0,0,n496,20.63776,84.0
20.719791,0.036979165,44,62,0,0,n497,20.63776,84.0
20.763021,0.0625,57,54,0,0,n498,20.63776,84.0
20.778646,0.0625,45,55,0,0,n499,20.63776,84.0
20.85573,0.07395833,53,56,0,0,n500,20.63776,84.0
20.867188,0.049479168,41,50,0,0,n501,20.861458,85.0
20.938541,0.06666667,42,62,0,0,n502,20.861458,85.0
20.946354,0.05625,54,58,0,0,n503,20.861458,85.0
21.027605,0.034895834,56,46,0,0,n504,20.861458,85.0
21.041666,0.0015625,44,40,0,0,n505,20.861458,85.0
21.084896,0.10520833,52,56,0,0,n506,20.861458,85.0
21.106771,0.083333336,40,53,0,0,n507,21.095833,86.0
21.164062,0.047916666,53,59,0,0,n508,21.095833,86.0
21.190104,0.0390625,41,44,0,0,n509,21.095833,86.0
21.241146,0.0390625,54,46,0,0,n510,21.095833,86.0
21.242188,0.053645834,42,58,0,0,n511,21.095833,86.0
21.307291,0.05625,50,50,0,0,n512,21.095833,86.0
21.333334,0.044270832,38,55,0,0,n513,21.320312,87.0
21.377604,0.1015625,51,52,0,0,n514,21.320312,87.0
21.397396,0.08177083,39,40,0,0,n515,21.320312,87.0
21.445312,0.033854168,53,52,0,0,n516,21.320312,87.0
21.453125,0.045833334,41,44,0,0,n517,21.320312,87.0
21.539062,0.057291668,31,55,0,0,n518,21.320312,87.0
21.540104,0.040625,43,48,0,0,n519,21.539583,88.0
21.604166,0.0390625,44,58,0,0,n520,21.539583,88.0
21.621355,0.057291668,32,52,0,0,n521,21.539583,88.0
21.690104,0.5328125,34,56,0,0,n522,21.539583,88.0
21.694271,0.5286458,46,43,0,0,n523,21.539583,88.0
21.751041,0.471875,36,58,0,0,n524,21.539583,88.0
21.756771,0.46614584,48,61,0,0,n525,21.753906,89.0
21.829166,0.39375,49,63,0,0,n526,21.753906,89.0
21.835938,0.38697916,37,55,0,0,n527,21.753906,89.0
21.891666,0.33125,39,63,0,0,n528,21.753906,89.0
21.895834,0.32708332,51,58,0,0,n529,21.753906,89.0
21.969791,0.253125,41,62,0,0,n530,21.753906,89.0
21.985416,0.2375,53,67,0,0,n531,21.977604,90.0
22.053646,0.16927083,42,63,0,0,n532,21.977604,90.0
22.058855,0.1640625,54,71,0,0,n533,21.977604,90.0
22.118229,0.1046875,43,66,0,0,n534,21.977604,90.0
22.132812,0.09010417,55,71,0,0,n535,21.977604,90.0
22.191668,0.049479168,44,61,0,0,n536,21.977604,90.0
22.204166,0.040625,56,63,0,0,n537,22.197918,91.0
22.283854,0.0859375,41,55,0,0,n538,22.197918,91.0
22.283854,0.0453125,53,62,0,0,n539,22.197918,91.0
22.332293,0.0546875,58,58,0,0,n540,22.197918,91.0
22.358334,0.050520834,46,51,0,0,n541,22.197918,91.0
22.414062,0.063541666,56,59,0,0,n542,22.197918,91.0
22.419271,0.049479168,44,55,0,0,n543,22.416666,92.0
22.506771,0.0765625,65,58,0,0,n544,22.416666,92.0
22.515625,0.046875,53,55,0,0,n545,22.416666,92.0
22.590105,0.32916668,63,63,0,0,n546,22.416666,92.0
22.604166,0.035416666,51,60,0,0,n547,22.416666,92.0
22.65625,0.26302084,61,55,0,0,n548,22.416666,92.0
22.679688,0.23958333,49,39,0,0,n549,22.667969,93.0
22.723959,0.1953125,60,61,0,0,n550,22.667969,93.0
22.742188,0.17708333,48,57,0,0,n551,22.667969,93.0
22.796875,0.122395836,58,59,0,0,n552,22.667969,93.0
22.813541,0.10572917,46,56,0,0,n553,22.667969,93.0
22.881771,0.075520836,56,59,0,0,n554,22.667969,93.0
22.889584,0.055729166,44,53,0,0,n555,22.885677,94.0
22.975521,0.047916666,41,53,0,0,n556,22.885677,94.0
22.98073,0.047916666,53,47,0,0,n557,22.885677,94.0
23.036459,0.058333334,42,52,0,0,n558,22.885677,94.0
23.039062,0.063541666,54,60,0,0,n559,22.885677,94.0
23.102604,0.044791665,44,51,0,0,n560,22.885677,94.0
23.110416,0.069270834,56,54,0,0,n561,23.10651,95.0
23.157291,0.09947917,53,54,0,0,n562,23.10651,95.0
23.161459,0.0953125,41,43,0,0,n563,23.10651,95.0
23.235416,0.1515625,58,64,0,0,n564,23.10651,95.0
23.266666,0.06822917,46,52,0,0,n565,23.10651,95.0
23.332293,0.36822918,56,63,0,0,n566,23.10651,95.0
23.338541,0.36197916,44,45,0,0,n567,23.335417,96.0
23.429688,0.27083334,51,60,0,0,n568,23.335417,96.0
23.446354,0.25416666,39,48,0,0,n569,23.335417,96.0
23.51198,0.18854167,41,55,0,0,n570,23.335417,96.0
23.515625,0.18489583,53,45,0,0,n571,23.335417,96.0
23.532291,0.16822916,52,47,0,0,n572,23.335417,96.0
23.572916,0.12760417,54,67,0,0,n573,23.335417,96.0
23.588541,0.111979164,42,58,0,0,n574,23.58073,97.0
23.635416,0.111979164,51,62,0,0,n575,23.58073,97.0
23.665104,0.058854166,39,43,0,0,n576,23.58073,97.0
23.692709,0.21875,58,70,0,0,n577,23.58073,97.0
23.702084,0.1,46,55,0,0,n578,23.58073,97.0
23.795834,0.41614583,56,64,0,0,n579,23.58073,97.0
23.813541,0.07447917,44,56,0,0,n580,23.804688,98.0
23.914062,0.29791668,49,49,0,0,n581,23.804688,98.0
23.915104,0.296875,37,52,0,0,n582,23.804688,98.0
23.957293,0.2546875,51,56,0,0,n583,23.804688,98.0
24.004168,0.2078125,39,46,0,0,n584,23.804688,98.0
24.046875,0.16510417,53,58,0,0,n585,23.804688,98.0
24.061459,0.15052083,41,51,0,0,n586,24.054167,99.0
24.110416,0.1015625,49,53,0,0,n587,24.054167,99.0
24.139584,0.07239583,37,45,0,0,n588,24.054167,99.0
24.151041,0.0609375,46,50,0,0,n589,24.054167,99.0
24.169271,0.08177083,58,60,0,0,n590,24.054167,99.0
24.244791,0.065104164,44,57,0,0,n591,24.054167,99.0
24.263021,0.050520834,56,56,0,0,n592,24.253906,100.0
24.328125,0.2890625,36,55,0,0,n593,24.253906,100.0
24.352604,0.26458332,48,44,0,0,n594,24.253906,100.0
24.401041,0.21614583,49,53,0,0,n595,24.253906,100.0
24.408854,0.20833333,37,45,0,0,n596,24.253906,100.0
24.472918,0.14427084,51,50,0,0,n597,24.253906,100.0
24.479166,0.13802083,39,50,0,0,n598,24.476042,101.0
24.507812,0.109375,48,54,0,0,n599,24.476042,101.0
24.530209,0.086979166,36,56,0,0,n600,24.476042,101.0
24.601562,0.0703125,53,57,0,0,n601,24.476042,101.0
24.606771,0.059895832,41,49,0,0,n602,24.476042,101.0
24.658854,0.06666667,39,50,0,0,n603,24.476042,101.0
24.678646,0.055729166,51,58,0,0,n604,24.66875,102.0
24.75,0.0546875,34,50,0,0,n605,24.66875,102.0
24.764584,0.050520834,46,30,0,0,n606,24.66875,102.0
24.807291,0.058854166,41,43,0,0,n607,24.66875,102.0
24.838541,0.0296875,53,47,0,0,n608,24.66875,102.0
24.869791,0.06875,39,53,0,0,n609,24.66875,102.0
24.880209,0.046875,51,59,0,0,n610,24.875,103.0
24.950521,0.046875,32,49,0,0,n611,24.875,103.0
24.958334,0.052083332,44,57,0,0,n612,24.875,103.0
25.020834,0.058333334,34,48,0,0,n613,24.875,103.0
25.045834,0.040104166,46,52,0,0,n614,24.875,103.0
25.118229,0.0421875,44,61,0,0,n615,24.875,103.0
25.121355,0.057291668,32,55,0,0,n616,25.119791,104.0
25.19948,0.06875,37,58,0,0,n617,25.119791,104.0
25.19948,0.0609375,49,65,0,0,n618,25.119791,104.0
25.269793,0.0453125,51,59,0,0,n619,25.119791,104.0
25.280209,0.0375,39,41,0,0,n620,25.119791,104.0
25.327084,0.07395833,41,63,0,0,n621,25.119791,104.0
25.352604,0.046875,53,68,0,0,n622,25.339844,105.0
25.416666,0.065104164,42,67,0,0,n623,25.339844,105.0
25.424479,0.072916664,54,72,0,0,n624,25.339844,105.0
25.477604,0.060416665,44,63,0,0,n625,25.339844,105.0
25.481771,0.072916664,56,71,0,0,n626,25.339844,105.0
25.536459,0.036458332,58,67,0,0,n627,25.339844,105.0
25.540104,0.036979165,46,63,0,0,n628,25.53828,106.0
25.598959,0.042708334,48,72,0,0,n629,25.53828,106.0
25.608334,0.6484375,60,73,0,0,n630,25.53828,106.0
25.679688,0.57708335,49,67,0,0,n631,25.53828,106.0
25.683855,0.5729167,61,71,0,0,n632,25.53828,106.0
25.747396,0.509375,51,64,0,0,n633,25.53828,106.0
25.748959,0.5078125,63,65,0,0,n634,25.748177,107.0
25.804688,0.45208332,53,68,0,0,n635,25.748177,107.0
25.817709,0.4390625,65,69,0,0,n636,25.748177,107.0
25.894793,0.36197916,66,76,0,0,n637,25.748177,107.0
25.897396,0.359375,54,71,0,0,n638,25.748177,107.0
25.94948,0.30729166,68,68,0,0,n639,25.748177,107.0
25.961979,0.29479167,56,67,0,0,n640,25.955729,108.0
26.045834,0.2109375,77,76,0,0,n641,25.955729,108.0
26.061459,0.1953125,65,69,0,0,n642,25.955729,108.0
26.132812,0.123958334,63,71,0,0,n643,25.955729,108.0
26.13698,0.119791664,75,75,0,0,n644,25.955729,108.0
26.196354,0.060416665,61,64,0,0,n645,25.955729,108.0
26.204166,0.0546875,73,69,0,0,n646,26.20026,109.0
26.278646,0.061458334,72,70,0,0,n647,26.20026,109.0
26.289062,0.045833334,60,67,0,0,n648,26.20026,109.0
26.358334,0.08177083,70,68,0,0,n649,26.20026,109.0
26.361979,0.040625,58,49,0,0,n650,26.20026,109.0
26.432291,0.058854166,68,65,0,0,n651,26.20026,109.0
26.4375,0.049479168,56,60,0,0,n652,26.434896,110.0
26.514584,0.0546875,53,59,0,0,n653,26.434896,110.0
26.514584,0.050520834,65,62,0,0,n654,26.434896,110.0
26.57448,0.0625,66,58,0,0,n655,26.434896,110.0
26.578125,0.058854166,54,59,0,0,n656,26.434896,110.0
26.635416,0.051041666,56,63,0,0,n657,26.434896,110.0
26.639584,0.067708336,68,62,0,0,n658,26.6375,111.0
26.703125,0.102604166,65,58,0,0,n659,26.6375,111.0
26.716146,0.084895834,53,49,0,0,n660,26.6375,111.0
26.790104,0.203125,70,67,0,0,n661,26.6375,111.0
26.811459,0.106770836,58,55,0,0,n662,26.6375,111.0
26.924479,0.4046875,56,54,0,0,n663,26.6375,111.0
26.938541,0.390625,68,59,0,0,n664,26.93151,112.0
27.03125,0.29791668,63,57,0,0,n665,26.93151,112.0
27.04323,0.2859375,51,46,0,0,n666,26.93151,112.0
27.098959,0.23020834,65,66,0,0,n667,26.93151,112.0
27.104166,0.225,53,55,0,0,n668,26.93151,112.0
27.182291,0.146875,66,65,0,0,n669,26.93151,112.0
27.188541,0.140625,54,58,0,0,n670,27.185417,113.0
27.219791,0.109375,63,65,0,0,n671,27.185417,113.0
27.269793,0.059375,51,28,0,0,n672,27.185417,113.0
27.277605,0.25104168,70,72,0,0,n673,27.185417,113.0
27.301043,0.104166664,58,57,0,0,n674,27.185417,113.0
27.376041,0.39635417,68,66,0,0,n675,27.185417,113.0
27.411459,0.071875,56,55,0,0,n676,27.39375,114.0
27.472918,0.053125,61,55,0,0,n677,27.39375,114.0
27.489584,0.0625,49,48,0,0,n678,27.39375,114.0
27.520834,0.2515625,63,60,0,0,n679,27.39375,114.0
27.584896,0.1875,51,29,0,0,n680,27.39375,114.0
27.617188,0.15520833,65,58,0,0,n681,27.39375,114.0
27.619791,0.15260416,53,54,0,0,n682,27.61849,115.0
27.657291,0.11510417,61,51,0,0,n683,27.61849,115.0
27.695312,0.077083334,49,54,0,0,n684,27.61849,115.0
27.721354,0.1171875,70,62,0,0,n685,27.61849,115.0
27.75,0.059895832,58,51,0,0,n686,27.61849,115.0
27.82448,0.40208334,68,58,0,0,n687,27.61849,115.0
27.846354,0.38020834,56,52,0,0,n688,27.835417,116.0
27.919271,0.30729166,60,49,0,0,n689,27.835417,116.0
27.936459,0.29010418,48,53,0,0,n690,27.835417,116.0
27.972918,0.25364584,61,57,0,0,n691,27.835417,116.0
28.028646,0.19791667,49,47,0,0,n692,27.835417,116.0
28.063541,0.16302083,63,55,0,0,n693,27.835417,116.0
28.100521,0.12604167,51,45,0,0,n694,28.082031,117.0
28.10573,0.12083333,60,64,0,0,n695,28.082031,117.0
28.149479,0.077083334,48,55,0,0,n696,28.082031,117.0
28.191668,0.0828125,65,57,0,0,n697,28.082031,117.0
28.21875,0.07447917,53,54,0,0,n698,28.082031,117.0
28.289062,0.049479168,63,55,0,0,n699,28.082031,117.0
28.290104,0.07604167,51,47,0,0,n700,28.289583,118.0
28.330729,0.072916664,58,54,0,0,n701,28.289583,118.0
28.361979,0.0609375,46,51,0,0,n702,28.289583,118.0
28.422916,0.05625,65,54,0,0,n703,28.289583,118.0
28.447916,0.051041666,53,45,0,0,n704,28.289583,118.0
28.496355,0.075,63,55,0,0,n705,28.289583,118.0
28.505209,0.0546875,51,63,0,0,n706,28.50078,119.0
28.541666,0.0765625,56,54,0,0,n707,28.50078,119.0
28.571354,0.05,44,46,0,0,n708,28.50078,119.0
28.609375,0.059895832,65,52,0,0,n709,28.50078,119.0
28.630209,0.049479168,53,49,0,0,n710,28.50078,119.0
28.691668,0.072916664,66,67,0,0,n711,28.50078,119.0
28.704166,0.036979165,54,61,0,0,n712,28.697918,120.0
28.797916,0.060416665,65,65,0,0,n713,28.697918,120.0
28.802084,0.028645834,53,56,0,0,n714,28.697918,120.0
28.859375,0.091145836,63,69,0,0,n715,28.697918,120.0
28.873959,0.0765625,51,63,0,0,n716,28.697918,120.0
28.930729,0.035416666,61,63,0,0,n717,28.697918,120.0
28.972918,0.065104164,49,7,0,0,n718,28.951822,121.0
28.979166,0.049479168,60,68,0,0,n719,28.951822,121.0
29.005209,0.041666668,48,62,0,0,n720,28.951822,121.0
29.069271,0.0546875,58,62,0,0,n721,28.951822,121.0
29.084896,0.052083332,46,51,0,0,n722,28.951822,121.0
29.165104,0.07447917,57,61,0,0,n723,28.951822,121.0
29.180729,0.31041667,45,42,0,0,n724,29.172916,122.0
29.251041,0.24010417,65,52,0,0,n725,29.172916,122.0
29.255209,0.034895834,53,37,0,0,n726,29.172916,122.0
29.325521,0.165625,60,55,0,0,n727,29.172916,122.0
29.329166,0.16197917,48,50,0,0,n728,29.172916,122.0
29.402605,0.088541664,63,60,0,0,n729,29.172916,122.0
29.432291,0.058854166,51,49,0,0,n730,29.417448,123.0
29.476562,0.053645834,61,59,0,0,n731,29.417448,123.0
29.492188,0.045833334,49,52,0,0,n732,29.417448,123.0
29.546875,0.049479168,58,59,0,0,n733,29.417448,123.0
29.561459,0.050520834,46,50,0,0,n734,29.417448,123.0
29.619791,0.119791664,45,49,0,0,n735,29.417448,123.0
29.626041,0.0734375,57,54,0,0,n736,29.622917,124.0
29.700521,0.072916664,65,52,0,0,n737,29.622917,124.0
29.705729,0.03125,53,50,0,0,n738,29.622917,124.0
29.783854,0.20052083,60,53,0,0,n739,29.622917,124.0
29.791666,0.19270833,48,49,0,0,n740,29.622917,124.0
29.854166,0.13020833,63,60,0,0,n741,29.622917,124.0
29.879168,0.10520833,51,59,0,0,n742,29.866667,125.0
29.920834,0.063541666,61,57,0,0,n743,29.866667,125.0
29.944271,0.047916666,49,52,0,0,n744,29.866667,125.0
29.988543,0.050520834,58,53,0,0,n745,29.866667,125.0
30.001041,0.0703125,46,54,0,0,n746,29.866667,125.0
30.059896,0.08177083,57,56,0,0,n747,29.866667,125.0
30.075521,0.1171875,45,55,0,0,n748,30.067709,126.0
30.143229,0.0328125,53,49,0,0,n749,30.067709,126.0
30.144793,0.0921875,65,58,0,0,n750,30.067709,126.0
30.196354,0.100520834,60,57,0,0,n751,30.067709,126.0
30.216146,0.061458334,48,63,0,0,n752,30.067709,126.0
30.269793,0.5338542,63,58,0,0,n753,30.067709,126.0
30.303646,0.5,51,65,0,0,n754,30.286718,127.0
30.32448,0.47916666,61,69,0,0,n755,30.286718,127.0
30.359375,0.44427082,49,60,0,0,n756,30.286718,127.0
30.398438,0.40520832,58,68,0,0,n757,30.286718,127.0
30.440104,0.36354166,46,60,0,0,n758,30.286718,127.0
30.494791,0.30885416,68,75,0,0,n759,30.286718,127.0
30.508854,0.29479167,56,63,0,0,n760,30.501823,128.0
30.572916,0.23072916,67,81,0,0,n761,30.501823,128.0
30.584896,0.21875,55,69,0,0,n762,30.501823,128.0
30.645834,0.1578125,65,80,0,0,n763,30.501823,128.0
30.676043,0.12760417,53,64,0,0,n764,30.501823,128.0
30.738543,0.065104164,63,74,0,0,n765,30.501823,128.0
30.776041,0.0625,51,69,0,0,n766,30.757292,129.0
30.790104,0.05,62,71,0,0,n767,30.757292,129.0
30.859375,0.038020834,50,58,0,0,n768,30.757292,129.0
30.885416,0.0484375,60,73,0,0,n769,30.757292,129.0
30.932291,0.041666668,48,63,0,0,n770,30.757292,129.0
30.986979,0.12760417,47,52,0,0,n771,30.986979,130.0
30.986979,0.058854166,59,55,0,0,n772,30.986979,130.0
31.04323,0.0671875,67,53,0,0,n773,30.986979,130.0
31.055729,0.035416666,55,56,0,0,n774,30.986979,130.0
31.116146,0.052083332,62,53,0,0,n775,30.986979,130.0
31.149479,0.036979165,50,45,0,0,n776,30.986979,130.0
31.19948,0.0609375,65,60,0,0,n777,30.986979,130.0
31.225521,0.040104166,53,45,0,0,n778,31.2125,131.0
31.277605,0.06614583,63,61,0,0,n779,31.2125,131.0
31.28125,0.046875,51,53,0,0,n780,31.2125,131.0
31.361979,0.051041666,60,58,0,0,n781,31.2125,131.0
31.368229,0.053645834,48,48,0,0,n782,31.2125,131.0
31.447916,0.104166664,47,51,0,0,n783,31.2125,131.0
31.458334,0.067708336,59,46,0,0,n784,31.453125,132.0
31.510416,0.06875,67,47,0,0,n785,31.453125,132.0
31.522396,0.034895834,55,44,0,0,n786,31.453125,132.0
31.590105,0.0515625,62,54,0,0,n787,31.453125,132.0
31.596354,0.0390625,50,51,0,0,n788,31.453125,132.0
31.676043,0.0609375,65,54,0,0,n789,31.453125,132.0
31.680729,0.052604165,53,49,0,0,n790,31.678385,133.0
31.75,0.055729166,63,61,0,0,n791,31.678385,133.0
31.764584,0.041145835,51,52,0,0,n792,31.678385,133.0
31.821354,0.05,60,58,0,0,n793,31.678385,133.0
31.834896,0.047916666,48,53,0,0,n794,31.678385,133.0
31.907291,0.14739583,47,53,0,0,n795,31.678385,133.0
31.913021,0.053125,59,47,0,0,n796,31.910156,134.0
31.965105,0.03125,55,51,0,0,n797,31.910156,134.0
31.969791,0.058854166,67,50,0,0,n798,31.910156,134.0
32.026043,0.053125,62,65,0,0,n799,31.910156,134.0
32.036457,0.049479168,50,55,0,0,n800,31.910156,134.0
32.11198,0.209375,65,55,0,0,n801,31.910156,134.0
32.11354,0.2078125,53,60,0,0,n802,32.11276,135.0
32.16823,0.153125,63,67,0,0,n803,32.11276,135.0
32.17031,0.15104167,51,61,0,0,n804,32.11276,135.0
32.255207,0.104166664,60,62,0,0,n805,32.11276,135.0
32.258854,0.0890625,48,49,0,0,n806,32.11276,135.0
32.364582,0.100520834,73,62,0,0,n807,32.11276,135.0
32.38802,0.0546875,61,64,0,0,n808,32.3763,136.0
32.466145,0.34635416,72,73,0,0,n809,32.3763,136.0
32.484375,0.328125,60,55,0,0,n810,32.3763,136.0
32.541668,0.27083334,70,72,0,0,n811,32.3763,136.0
32.559895,0.25260416,58,60,0,0,n812,32.3763,136.0
32.610416,0.20208333,68,77,0,0,n813,32.3763,136.0
32.61354,0.19895834,56,65,0,0,n814,32.61198,137.0
32.690105,0.122395836,55,61,0,0,n815,32.61198,137.0
32.690105,0.122395836,67,73,0,0,n816,32.61198,137.0
32.73281,0.0796875,53,58,0,0,n817,32.61198,137.0
32.76198,0.079166666,65,66,0,0,n818,32.61198,137.0
32.81875,0.045833334,58,64,0,0,n819,32.61198,137.0
32.833332,0.13177083,70,66,0,0,n820,32.826042,138.0
32.89948,0.046875,52,49,0,0,n821,32.826042,138.0
32.916668,0.05625,64,58,0,0,n822,32.826042,138.0
32.954166,0.065625,55,65,0,0,n823,32.826042,138.0
32.975,0.09010417,67,60,0,0,n824,32.826042,138.0
33.021873,0.052604165,61,63,0,0,n825,32.826042,138.0
33.026043,0.0625,49,51,0,0,n826,33.02396,139.0
33.067707,0.071354166,52,59,0,0,n827,33.02396,139.0
33.08698,0.053645834,64,66,0,0,n828,33.02396,139.0
33.165104,0.3046875,48,52,0,0,n829,33.02396,139.0
33.16927,0.30052084,60,66,0,0,n830,33.02396,139.0
33.25625,0.21354167,73,68,0,0,n831,33.02396,139.0
33.266666,0.203125,61,68,0,0,n832,33.26146,140.0
33.347916,0.121875,60,57,0,0,n833,33.26146,140.0
33.359375,0.1328125,72,80,0,0,n834,33.26146,140.0
33.414062,0.0765625,58,65,0,0,n835,33.26146,140.0
33.41927,0.12864584,70,73,0,0,n836,33.26146,140.0
33.473957,0.041666668,56,61,0,0,n837,33.26146,140.0
33.485416,0.09375,68,79,0,0,n838,33.479687,141.0
33.53229,0.0421875,55,69,0,0,n839,33.479687,141.0
33.552082,0.053645834,67,74,0,0,n840,33.479687,141.0
33.604168,0.0328125,53,30,0,0,n841,33.479687,141.0
33.621353,0.078125,65,71,0,0,n842,33.479687,141.0
33.671875,0.06666667,58,66,0,0,n843,33.479687,141.0
33.69948,0.1546875,70,68,0,0,n844,33.685677,142.0
33.777603,0.053125,64,60,0,0,n845,33.685677,142.0
33.779686,0.046875,52,26,0,0,n846,33.685677,142.0
33.81354,0.0734375,55,66,0,0,n847,33.685677,142.0
33.834373,0.24114583,67,64,0,0,n848,33.685677,142.0
33.902603,0.17291667,61,48,0,0,n849,33.685677,142.0
33.904686,0.17083333,49,45,0,0,n850,33.903645,143.0
33.935936,0.13958333,52,60,0,0,n851,33.903645,143.0
33.98177,0.09375,64,56,0,0,n852,33.903645,143.0
34.028645,0.125,48,59,0,0,n853,33.903645,143.0
34.029686,0.13177083,60,52,0,0,n854,33.903645,143.0
34.08698,0.47291666,70,63,0,0,n855,33.903645,143.0
34.10781,0.078125,58,61,0,0,n856,34.097397,144.0
34.178123,0.049479168,52,47,0,0,n857,34.097397,144.0
34.18854,0.0796875,64,62,0,0,n858,34.097397,144.0
34.226562,0.063541666,55,61,0,0,n859,34.097397,144.0
34.26823,0.29166666,67,66,0,0,n860,34.097397,144.0
34.32552,0.234375,49,53,0,0,n861,34.097397,144.0
34.333332,0.2265625,61,54,0,0,n862,34.329426,145.0
34.375,0.18489583,52,52,0,0,n863,34.329426,145.0
34.411457,0.1484375,64,67,0,0,n864,34.329426,145.0
34.471355,0.088541664,48,58,0,0,n865,34.329426,145.0
34.475,0.15625,60,60,0,0,n866,34.329426,145.0
34.54948,0.088541664,55,62,0,0,n867,34.54948,146.0
34.54948,0.178125,67,76,0,0,n868,34.54948,146.0
34.63125,0.058854166,49,53,0,0,n869,34.54948,146.0
34.633854,0.075520836,61,65,0,0,n870,34.54948,146.0
34.716145,0.27708334,52,44,0,0,n871,34.54948,146.0
34.716145,0.27708334,64,57,0,0,n872,34.54948,146.0
34.78229,0.2109375,60,63,0,0,n873,34.54948,146.0
34.797916,0.1953125,48,60,0,0,n874,34.790104,147.0
34.859375,0.13385417,64,72,0,0,n875,34.790104,147.0
34.883854,0.109375,52,66,0,0,n876,34.790104,147.0
34.927082,0.06614583,58,64,0,0,n877,34.790104,147.0
34.9375,0.06666667,46,58,0,0,n878,34.790104,147.0
35.015625,0.40364584,64,66,0,0,n879,34.790104,147.0
35.021873,0.058854166,52,52,0,0,n880,35.01875,148.0
35.098957,0.3203125,58,63,0,0,n881,35.01875,148.0
35.10677,0.3125,46,46,0,0,n882,35.01875,148.0
35.154686,0.26458332,49,44,0,0,n883,35.01875,148.0
35.1625,0.25677082,61,63,0,0,n884,35.01875,148.0
35.221355,0.19791667,45,53,0,0,n885,35.01875,148.0
35.24323,0.17604166,57,56,0,0,n886,35.232292,149.0
35.29323,0.12604167,46,54,0,0,n887,35.232292,149.0
35.316666,0.102604166,58,65,0,0,n888,35.232292,149.0
35.36823,0.051041666,44,49,0,0,n889,35.232292,149.0
35.411457,0.044270832,56,44,0,0,n890,35.232292,149.0
35.44948,0.13385417,61,57,0,0,n891,35.232292,149.0
35.45156,0.05625,49,46,0,0,n892,35.45052,150.0
35.521873,0.057291668,44,58,0,0,n893,35.45052,150.0
35.547916,0.65520835,56,43,0,0,n894,35.45052,150.0
35.590103,0.61302084,58,46,0,0,n895,35.45052,150.0
35.598957,0.6041667,46,54,0,0,n896,35.45052,150.0
35.67031,0.5328125,43,52,0,0,n897,35.45052,150.0
35.67448,0.5286458,55,57,0,0,n898,35.672398,151.0
35.755207,0.44791666,46,63,0,0,n899,35.672398,151.0
35.758854,0.55104166,58,71,0,0,n900,35.672398,151.0
35.834373,0.41302082,54,80,0,0,n901,35.672398,151.0
35.835938,0.38020834,42,70,0,0,n902,35.672398,151.0
36.00625,0.91822916,41,64,0,0,n903,35.672398,151.0
36.140625,0.7838542,53,82,0,0,n904,36.073437,152.0
36.42448,0.5,43,50,0,0,n905,36.073437,152.0
36.447918,0.4765625,55,55,0,0,n906,36.073437,152.0
36.48177,0.44270834,46,57,0,0,n907,36.073437,152.0
36.50625,0.41822916,58,36,0,0,n908,36.073437,152.0
36.552082,0.37239584,49,52,0,0,n909,36.073437,152.0
36.55573,0.4765625,61,62,0,0,n910,36.553905,153.0
36.621353,0.303125,40,62,0,0,n911,36.553905,153.0
36.641666,0.2828125,52,72,0,0,n912,36.553905,153.0
36.70052,0.22395833,43,59,0,0,n913,36.553905,153.0
36.727604,0.196875,55,69,0,0,n914,36.553905,153.0
36.851562,0.265625,53,77,0,0,n915,36.553905,153.0
36.87604,0.20833333,41,54,0,0,n916,36.863804,154.0
37.047916,0.083333336,43,37,0,0,n917,36.863804,154.0
37.066666,0.086979166,55,49,0,0,n918,36.863804,154.0
37.10677,0.30052084,46,51,0,0,n919,36.863804,154.0
37.10677,0.30052084,58,46,0,0,n920,36.863804,154.0
37.1625,0.24479167,61,59,0,0,n921,36.863804,154.0
37.18073,0.2265625,49,44,0,0,n922,37.171616,155.0
37.215103,0.1921875,40,47,0,0,n923,37.171616,155.0
37.23281,0.17447917,52,66,0,0,n924,37.171616,155.0
37.270832,0.13645834,43,56,0,0,n925,37.171616,155.0
37.297916,0.109375,55,73,0,0,n926,37.171616,155.0
37.41927,0.18854167,43,53,0,0,n927,37.41927,156.0
37.57656,0.108333334,45,50,0,0,n928,37.41927,156.0
37.615623,0.06666667,57,33,0,0,n929,37.41927,156.0
37.646873,0.3296875,48,44,0,0,n930,37.41927,156.0
37.672916,0.30364582,60,28,0,0,n931,37.41927,156.0
37.68854,0.28802082,63,55,0,0,n932,37.41927,156.0
37.71979,0.25677082,51,51,0,0,n933,37.704166,157.0
37.75625,0.2203125,54,69,0,0,n934,37.704166,157.0
37.766666,0.20989583,42,51,0,0,n935,37.704166,157.0
37.82552,0.15104167,57,66,0,0,n936,37.704166,157.0
37.848957,0.12760417,45,57,0,0,n937,37.704166,157.0
37.92604,0.41770834,55,78,0,0,n938,37.704166,157.0
37.929688,0.140625,43,51,0,0,n939,37.927864,158.0
38.036457,0.30729166,45,47,0,0,n940,37.927864,158.0
38.06875,0.275,57,43,0,0,n941,37.927864,158.0
38.09375,0.25,48,53,0,0,n942,37.927864,158.0
38.12604,0.21770833,60,55,0,0,n943,37.927864,158.0
38.179688,0.1640625,63,54,0,0,n944,37.927864,158.0
38.182293,0.16145833,51,49,0,0,n945,38.18099,159.0
38.221355,0.122395836,42,55,0,0,n946,38.18099,159.0
38.252605,0.091145836,54,73,0,0,n947,38.18099,159.0
38.304688,0.0609375,45,47,0,0,n948,38.18099,159.0
38.329166,0.0640625,57,58,0,0,n949,38.18099,159.0
38.372395,0.0390625,46,55,0,0,n950,38.18099,159.0
38.396873,0.043229166,58,60,0,0,n951,38.384636,160.0
38.45052,0.13541667,48,52,0,0,n952,38.384636,160.0
38.492188,0.09375,60,63,0,0,n953,38.384636,160.0
38.554688,0.051041666,51,62,0,0,n954,38.384636,160.0
38.596355,0.034895834,63,55,0,0,n955,38.384636,160.0
38.63802,0.23541667,66,62,0,0,n956,38.384636,160.0
38.65729,0.21614583,54,53,0,0,n957,38.647655,161.0
38.703125,0.1703125,57,59,0,0,n958,38.647655,161.0
38.708332,0.16510417,45,43,0,0,n959,38.647655,161.0
38.757812,0.115625,60,58,0,0,n960,38.647655,161.0
38.783855,0.08958333,48,57,0,0,n961,38.647655,161.0
38.85677,0.0390625,49,59,0,0,n962,38.647655,161.0
38.879166,0.20677084,61,59,0,0,n963,38.86797,162.0
38.91927,0.16666667,51,50,0,0,n964,38.86797,162.0
38.953125,0.1328125,63,56,0,0,n965,38.86797,162.0
39.010418,0.075520836,54,61,0,0,n966,38.86797,162.0
39.02448,0.071875,66,58,0,0,n967,38.86797,162.0
39.098957,0.2265625,69,59,0,0,n968,38.86797,162.0
39.10573,0.0390625,57,53,0,0,n969,39.102345,163.0
39.14479,0.153125,48,45,0,0,n970,39.102345,163.0
39.1625,0.13541667,60,61,0,0,n971,39.102345,163.0
39.23073,0.0671875,63,56,0,0,n972,39.102345,163.0
39.23281,0.065104164,51,47,0,0,n973,39.102345,163.0
39.317707,0.055729166,49,46,0,0,n974,39.102345,163.0
39.333332,0.13958333,61,63,0,0,n975,39.32552,164.0
39.38125,0.09166667,51,56,0,0,n976,39.32552,164.0
39.401043,0.084375,63,62,0,0,n977,39.32552,164.0
39.4375,0.055729166,54,58,0,0,n978,39.32552,164.0
39.466145,0.094791666,66,64,0,0,n979,39.32552,164.0
39.53229,0.046875,57,50,0,0,n980,39.53229,165.0
39.53229,0.20208333,69,60,0,0,n981,39.53229,165.0
39.591145,0.14322917,48,47,0,0,n982,39.53229,165.0
39.596355,0.13802083,60,70,0,0,n983,39.53229,165.0
39.645832,0.088541664,51,45,0,0,n984,39.53229,165.0
39.653645,0.080729164,63,71,0,0,n985,39.53229,165.0
39.715103,0.0375,54,64,0,0,n986,39.53229,165.0
39.777603,0.071354166,66,76,0,0,n987,39.746353,166.0
39.80104,0.034895834,58,44,0,0,n988,39.746353,166.0
39.84375,0.084375,70,65,0,0,n989,39.746353,166.0
39.885418,0.058333334,60,57,0,0,n990,39.746353,166.0
39.904686,0.09166667,72,65,0,0,n991,39.746353,166.0
39.975,0.18385416,75,72,0,0,n992,39.746353,166.0
39.989582,0.027083334,63,58,0,0,n993,39.982292,167.0
40.023438,0.13541667,65,69,0,0,n994,39.982292,167.0
40.0375,0.12135417,53,50,0,0,n995,39.982292,167.0
40.09479,0.0640625,69,63,0,0,n996,39.982292,167.0
40.12604,0.069270834,57,51,0,0,n997,39.982292,167.0
40.21979,0.0484375,58,55,0,0,n998,39.982292,167.0
40.23281,0.95885414,70,55,0,0,n999,40.226303,168.0
40.29427,0.038020834,61,60,0,0,n1000,40.226303,168.0
40.31875,0.87291664,73,56,0,0,n1001,40.226303,168.0
40.38802,0.80364585,78,57,0,0,n1002,40.226303,168.0
40.408855,0.7828125,66,67,0,0,n1003,40.226303,168.0
40.496353,0.6953125,77,56,0,0,n1004,40.226303,168.0
40.51198,0.6796875,65,60,0,0,n1005,40.504166,169.0
40.565105,0.6265625,72,55,0,0,n1006,40.504166,169.0
40.58229,0.609375,60,49,0,0,n1007,40.504166,169.0
40.627605,0.5640625,61,66,0,0,n1008,40.504166,169.0
40.630207,0.56145835,73,58,0,0,n1009,40.504166,169.0
40.704166,0.4875,64,60,0,0,n1010,40.504166,169.0
40.70729,0.484375,76,57,0,0,n1011,40.70573,170.0
40.757812,0.43385416,60,64,0,0,n1012,40.70573,170.0
40.779686,0.41197917,72,58,0,0,n1013,40.70573,170.0
40.834373,0.35729167,73,63,0,0,n1014,40.70573,170.0
40.84375,0.34791666,61,62,0,0,n1015,40.70573,170.0
40.89948,0.2921875,69,65,0,0,n1016,40.70573,170.0
40.91927,0.27239582,57,52,0,0,n1017,40.909374,171.0
40.98073,0.2109375,70,62,0,0,n1018,40.909374,171.0
40.992188,0.19947916,58,65,0,0,n1019,40.909374,171.0
41.054688,0.13697916,66,59,0,0,n1020,40.909374,171.0
41.070312,0.12135417,54,59,0,0,n1021,40.909374,171.0
41.129166,0.0625,64,64,0,0,n1022,40.909374,171.0
41.132812,0.058854166,52,57,0,0,n1023,41.13099,172.0
41.20052,0.052083332,65,57,0,0,n1024,41.13099,172.0
41.213543,0.0484375,53,51,0,0,n1025,41.13099,172.0
41.271873,0.053645834,58,61,0,0,n1026,41.13099,172.0
41.285416,0.033333335,70,47,0,0,n1027,41.13099,172.0
41.329166,0.035416666,68,59,0,0,n1028,41.13099,172.0
41.35573,0.046875,56,60,0,0,n1029,41.34245,173.0
41.396873,0.045833334,69,60,0,0,n1030,41.34245,173.0
41.43073,0.038020834,57,52,0,0,n1031,41.34245,173.0
41.485416,0.046875,73,61,0,0,n1032,41.34245,173.0
41.497395,0.052083332,61,56,0,0,n1033,41.34245,173.0
41.5625,0.047916666,69,65,0,0,n1034,41.34245,173.0
41.566666,0.046875,57,63,0,0,n1035,41.564583,174.0
41.62604,0.0546875,70,51,0,0,n1036,41.564583,174.0
41.64479,0.0359375,58,58,0,0,n1037,41.564583,174.0
41.690105,0.046875,61,61,0,0,n1038,41.564583,174.0
41.692707,0.040104166,73,54,0,0,n1039,41.564583,174.0
41.770832,0.052083332,59,62,0,0,n1040,41.564583,174.0
41.776043,0.0375,71,59,0,0,n1041,41.773438,175.0
41.854168,0.03125,60,58,0,0,n1042,41.773438,175.0
41.854168,0.042708334,72,52,0,0,n1043,41.773438,175.0
41.92031,0.036979165,65,50,0,0,n1044,41.773438,175.0
41.92031,0.033854168,77,52,0,0,n1045,41.773438,175.0
41.98698,0.072916664,68,56,0,0,n1046,41.773438,175.0
41.992188,0.0625,56,48,0,0,n1047,41.989582,176.0
42.066666,0.047916666,59,50,0,0,n1048,41.989582,176.0
42.07656,0.041666668,71,46,0,0,n1049,41.989582,176.0
42.14323,0.7671875,76,58,0,0,n1050,41.989582,176.0
42.152603,0.7578125,64,49,0,0,n1051,41.989582,176.0
42.197918,0.7125,63,55,0,0,n1052,41.989582,176.0
42.209373,0.70104164,75,52,0,0,n1053,42.203648,177.0
42.277603,0.6328125,58,55,0,0,n1054,42.203648,177.0
42.291668,0.61875,70,62,0,0,n1055,42.203648,177.0
42.338543,0.571875,59,49,0,0,n1056,42.203648,177.0
42.352604,0.5578125,71,70,0,0,n1057,42.203648,177.0
42.42031,0.49010417,62,64,0,0,n1058,42.203648,177.0
42.447918,0.4625,74,68,0,0,n1059,42.434116,178.0
42.510418,0.4,70,65,0,0,n1060,42.434116,178.0
42.521873,0.38854167,58,53,0,0,n1061,42.434116,178.0
42.54323,0.3671875,59,59,0,0,n1062,42.434116,178.0
42.583332,0.32708332,71,77,0,0,n1063,42.434116,178.0
42.645832,0.26458332,55,62,0,0,n1064,42.434116,178.0
42.652603,0.2578125,67,72,0,0,n1065,42.64922,179.0
42.723957,0.18645833,56,64,0,0,n1066,42.64922,179.0
42.740623,0.16979167,68,63,0,0,n1067,42.64922,179.0
42.804688,0.10572917,64,48,0,0,n1068,42.64922,179.0
42.808853,0.1015625,52,58,0,0,n1069,42.64922,179.0
42.86823,0.045833334,62,69,0,0,n1070,42.64922,179.0
42.880207,0.057291668,50,57,0,0,n1071,42.874218,180.0
42.95156,0.044791665,63,53,0,0,n1072,42.874218,180.0
42.975,0.036979165,51,43,0,0,n1073,42.874218,180.0
43.0,0.041666668,56,64,0,0,n1074,42.874218,180.0
43.026043,0.03125,68,42,0,0,n1075,42.874218,180.0
43.08698,0.036458332,64,56,0,0,n1076,42.874218,180.0
43.098957,0.036458332,52,55,0,0,n1077,43.092968,181.0
43.15625,0.043229166,65,54,0,0,n1078,43.092968,181.0
43.160416,0.0359375,53,57,0,0,n1079,43.092968,181.0
43.21979,0.051041666,71,58,0,0,n1080,43.092968,181.0
43.234375,0.063541666,59,56,0,0,n1081,43.092968,181.0
43.296875,0.036458332,65,59,0,0,n1082,43.092968,181.0
43.303123,0.045833334,53,55,0,0,n1083,43.3,182.0
43.352604,0.05625,66,55,0,0,n1084,43.3,182.0
43.359375,0.035416666,54,45,0,0,n1085,43.3,182.0
43.414062,0.047916666,71,48,0,0,n1086,43.3,182.0
43.433853,0.028125,59,53,0,0,n1087,43.3,182.0
43.502605,0.0484375,57,61,0,0,n1088,43.3,182.0
43.50625,0.049479168,69,62,0,0,n1089,43.50443,183.0
43.57552,0.059895832,58,53,0,0,n1090,43.554195,185.0
43.58073,0.042708334,70,53,0,0,n1091,43.57908,186.0
43.640625,0.091145836,75,61,0,0,n1092,43.62885,188.0
43.654686,0.038020834,63,55,0,0,n1093,43.653732,189.0
43.721355,0.072916664,73,59,0,0,n1094,43.703503,191.0
43.735416,0.040625,61,52,0,0,n1095,43.728386,192.0
43.80104,0.0515625,72,53,0,0,n1096,43.728386,192.0
43.803123,0.05625,60,61,0,0,n1097,43.728386,192.0
43.85677,0.0390625,71,60,0,0,n1098,43.728386,192.0
43.880207,0.23697917,59,51,0,0,n1099,43.728386,192.0
43.921875,0.1953125,70,61,0,0,n1100,43.728386,192.0
43.935936,0.18125,58,62,0,0,n1101,43.928905,193.0
44.002605,0.114583336,57,60,0,0,n1102,43.928905,193.0
44.015625,0.1015625,69,58,0,0,n1103,43.928905,193.0
44.0625,0.075520836,65,66,0,0,n1104,43.928905,193.0
44.065105,0.1078125,77,66,0,0,n1105,43.928905,193.0
44.125,0.13125,75,72,0,0,n1106,43.928905,193.0
44.132812,0.07447917,63,66,0,0,n1107,44.128906,194.0
44.1875,0.42291668,74,69,0,0,n1108,44.128906,194.0
44.196354,0.0421875,62,67,0,0,n1109,44.128906,194.0
44.252605,0.3578125,61,64,0,0,n1110,44.128906,194.0
44.26198,0.3484375,73,75,0,0,n1111,44.128906,194.0
44.32656,0.28385416,72,74,0,0,n1112,44.128906,194.0
44.33229,0.278125,60,70,0,0,n1113,44.329426,195.0
44.39479,0.215625,58,72,0,0,n1114,44.329426,195.0
44.415104,0.1953125,70,79,0,0,n1115,44.329426,195.0
44.471355,0.1390625,78,73,0,0,n1116,44.329426,195.0
44.494793,0.115625,66,80,0,0,n1117,44.329426,195.0
44.54427,0.100520834,77,84,0,0,n1118,44.329426,195.0
44.554688,0.08229167,65,63,0,0,n1119,44.54948,196.0
44.60573,0.084375,63,68,0,0,n1120,44.54948,196.0
44.60781,0.096354164,75,75,0,0,n1121,44.54948,196.0
44.66927,0.19270833,62,67,0,0,n1122,44.54948,196.0
44.67448,0.1875,74,75,0,0,n1123,44.54948,196.0
44.73177,0.13020833,61,71,0,0,n1124,44.54948,196.0
44.73854,0.1234375,73,73,0,0,n1125,44.735157,197.0
44.786457,0.075520836,60,59,0,0,n1126,44.735157,197.0
44.822918,0.046875,72,74,0,0,n1127,44.735157,197.0
44.852604,0.06666667,69,72,0,0,n1128,44.735157,197.0
44.873436,0.052604165,81,71,0,0,n1129,44.735157,197.0
44.95156,0.080729164,72,68,0,0,n1130,44.735157,197.0
44.953125,0.027604166,60,57,0,0,n1131,44.952343,198.0
44.979168,0.0453125,61,71,0,0,n1132,44.952343,198.0
45.02448,0.0703125,73,78,0,0,n1133,44.952343,198.0
45.07552,0.06614583,82,79,0,0,n1134,44.952343,198.0
45.104168,0.0296875,69,42,0,0,n1135,44.952343,198.0
45.13906,0.049479168,62,62,0,0,n1136,44.952343,198.0
45.160416,0.18333334,74,66,0,0,n1137,45.14974,199.0
45.20573,0.13802083,63,60,0,0,n1138,45.14974,199.0
45.21875,0.125,75,80,0,0,n1139,45.14974,199.0
45.26302,0.080729164,70,74,0,0,n1140,45.14974,199.0
45.28229,0.084895834,82,67,0,0,n1141,45.14974,199.0
45.33073,0.114583336,72,74,0,0,n1142,45.14974,199.0
45.36354,0.1296875,84,76,0,0,n1143,45.347134,200.0
45.41927,0.092708334,70,77,0,0,n1144,45.347134,200.0
45.441666,0.3171875,82,75,0,0,n1145,45.347134,200.0
45.492188,0.26666668,68,71,0,0,n1146,45.347134,200.0
45.498436,0.26041666,80,80,0,0,n1147,45.347134,200.0
45.56875,0.19010417,66,68,0,0,n1148,45.56875,201.0
45.56875,0.19010417,78,81,0,0,n1149,45.56875,201.0
45.62604,0.1328125,77,78,0,0,n1150,45.56875,201.0
45.63802,0.12083333,65,70,0,0,n1151,45.56875,201.0
45.66823,0.15625,64,74,0,0,n1152,45.56875,201.0
45.71875,0.065104164,76,78,0,0,n1153,45.56875,201.0
45.786457,0.072916664,72,72,0,0,n1154,45.56875,201.0
45.7875,0.10729167,84,72,0,0,n1155,45.78698,202.0
45.83073,0.728125,70,77,0,0,n1156,45.78698,202.0
45.854168,0.7046875,82,75,0,0,n1157,45.78698,202.0
45.901043,0.6578125,80,77,0,0,n1158,45.78698,202.0
45.90625,0.65260416,68,69,0,0,n1159,45.78698,202.0
45.95729,0.6015625,78,77,0,0,n1160,45.95729,203.0
46.010418,0.5484375,77,76,0,0,n1161,45.95729,203.0
46.065105,0.49375,65,52,0,0,n1162,45.95729,203.0
46.109375,0.44947916,76,68,0,0,n1163,45.95729,203.0
46.125,0.43385416,64,63,0,0,n1164,45.95729,203.0
46.145832,0.41302082,78,64,0,0,n1165,45.95729,203.0
46.20156,0.35729167,77,70,0,0,n1166,46.178905,204.0
46.21198,0.346875,66,10,0,0,n1167,46.178905,204.0
46.235416,0.3234375,65,62,0,0,n1168,46.178905,204.0
46.296875,0.26197916,76,67,0,0,n1169,46.178905,204.0
46.302082,0.25677082,64,66,0,0,n1170,46.178905,204.0
46.372395,0.18645833,75,68,0,0,n1171,46.178905,204.0
46.38906,0.16979167,63,61,0,0,n1172,46.38073,205.0
46.4375,0.12135417,74,65,0,0,n1173,46.38073,205.0
46.458332,0.100520834,62,64,0,0,n1174,46.38073,205.0
46.521873,0.06666667,73,68,0,0,n1175,46.38073,205.0
46.533855,0.058333334,61,63,0,0,n1176,46.38073,205.0
46.58698,0.052083332,63,54,0,0,n1177,46.38073,205.0
46.588543,0.071875,75,69,0,0,n1178,46.58776,206.0
46.678123,0.051041666,71,68,0,0,n1179,46.58776,206.0
46.679688,0.065104164,59,57,0,0,n1180,46.58776,206.0
46.744793,0.06875,72,55,0,0,n1181,46.58776,206.0
46.765625,0.036458332,60,52,0,0,n1182,46.58776,206.0
46.817707,0.16666667,61,56,0,0,n1183,46.58776,206.0
46.821354,0.16302083,73,64,0,0,n1184,46.81953,207.0
46.895832,0.088541664,69,57,0,0,n1185,46.81953,207.0
46.915104,0.069270834,57,49,0,0,n1186,46.81953,207.0
46.977604,0.078125,70,49,0,0,n1187,46.81953,207.0
47.005207,0.045833334,58,31,0,0,n1188,46.81953,207.0
47.027603,0.5453125,72,62,0,0,n1189,46.81953,207.0
47.057293,0.0875,60,46,0,0,n1190,47.042446,208.0
47.129166,0.44375,67,59,0,0,n1191,47.042446,208.0
47.13698,0.4359375,55,48,0,0,n1192,47.042446,208.0
47.209373,0.36354166,56,57,0,0,n1193,47.042446,208.0
47.223957,0.34895834,68,48,0,0,n1194,47.042446,208.0
47.291668,0.28125,71,68,0,0,n1195,47.042446,208.0
47.29427,0.27864584,59,48,0,0,n1196,47.29297,209.0
47.377605,0.1953125,66,61,0,0,n1197,47.29297,209.0
47.396873,0.17604166,54,50,0,0,n1198,47.29297,209.0
47.404686,0.16822916,75,62,0,0,n1199,47.29297,209.0
47.41927,0.15364583,63,47,0,0,n1200,47.29297,209.0
47.49323,0.091145836,70,65,0,0,n1201,47.29297,209.0
47.50104,0.071875,58,55,0,0,n1202,47.497135,210.0
47.588543,0.0640625,65,53,0,0,n1203,47.497135,210.0
47.6,0.0328125,53,42,0,0,n1204,47.497135,210.0
47.621353,0.49322918,54,49,0,0,n1205,47.497135,210.0
47.651043,0.46354166,66,57,0,0,n1206,47.497135,210.0
47.723957,0.390625,69,57,0,0,n1207,47.497135,210.0
47.726562,0.38802084,57,46,0,0,n1208,47.72526,211.0
47.79323,0.32135418,51,39,0,0,n1209,47.72526,211.0
47.796875,0.31770834,64,59,0,0,n1210,47.72526,211.0
47.833332,0.28125,73,64,0,0,n1211,47.72526,211.0
47.91927,0.1953125,68,56,0,0,n1212,47.72526,211.0
47.928123,0.18645833,56,52,0,0,n1213,47.9237,212.0
47.971355,0.14322917,51,51,0,0,n1214,47.9237,212.0
47.98281,0.13177083,63,60,0,0,n1215,47.9237,212.0
48.05573,0.06666667,64,58,0,0,n1216,47.9237,212.0
48.13125,0.052604165,67,47,0,0,n1217,47.9237,212.0
48.160416,0.0390625,55,50,0,0,n1218,48.145832,213.0
48.192707,0.24114583,62,54,0,0,n1219,48.145832,213.0
48.203125,0.23072916,50,52,0,0,n1220,48.145832,213.0
48.227604,0.20625,71,58,0,0,n1221,48.145832,213.0
48.258854,0.175,59,54,0,0,n1222,48.145832,213.0
48.335938,0.09791667,66,57,0,0,n1223,48.145832,213.0
48.340103,0.09375,54,64,0,0,n1224,48.33802,214.0
48.39479,0.050520834,61,65,0,0,n1225,48.33802,214.0
48.410416,0.041145835,49,53,0,0,n1226,48.33802,214.0
48.463543,0.3765625,50,39,0,0,n1227,48.33802,214.0
48.467186,0.37291667,62,62,0,0,n1228,48.33802,214.0
48.520832,0.31927082,65,66,0,0,n1229,48.33802,214.0
48.53229,0.3078125,53,52,0,0,n1230,48.52656,215.0
48.583332,0.25677082,48,65,0,0,n1231,48.52656,215.0
48.585938,0.25416666,60,64,0,0,n1232,48.52656,215.0
48.617188,0.22291666,69,74,0,0,n1233,48.52656,215.0
48.629166,0.2109375,57,58,0,0,n1234,48.52656,215.0
48.766666,1.2776042,74,91,0,0,n1235,48.52656,215.0
48.78229,0.20052083,62,72,0,0,n1236,48.77448,216.0
48.896873,1.1473958,69,65,0,0,n1237,48.77448,216.0
48.9125,1.1317708,57,40,0,0,n1238,48.77448,216.0
48.998436,1.0458333,70,49,0,0,n1239,48.77448,216.0
49.03125,1.0130209,58,60,0,0,n1240,48.77448,216.0
49.132812,0.9114583,73,62,0,0,n1241,48.77448,216.0
49.154686,0.88958335,61,59,0,0,n1242,49.14375,217.0
49.24323,0.80104166,68,61,0,0,n1243,49.14375,217.0
49.266666,0.77760416,56,52,0,0,n1244,49.14375,217.0
49.283855,0.7604167,65,49,0,0,n1245,49.14375,217.0
49.304688,0.7395833,77,70,0,0,n1246,49.14375,217.0
49.40729,0.63697916,60,61,0,0,n1247,49.14375,217.0
49.4125,0.63177085,72,69,0,0,n1248,49.409897,218.0
49.492188,0.5520833,67,59,0,0,n1249,49.409897,218.0
49.508854,0.53541666,55,39,0,0,n1250,49.409897,218.0
49.527603,0.51666665,56,61,0,0,n1251,49.409897,218.0
49.55104,0.49322918,68,64,0,0,n1252,49.409897,218.0
49.609375,0.43489584,71,61,0,0,n1253,49.409897,218.0
49.623436,0.42083332,59,55,0,0,n1254,49.616405,219.0
49.696354,0.34791666,54,54,0,0,n1255,49.616405,219.0
49.708332,0.3359375,66,58,0,0,n1256,49.616405,219.0
49.721355,0.32291666,63,53,0,0,n1257,49.616405,219.0
49.721355,0.32291666,75,67,0,0,n1258,49.616405,219.0
49.80104,0.24322917,58,62,0,0,n1259,49.616405,219.0
49.803123,0.24114583,70,64,0,0,n1260,49.802082,220.0
49.871353,0.17291667,53,52,0,0,n1261,49.802082,220.0
49.871353,0.17291667,65,56,0,0,n1262,49.802082,220.0
49.901043,0.14322917,54,62,0,0,n1263,49.802082,220.0
49.935936,0.108333334,66,63,0,0,n1264,49.802082,220.0
49.977604,0.06666667,69,62,0,0,n1265,49.802082,220.0
49.98073,0.063541666,57,64,0,0,n1266,49.979168,221.0
50.03229,0.0421875,51,66,0,0,n1267,49.979168,221.0
50.0375,0.052604165,64,66,0,0,n1268,49.979168,221.0
50.083332,0.203125,73,71,0,0,n1269,49.979168,221.0
50.10573,0.18072917,61,51,0,0,n1270,49.979168,221.0
50.152603,0.13385417,56,62,0,0,n1271,49.979168,221.0
50.160416,0.12604167,68,65,0,0,n1272,50.15651,222.0
50.215103,0.071354166,63,73,0,0,n1273,50.15651,222.0
50.216145,0.0703125,51,59,0,0,n1274,50.15651,222.0
50.276043,0.33854166,64,69,0,0,n1275,50.15651,222.0
50.29427,0.052083332,52,54,0,0,n1276,50.15651,222.0
50.33073,0.28385416,67,73,0,0,n1277,50.15651,222.0
50.352604,0.26197916,55,62,0,0,n1278,50.341667,223.0
50.385418,0.22916667,62,74,0,0,n1279,50.341667,223.0
50.396873,0.21770833,50,61,0,0,n1280,50.341667,223.0
50.421875,0.19270833,71,82,0,0,n1281,50.341667,223.0
50.43854,0.17604166,59,75,0,0,n1282,50.341667,223.0
50.559895,0.7395833,76,90,0,0,n1283,50.341667,223.0
50.571354,0.20989583,64,86,0,0,n1284,50.565624,224.0
50.590103,0.024479168,74,48,0,0,n1285,50.565624,224.0
50.696354,0.603125,71,65,0,0,n1286,50.565624,224.0
50.726562,0.5729167,59,56,0,0,n1287,50.565624,224.0
50.79948,0.5,60,67,0,0,n1288,50.565624,224.0
50.82552,0.47395834,72,61,0,0,n1289,50.565624,224.0
50.916668,0.3828125,63,74,0,0,n1290,50.565624,224.0
50.91823,0.38125,75,74,0,0,n1291,50.917446,225.0
51.026043,0.2734375,58,66,0,0,n1292,50.917446,225.0
51.026043,0.2734375,70,67,0,0,n1293,50.917446,225.0
51.07656,0.22291666,67,55,0,0,n1294,50.917446,225.0
51.104168,0.1953125,79,67,0,0,n1295,50.917446,225.0
51.185936,0.11354167,62,62,0,0,n1296,50.917446,225.0
51.192707,0.106770836,74,70,0,0,n1297,51.189323,226.0
51.273438,0.052083332,57,54,0,0,n1298,51.189323,226.0
51.302082,0.050520834,69,53,0,0,n1299,51.189323,226.0
51.32448,0.225,58,55,0,0,n1300,51.189323,226.0
51.35781,0.19166666,70,63,0,0,n1301,51.189323,226.0
51.39479,0.1546875,73,62,0,0,n1302,51.189323,226.0
51.402603,0.146875,61,58,0,0,n1303,51.398697,227.0
51.476562,0.072916664,56,56,0,0,n1304,51.398697,227.0
51.48281,0.06666667,68,64,0,0,n1305,51.398697,227.0
51.497395,0.052083332,65,43,0,0,n1306,51.398697,227.0
51.51823,0.38020834,77,67,0,0,n1307,51.398697,227.0
51.592186,0.30625,72,64,0,0,n1308,51.398697,227.0
51.596355,0.30208334,60,59,0,0,n1309,51.594273,228.0
51.6625,0.2359375,67,61,0,0,n1310,51.594273,228.0
51.68854,0.20989583,55,21,0,0,n1311,51.594273,228.0
51.710938,0.1875,56,48,0,0,n1312,51.594273,228.0
51.73073,0.16770834,68,62,0,0,n1313,51.594273,228.0
51.77448,0.123958334,59,56,0,0,n1314,51.594273,228.0
51.797916,0.100520834,71,52,0,0,n1315,51.786198,229.0
51.86198,0.040625,54,51,0,0,n1316,51.786198,229.0
51.869793,0.0546875,66,57,0,0,n1317,51.786198,229.0
51.915104,0.06666667,75,61,0,0,n1318,51.786198,229.0
51.921875,0.0546875,63,57,0,0,n1319,51.786198,229.0
51.99323,0.0546875,58,55,0,0,n1320,51.786198,229.0
52.020832,0.034895834,70,47,0,0,n1321,52.00703,230.0
52.059895,0.047916666,53,60,0,0,n1322,52.00703,230.0
52.072918,0.050520834,65,48,0,0,n1323,52.00703,230.0
52.14479,0.059375,63,55,0,0,n1324,52.00703,230.0
52.14479,0.055729166,75,56,0,0,n1325,52.00703,230.0
52.209373,0.052604165,70,53,0,0,n1326,52.00703,230.0
52.23698,0.040625,58,50,0,0,n1327,52.22318,231.0
52.260418,0.049479168,53,56,0,0,n1328,52.22318,231.0
52.271873,0.060416665,65,48,0,0,n1329,52.22318,231.0
52.346355,0.058333334,73,60,0,0,n1330,52.22318,231.0
52.347916,0.032291666,61,59,0,0,n1331,52.22318,231.0
52.415104,0.0421875,66,58,0,0,n1332,52.22318,231.0
52.43854,0.03125,54,57,0,0,n1333,52.426823,232.0
52.473957,0.06614583,65,59,0,0,n1334,52.426823,232.0
52.5375,0.035416666,53,64,0,0,n1335,52.426823,232.0
52.579166,0.040625,64,51,0,0,n1336,52.426823,232.0
52.6,0.033854168,52,43,0,0,n1337,52.426823,232.0
52.630207,0.0546875,63,60,0,0,n1338,52.426823,232.0
52.661457,0.041666668,51,59,0,0,n1339,52.645832,233.0
52.752605,0.053125,60,54,0,0,n1340,52.645832,233.0
52.755207,0.053645834,48,48,0,0,n1341,52.645832,233.0
52.815105,0.034895834,54,60,0,0,n1342,52.645832,233.0
52.820312,0.06666667,66,63,0,0,n1343,52.817707,234.0
52.898438,0.055729166,65,56,0,0,n1344,52.817707,234.0
52.904686,0.049479168,53,57,0,0,n1345,52.817707,234.0
52.954166,0.051041666,63,56,0,0,n1346,52.817707,234.0
53.010418,0.042708334,61,57,0,0,n1347,52.817707,234.0
53.04427,0.045833334,49,51,0,0,n1348,53.027344,235.0
53.071354,0.071875,60,61,0,0,n1349,53.027344,235.0
53.11198,0.07395833,48,56,0,0,n1350,53.027344,235.0
53.16823,0.046875,58,66,0,0,n1351,53.027344,235.0
53.19375,0.060416665,46,54,0,0,n1352,53.027344,235.0
53.254166,0.03125,54,56,0,0,n1353,53.027344,235.0
53.25625,0.080729164,66,62,0,0,n1354,53.255207,236.0
53.338543,0.052083332,53,53,0,0,n1355,53.255207,236.0
53.347916,0.059375,65,65,0,0,n1356,53.255207,236.0
53.40729,0.045833334,63,63,0,0,n1357,53.255207,236.0
53.416668,0.0328125,51,59,0,0,n1358,53.255207,236.0
53.465103,0.0296875,49,58,0,0,n1359,53.255207,236.0
53.46979,0.0390625,61,57,0,0,n1360,53.46745,237.0
53.516666,0.0625,60,60,0,0,n1361,53.46745,237.0
53.547916,0.0421875,48,42,0,0,n1362,53.46745,237.0
53.59375,0.052083332,59,63,0,0,n1363,53.46745,237.0
53.598957,0.046875,47,46,0,0,n1364,53.46745,237.0
53.65625,0.033854168,54,54,0,0,n1365,53.46745,237.0
53.671875,0.044270832,66,62,0,0,n1366,53.664062,238.0
53.735416,0.045833334,53,54,0,0,n1367,53.664062,238.0
53.75,0.0546875,65,62,0,0,n1368,53.664062,238.0
53.8125,0.043229166,63,65,0,0,n1369,53.664062,238.0
53.859375,0.203125,61,57,0,0,n1370,53.859375,239.0
53.9125,0.15,59,65,0,0,n1371,53.859375,239.0
53.947918,0.114583336,47,64,0,0,n1372,53.859375,239.0
54.002605,0.059895832,58,66,0,0,n1373,53.859375,239.0
54.033855,0.0375,46,40,0,0,n1374,53.859375,239.0
54.085938,0.06666667,57,60,0,0,n1375,53.859375,239.0
54.11198,0.049479168,45,47,0,0,n1376,54.098957,240.0
54.160416,0.048958335,58,57,0,0,n1377,54.098957,240.0
54.19948,0.041145835,46,42,0,0,n1378,54.098957,240.0
54.227604,0.03125,48,55,0,0,n1379,54.098957,240.0
54.23177,0.042708334,60,57,0,0,n1380,54.098957,240.0
54.309895,0.036458332,51,60,0,0,n1381,54.098957,240.0
54.315105,0.058333334,63,54,0,0,n1382,54.3125,241.0
54.38125,0.038020834,49,58,0,0,n1383,54.3125,241.0
54.39948,0.038020834,61,55,0,0,n1384,54.3125,241.0
54.442707,0.065104164,45,57,0,0,n1385,54.3125,241.0
54.453125,0.057291668,57,52,0,0,n1386,54.3125,241.0
54.535416,0.04375,60,58,0,0,n1387,54.3125,241.0
54.560936,0.046875,48,28,0,0,n1388,54.548176,242.0
54.584373,0.041666668,46,60,0,0,n1389,54.548176,242.0
54.598957,0.03125,58,54,0,0,n1390,54.548176,242.0
54.654686,0.078125,53,46,0,0,n1391,54.548176,242.0
54.661457,0.055729166,41,44,0,0,n1392,54.548176,242.0
54.73281,0.053645834,56,59,0,0,n1393,54.548176,242.0
54.735416,0.051041666,44,62,0,0,n1394,54.734116,243.0
54.797916,0.0546875,54,55,0,0,n1395,54.734116,243.0
54.809895,0.058333334,42,56,0,0,n1396,54.734116,243.0
54.86823,0.053645834,53,59,0,0,n1397,54.734116,243.0
54.883854,0.067708336,41,50,0,0,n1398,54.734116,243.0
54.95573,0.041666668,51,55,0,0,n1399,54.734116,243.0
54.984375,0.036458332,39,54,0,0,n1400,54.97005,244.0
55.039062,0.0375,53,50,0,0,n1401,54.97005,244.0
55.07656,0.044791665,41,41,0,0,n1402,54.97005,244.0
55.091145,0.059895832,54,59,0,0,n1403,54.97005,244.0
55.125,0.046875,42,60,0,0,n1404,54.97005,244.0
55.17448,0.0609375,58,56,0,0,n1405,54.97005,244.0
55.20156,0.035416666,46,48,0,0,n1406,55.188023,245.0
55.248436,0.060416665,56,57,0,0,n1407,55.188023,245.0
55.25625,0.0390625,44,63,0,0,n1408,55.188023,245.0
55.31875,0.045833334,54,55,0,0,n1409,55.188023,245.0
55.35781,0.026041666,42,8,0,0,n1410,55.188023,245.0
55.38802,0.063541666,53,49,0,0,n1411,55.188023,245.0
55.40729,0.044270832,41,54,0,0,n1412,55.397655,246.0
55.477604,0.040625,49,49,0,0,n1413,55.397655,246.0
55.48854,0.0010416667,37,34,0,0,n1414,55.397655,246.0
55.527603,0.034895834,51,55,0,0,n1415,55.397655,246.0
55.58229,0.048958335,41,53,0,0,n1416,55.397655,246.0
55.59375,0.041666668,53,58,0,0,n1417,55.58802,247.0
55.646873,0.040625,40,62,0,0,n1418,55.58802,247.0
55.653645,0.042708334,52,55,0,0,n1419,55.58802,247.0
55.742188,0.0375,41,50,0,0,n1420,55.58802,247.0
55.75,0.028645834,53,44,0,0,n1421,55.58802,247.0
55.776043,0.044270832,54,66,0,0,n1422,55.58802,247.0
55.789062,0.033854168,42,68,0,0,n1423,55.78255,248.0
55.86354,0.06875,53,63,0,0,n1424,55.78255,248.0
55.880207,0.044270832,41,59,0,0,n1425,55.78255,248.0
55.958332,0.23697917,40,55,0,0,n1426,55.78255,248.0
55.96198,0.23333333,52,55,0,0,n1427,55.78255,248.0
56.01979,0.17552084,51,59,0,0,n1428,55.78255,248.0
56.0375,0.1578125,39,59,0,0,n1429,56.028645,249.0
56.10677,0.088541664,49,35,0,0,n1430,56.028645,249.0
56.119793,0.075520836,37,54,0,0,n1431,56.028645,249.0
56.158855,0.05625,48,55,0,0,n1432,56.028645,249.0
56.190105,0.057291668,36,48,0,0,n1433,56.028645,249.0
56.223957,0.050520834,54,61,0,0,n1434,56.028645,249.0
56.240623,0.05625,42,61,0,0,n1435,56.232292,250.0
56.297916,0.083333336,53,62,0,0,n1436,56.232292,250.0
56.346355,0.0703125,41,58,0,0,n1437,56.232292,250.0
56.373436,0.05625,51,63,0,0,n1438,56.232292,250.0
56.434895,0.2421875,49,58,0,0,n1439,56.232292,250.0
56.435936,0.24114583,39,55,0,0,n1440,56.232292,250.0
56.48281,0.19427083,37,57,0,0,n1441,56.458855,251.0
56.494793,0.18229167,48,61,0,0,n1442,56.458855,251.0
56.590103,0.086979166,46,63,0,0,n1443,56.458855,251.0
56.63125,0.053645834,34,53,0,0,n1444,56.458855,251.0
56.66927,0.034895834,54,63,0,0,n1445,56.458855,251.0
56.695312,0.0375,42,57,0,0,n1446,56.682293,252.0
56.739582,0.078125,53,62,0,0,n1447,56.682293,252.0
56.779686,0.060416665,41,58,0,0,n1448,56.682293,252.0
56.804688,0.052083332,51,64,0,0,n1449,56.682293,252.0
56.85677,0.23541667,39,58,0,0,n1450,56.682293,252.0
56.867188,0.225,49,51,0,0,n1451,56.682293,252.0
56.904686,0.1875,37,60,0,0,n1452,56.885937,253.0
56.92604,0.16614583,48,62,0,0,n1453,56.885937,253.0
56.972916,0.11927083,36,50,0,0,n1454,56.885937,253.0
57.010418,0.08177083,47,62,0,0,n1455,56.885937,253.0
57.035416,0.058333334,35,50,0,0,n1456,56.885937,253.0
57.09375,0.0609375,54,62,0,0,n1457,56.885937,253.0
57.115623,0.0390625,42,51,0,0,n1458,57.104687,254.0
57.177082,0.050520834,41,58,0,0,n1459,57.104687,254.0
57.185936,0.049479168,53,54,0,0,n1460,57.104687,254.0
57.23281,0.045833334,51,61,0,0,n1461,57.104687,254.0
57.244793,0.0296875,39,62,0,0,n1462,57.104687,254.0
57.2875,0.15416667,49,49,0,0,n1463,57.104687,254.0
57.321354,0.1203125,37,49,0,0,n1464,57.30443,255.0
57.34375,0.09791667,47,57,0,0,n1465,57.30443,255.0
57.39323,0.0484375,35,65,0,0,n1466,57.30443,255.0
57.42604,0.048958335,46,58,0,0,n1467,57.30443,255.0
57.45052,0.052083332,34,55,0,0,n1468,57.30443,255.0
57.51198,0.0546875,45,50,0,0,n1469,57.30443,255.0
57.51823,0.0625,33,63,0,0,n1470,57.515102,256.0
57.590103,0.88385415,46,54,0,0,n1471,57.515102,256.0
57.633854,0.84010416,35,57,0,0,n1472,57.515102,256.0
57.64323,0.8307292,47,65,0,0,n1473,57.515102,256.0
57.721355,0.7526042,49,69,0,0,n1474,57.515102,256.0
57.727604,0.74635416,37,63,0,0,n1475,57.72448,257.0
57.778645,0.6953125,51,68,0,0,n1476,57.72448,257.0
57.80104,0.67291665,39,67,0,0,n1477,57.72448,257.0
57.85677,0.6171875,41,64,0,0,n1478,57.72448,257.0
57.85781,0.61614585,53,77,0,0,n1479,57.72448,257.0
57.91823,0.55572915,42,76,0,0,n1480,57.72448,257.0
57.93073,0.54322916,54,78,0,0,n1481,57.92448,258.0
57.979168,0.49479166,56,79,0,0,n1482,57.92448,258.0
57.984375,0.48958334,44,76,0,0,n1483,57.92448,258.0
58.059895,0.4140625,58,72,0,0,n1484,57.92448,258.0
58.066666,0.40729168,46,80,0,0,n1485,57.92448,258.0
58.12604,0.34791666,47,79,0,0,n1486,57.92448,258.0
58.13125,0.34270832,59,80,0,0,n1487,58.128647,259.0
58.221355,0.25260416,50,74,0,0,n1488,58.128647,259.0
58.221355,0.25260416,61,64,0,0,n1489,58.128647,259.0
58.23281,0.24114583,49,37,0,0,n1490,58.128647,259.0
58.258854,0.21510416,63,80,0,0,n1491,58.128647,259.0
58.266666,0.20729166,60,53,0,0,n1492,58.128647,259.0
58.273438,0.20052083,51,73,0,0,n1493,58.128647,259.0
58.334373,0.13958333,53,69,0,0,n1494,58.128647,259.0
58.342186,0.13177083,65,79,0,0,n1495,58.33828,260.0
58.403645,0.0703125,52,78,0,0,n1496,58.33828,260.0
58.411457,0.0703125,64,84,0,0,n1497,58.33828,260.0
58.472916,0.040104166,49,54,0,0,n1498,58.33828,260.0
58.48177,0.041666668,61,77,0,0,n1499,58.33828,260.0
58.547916,0.05,48,69,0,0,n1500,58.33828,260.0
58.55573,0.030208332,60,58,0,0,n1501,58.551823,261.0
58.61354,0.0546875,46,68,0,0,n1502,58.551823,261.0
58.619793,0.057291668,58,66,0,0,n1503,58.551823,261.0
58.692707,0.036458332,42,53,0,0,n1504,58.551823,261.0
58.695312,0.0390625,54,60,0,0,n1505,58.551823,261.0
58.754166,0.055729166,53,58,0,0,n1506,58.551823,261.0
58.76823,0.05625,41,61,0,0,n1507,58.761196,262.0
58.834373,0.053645834,52,56,0,0,n1508,58.761196,262.0
58.842186,0.0390625,40,62,0,0,n1509,58.761196,262.0
58.91823,0.0375,37,41,0,0,n1510,58.761196,262.0
58.91823,0.0375,49,55,0,0,n1511,58.761196,262.0
58.977604,0.059895832,48,54,0,0,n1512,58.761196,262.0
58.990623,0.053645834,36,50,0,0,n1513,58.984116,263.0
59.065105,0.0765625,34,57,0,0,n1514,58.984116,263.0
59.07656,0.053645834,46,51,0,0,n1515,58.984116,263.0
59.153645,0.067708336,42,58,0,0,n1516,58.984116,263.0
59.172916,0.0578125,30,42,0,0,n1517,58.984116,263.0
59.244793,0.080729164,29,45,0,0,n1518,58.984116,263.0
59.26823,0.044270832,41,44,0,0,n1519,59.25651,264.0
59.30573,0.0421875,34,39,0,0,n1520,59.25651,264.0
59.32656,0.0484375,46,43,0,0,n1521,59.25651,264.0
59.379166,0.0453125,32,42,0,0,n1522,59.25651,264.0
59.41823,0.048958335,44,21,0,0,n1523,59.25651,264.0
59.442707,0.0390625,33,49,0,0,n1524,59.25651,264.0
59.475,0.041666668,45,48,0,0,n1525,59.458855,265.0
59.510418,0.042708334,37,46,0,0,n1526,59.458855,265.0
59.54531,0.043229166,49,44,0,0,n1527,59.458855,265.0
59.6,0.044791665,33,47,0,0,n1528,59.458855,265.0
59.60677,0.046875,45,46,0,0,n1529,59.458855,265.0
59.654686,0.140625,34,53,0,0,n1530,59.458855,265.0
59.67031,0.125,46,53,0,0,n1531,59.662502,266.0
59.722916,0.07239583,39,48,0,0,n1532,59.662502,266.0
59.758854,0.038020834,51,38,0,0,n1533,59.662502,266.0
59.81354,0.051041666,47,52,0,0,n1534,59.662502,266.0
59.817707,0.046875,35,41,0,0,n1535,59.662502,266.0
59.867188,0.34375,36,51,0,0,n1536,59.662502,266.0
59.901043,0.30989584,48,49,0,0,n1537,59.884113,267.0
59.953125,0.2578125,53,49,0,0,n1538,59.884113,267.0
59.95729,0.25364584,41,46,0,0,n1539,59.884113,267.0
60.052082,0.15885417,48,52,0,0,n1540,59.884113,267.0
60.067707,0.14322917,37,55,0,0,n1541,59.884113,267.0
60.1,0.1109375,49,55,0,0,n1542,60.083855,268.0
60.14323,0.067708336,42,51,0,0,n1543,60.083855,268.0
60.161457,0.049479168,54,53,0,0,n1544,60.083855,268.0
60.24323,0.6421875,38,40,0,0,n1545,60.083855,268.0
60.24323,0.6421875,50,50,0,0,n1546,60.083855,268.0
60.279686,0.60572916,39,46,0,0,n1547,60.083855,268.0
60.31354,0.571875,51,60,0,0,n1548,60.296616,269.0
60.360416,0.525,45,52,0,0,n1549,60.296616,269.0
60.38802,0.49739584,57,46,0,0,n1550,60.296616,269.0
60.46875,0.41666666,41,43,0,0,n1551,60.296616,269.0
60.471355,0.4140625,53,53,0,0,n1552,60.296616,269.0
60.521873,0.36354166,42,50,0,0,n1553,60.521873,270.0
60.627605,0.2578125,61,41,0,0,n1554,60.521873,270.0
60.715103,0.22239584,45,48,0,0,n1555,60.521873,270.0
60.71979,0.1875,57,58,0,0,n1556,60.521873,270.0
60.86354,1.015625,60,39,0,0,n1557,60.521873,270.0
60.867188,1.0119792,48,39,0,0,n1558,60.865364,271.0
61.008854,0.8703125,54,37,0,0,n1559,60.865364,271.0
61.01302,0.86614585,66,52,0,0,n1560,60.865364,271.0
61.192707,0.68645835,65,61,0,0,n1561,60.865364,271.0
61.195312,0.68385416,53,44,0,0,n1562,60.865364,271.0
61.2875,0.59166664,45,38,0,0,n1563,60.865364,271.0
61.341145,0.53802085,57,50,0,0,n1564,61.314323,272.0
61.35573,0.5234375,49,53,0,0,n1565,61.314323,272.0
61.385418,0.49375,61,57,0,0,n1566,61.314323,272.0
61.442707,0.43645832,45,57,0,0,n1567,61.314323,272.0
61.458332,0.42083332,57,48,0,0,n1568,61.314323,272.0
61.54427,0.33489582,60,60,0,0,n1569,61.314323,272.0
61.547916,0.33125,48,57,0,0,n1570,61.546093,273.0
61.60677,0.27239582,66,71,0,0,n1571,61.546093,273.0
61.619793,0.259375,54,56,0,0,n1572,61.546093,273.0
61.70052,0.19895834,65,74,0,0,n1573,61.546093,273.0
61.740623,0.13854167,53,55,0,0,n1574,61.546093,273.0
61.776043,0.103125,45,50,0,0,n1575,61.546093,273.0
61.79427,0.084895834,57,59,0,0,n1576,61.785156,274.0
61.82656,0.43125,61,67,0,0,n1577,61.785156,274.0
61.85781,0.0484375,49,57,0,0,n1578,61.785156,274.0
61.91927,0.33854166,57,68,0,0,n1579,61.785156,274.0
61.959373,0.2984375,45,49,0,0,n1580,61.785156,274.0
61.989582,0.26822916,60,75,0,0,n1581,61.785156,274.0
62.002605,0.25520834,48,62,0,0,n1582,61.996094,275.0
62.052082,0.20572917,66,73,0,0,n1583,61.996094,275.0
62.083332,0.17447917,54,67,0,0,n1584,61.996094,275.0
62.123436,0.134375,65,82,0,0,n1585,61.996094,275.0
62.183853,0.07395833,53,52,0,0,n1586,61.996094,275.0
62.235416,0.0625,60,68,0,0,n1587,61.996094,275.0
62.26302,0.036458332,48,41,0,0,n1588,62.249218,276.0
62.30104,0.08177083,66,65,0,0,n1589,62.249218,276.0
62.303123,0.0703125,54,65,0,0,n1590,62.249218,276.0
62.37604,0.071875,65,58,0,0,n1591,62.249218,276.0
62.39479,0.06458333,53,51,0,0,n1592,62.249218,276.0
62.4375,0.110416666,48,45,0,0,n1593,62.249218,276.0
62.45052,0.050520834,60,62,0,0,n1594,62.44401,277.0
62.51406,0.051041666,66,65,0,0,n1595,62.44401,277.0
62.526043,0.071875,54,64,0,0,n1596,62.44401,277.0
62.601562,0.053125,65,56,0,0,n1597,62.44401,277.0
62.622395,0.065104164,53,48,0,0,n1598,62.44401,277.0
62.635418,0.0453125,60,55,0,0,n1599,62.635418,278.0
62.709373,0.058854166,66,61,0,0,n1600,62.635418,278.0
62.716145,0.058333334,54,63,0,0,n1601,62.635418,278.0
62.791668,0.057291668,65,57,0,0,n1602,62.635418,278.0
62.85573,0.059375,53,16,0,0,n1603,62.635418,278.0
62.864582,0.116145834,58,59,0,0,n1604,62.635418,278.0
62.875,0.09010417,46,40,0,0,n1605,62.869793,279.0
62.958332,0.069270834,54,46,0,0,n1606,62.869793,279.0
62.98177,0.125,66,56,0,0,n1607,62.869793,279.0
63.060936,0.13072917,53,44,0,0,n1608,62.869793,279.0
63.1,0.18125,65,50,0,0,n1609,62.869793,279.0
63.239582,0.67552084,49,44,0,0,n1610,62.869793,279.0
63.26302,0.65208334,61,51,0,0,n1611,63.2513,280.0
63.391666,0.0578125,41,37,0,0,n1612,63.2513,280.0
63.39479,0.055729166,53,44,0,0,n1613,63.2513,280.0
63.498436,0.41666666,63,58,0,0,n1614,63.2513,280.0
63.53229,0.3828125,51,34,0,0,n1615,63.2513,280.0
63.601562,0.31354168,53,48,0,0,n1616,63.2513,280.0
63.602604,0.3125,65,57,0,0,n1617,63.60208,281.0
63.696354,0.21875,51,60,0,0,n1618,63.60208,281.0
63.70156,0.21354167,63,67,0,0,n1619,63.60208,281.0
63.760418,0.1546875,61,60,0,0,n1620,63.60208,281.0
63.786457,0.12864584,49,51,0,0,n1621,63.60208,281.0
63.842186,0.072916664,58,59,0,0,n1622,63.60208,281.0
63.85,0.084895834,46,56,0,0,n1623,63.846092,282.0
63.942707,0.28125,53,47,0,0,n1624,63.846092,282.0
63.975,0.24895833,49,40,0,0,n1625,63.846092,282.0
64.01458,0.209375,60,51,0,0,n1626,63.846092,282.0
64.04011,0.18385416,48,34,0,0,n1627,63.846092,282.0
64.09115,0.1328125,49,38,0,0,n1628,64.09115,283.0
64.09115,0.1328125,61,60,0,0,n1629,64.09115,283.0
64.15625,0.067708336,48,47,0,0,n1630,64.09115,283.0
64.17604,0.0515625,60,63,0,0,n1631,64.09115,283.0
64.234375,0.057291668,58,57,0,0,n1632,64.09115,283.0
64.25,0.061458334,49,49,0,0,n1633,64.09115,283.0
64.25677,0.058333334,46,43,0,0,n1634,64.09115,283.0
64.29011,0.0484375,61,56,0,0,n1635,64.29011,284.0
64.359375,0.40625,41,49,0,0,n1636,64.29011,284.0
64.3776,0.38802084,53,55,0,0,n1637,64.29011,284.0
64.46094,0.3046875,63,54,0,0,n1638,64.29011,284.0
64.46615,0.29947916,51,55,0,0,n1639,64.29011,284.0
64.532295,0.23333333,65,62,0,0,n1640,64.29011,284.0
64.54583,0.21979167,53,61,0,0,n1641,64.53906,285.0
64.61198,0.15364583,63,70,0,0,n1642,64.53906,285.0
64.61823,0.14739583,51,63,0,0,n1643,64.53906,285.0
64.688545,0.0875,61,63,0,0,n1644,64.53906,285.0
64.703125,0.0625,49,59,0,0,n1645,64.53906,285.0
64.76979,0.050520834,46,56,0,0,n1646,64.53906,285.0
64.77448,0.05625,58,54,0,0,n1647,64.77213,286.0
64.84896,0.0703125,41,38,0,0,n1648,64.77213,286.0
64.88021,0.0484375,53,37,0,0,n1649,64.77213,286.0
64.9026,0.43333334,48,53,0,0,n1650,64.77213,286.0
64.91823,0.41770834,60,50,0,0,n1651,64.77213,286.0
64.97656,0.359375,61,59,0,0,n1652,64.77213,286.0
64.98698,0.34895834,49,46,0,0,n1653,64.98177,287.0
65.05885,0.27708334,60,54,0,0,n1654,64.98177,287.0
65.06771,0.26822916,48,60,0,0,n1655,64.98177,287.0
65.11823,0.21770833,58,52,0,0,n1656,64.98177,287.0
65.13386,0.20208333,46,50,0,0,n1657,64.98177,287.0
65.26458,0.1859375,39,41,0,0,n1658,64.98177,287.0
65.280205,0.6458333,51,72,0,0,n1659,65.27239,288.0
65.4375,0.48854166,41,38,0,0,n1660,65.27239,288.0
65.47656,0.44947916,53,38,0,0,n1661,65.27239,288.0
65.530205,0.39583334,46,26,0,0,n1662,65.27239,288.0
65.54583,0.38020834,58,33,0,0,n1663,65.27239,288.0
65.58489,0.34114584,49,52,0,0,n1664,65.27239,288.0
65.597916,0.38385418,61,54,0,0,n1665,65.59141,289.0
65.70052,0.22552083,49,52,0,0,n1666,65.59141,289.0
65.72656,0.19947916,37,5,0,0,n1667,65.59141,289.0
65.72761,0.1984375,41,53,0,0,n1668,65.59141,289.0
65.76979,0.15625,53,57,0,0,n1669,65.59141,289.0
65.864586,0.5625,51,70,0,0,n1670,65.59141,289.0
65.88386,0.13697916,39,46,0,0,n1671,65.87422,290.0
65.99635,0.43072918,41,49,0,0,n1672,65.87422,290.0
66.046875,0.38020834,53,41,0,0,n1673,65.87422,290.0
66.061455,0.365625,46,51,0,0,n1674,65.87422,290.0
66.07917,0.34791666,58,45,0,0,n1675,65.87422,290.0
66.140625,0.28645834,49,58,0,0,n1676,65.87422,290.0
66.15365,0.2734375,61,58,0,0,n1677,66.14713,291.0
66.2474,0.1796875,49,49,0,0,n1678,66.14713,291.0
66.27239,0.1546875,41,44,0,0,n1679,66.14713,291.0
66.30469,0.122395836,53,57,0,0,n1680,66.14713,291.0
66.39167,0.11354167,36,45,0,0,n1681,66.14713,291.0
66.39948,0.221875,48,65,0,0,n1682,66.39558,292.0
66.50886,0.0890625,37,41,0,0,n1683,66.39558,292.0
66.578125,0.34114584,49,49,0,0,n1684,66.39558,292.0
66.63698,0.28229168,41,26,0,0,n1685,66.39558,292.0
66.67604,0.24322917,53,32,0,0,n1686,66.39558,292.0
66.677086,0.2421875,58,55,0,0,n1687,66.39558,292.0
66.6849,0.234375,46,49,0,0,n1688,66.68099,293.0
66.77604,0.14322917,34,27,0,0,n1689,66.68099,293.0
66.78906,0.13020833,46,61,0,0,n1690,66.68099,293.0
66.85261,0.06666667,37,43,0,0,n1691,66.68099,293.0
66.885414,0.052083332,49,47,0,0,n1692,66.68099,293.0
66.9651,0.12760417,36,41,0,0,n1693,66.68099,293.0
66.96615,0.13802083,48,54,0,0,n1694,66.96562,294.0
67.072914,0.40625,37,38,0,0,n1695,66.96562,294.0
67.08073,0.3984375,49,41,0,0,n1696,66.96562,294.0
67.157295,0.321875,41,38,0,0,n1697,66.96562,294.0
67.19948,0.2796875,53,41,0,0,n1698,66.96562,294.0
67.23854,0.240625,46,52,0,0,n1699,66.96562,294.0
67.24635,0.2328125,58,46,0,0,n1700,67.24245,295.0
67.313545,0.165625,34,42,0,0,n1701,67.24245,295.0
67.354164,0.125,46,47,0,0,n1702,67.24245,295.0
67.38177,0.09739583,37,41,0,0,n1703,67.24245,295.0
67.45573,0.040625,49,29,0,0,n1704,67.24245,295.0
68.64844,0.47135416,48,49,0,0,n1705,68.18897,297.0
68.67604,0.44375,36,32,0,0,n1706,68.66224,298.0
68.79792,0.321875,37,46,0,0,n1707,68.66224,298.0
68.80885,0.3109375,49,48,0,0,n1708,68.66224,298.0
68.88021,0.23958333,41,41,0,0,n1709,68.66224,298.0
68.907295,0.2671875,53,42,0,0,n1710,68.66224,298.0
68.94271,0.19791667,58,52,0,0,n1711,68.66224,298.0
68.95052,0.16927083,46,53,0,0,n1712,68.94662,299.0
69.01198,0.1078125,34,49,0,0,n1713,68.94662,299.0
69.10052,0.0375,37,34,0,0,n1714,68.94662,299.0
69.1526,0.047916666,49,37,0,0,n1715,68.94662,299.0
70.3401,0.38385418,48,34,0,0,n1716,69.884636,301.0
70.36719,0.35677084,36,22,0,0,n1717,70.353645,302.0
70.4401,0.28385416,49,44,0,0,n1718,70.353645,302.0
70.45573,0.26822916,37,40,0,0,n1719,70.353645,302.0
70.515625,0.20833333,41,41,0,0,n1720,70.353645,302.0
70.52239,0.2015625,53,39,0,0,n1721,70.353645,302.0
70.56771,0.15625,58,50,0,0,n1722,70.353645,302.0
70.57136,0.15260416,46,51,0,0,n1723,70.569534,303.0
70.63958,0.084375,34,54,0,0,n1724,70.569534,303.0
70.66927,0.0546875,37,51,0,0,n1725,70.569534,303.0
70.73177,0.0390625,49,41,0,0,n1726,70.569534,303.0
71.0026,3.678125,46,99,0,0,n1727,70.569534,303.0
71.00781,3.6729167,34,106,0,0,n1728,71.00521,304.0
71.74219,2.9385417,82,106,0,0,n1729,71.376434,305.0
71.74479,2.9359374,94,107,0,0,n1730,71.376434,305.0
71.74635,2.934375,65,102,0,0,n1731,71.376434,305.0
71.748955,2.9317708,58,95,0,0,n1732,71.74766,306.0
71.75,2.9307292,61,95,0,0,n1733,71.74766,306.0
71.760414,2.9203124,53,89,0,0,n1734,71.74766,306.0
71.78125,2.8994792,95,56,0,0,n1735,71.74766,306.0
