onset_beat,duration_beat,onset_quarter,duration_quarter,onset_div,duration_div,pitch,voice,id,last_beat,last_beat_ref
-1.0,1.0,-1.0,1.0,0,240,68,1,n1-1,-1.0,0.959635
-1.0,0.25,-1.0,0.25,0,60,68,2,n2-1,-1.0,0.959635
-0.75,0.75,-0.75,0.75,60,180,71,2,n3-1,-1.0,0.959635
-0.5,0.25,-0.5,0.25,120,60,52,5,n5-1,-1.0,0.959635
-0.25,0.25,-0.25,0.25,180,60,59,5,n6-1,-1.0,0.959635
0.0,0.25,0.0,0.25,240,60,71,2,n9-1,0.0,1.824219
0.0,1.0,0.0,1.0,240,240,71,1,n7-1,0.0,1.824219
0.25,0.75,0.25,0.75,300,180,66,2,n10-1,0.0,1.824219
0.5,0.25,0.5,0.25,360,60,63,5,n14-1,0.0,1.824219
0.75,0.25,0.75,0.25,420,60,51,5,n15-1,0.0,1.824219
1.0,0.25,1.0,0.25,480,60,64,2,n11-1,1.0,2.420573
1.0,1.0,1.0,1.0,480,240,64,1,n8-1,1.0,2.420573
1.25,0.75,1.25,0.75,540,180,68,2,n12-1,1.0,2.420573
1.5,0.25,1.5,0.25,600,60,49,5,n17-1,1.0,2.420573
1.75,0.25,1.75,0.25,660,60,56,5,n18-1,1.0,2.420573
2.0,0.25,2.0,0.25,720,60,68,2,n21-1,2.0,3.001302
2.0,1.0,2.0,1.0,720,240,68,1,n19-1,2.0,3.001302
2.25,0.75,2.25,0.75,780,180,63,2,n22-1,2.0,3.001302
2.5,0.25,2.5,0.25,840,60,59,5,n26-1,2.0,3.001302
2.75,0.25,2.75,0.25,900,60,47,5,n27-1,2.0,3.001302
3.0,0.25,3.0,0.25,960,60,61,2,n23-1,3.0,3.606771
3.0,1.0,3.0,1.0,960,240,61,1,n20-1,3.0,3.606771
3.25,0.75,3.25,0.75,1020,180,64,2,n24-1,3.0,3.606771
3.5,0.25,3.5,0.25,1080,60,45,5,n29-1,3.0,3.606771
3.75,0.25,3.75,0.25,1140,60,52,5,n30-1,3.0,3.606771
4.0,0.25,4.0,0.25,1200,60,64,2,n34-1,4.0,4.165365
4.0,1.0,4.0,1.0,1200,240,64,1,n31-1,4.0,4.165365
4.25,0.75,4.25,0.75,1260,180,59,2,n35-1,4.0,4.165365
4.5,0.25,4.5,0.25,1320,60,56,5,n39-1,4.0,4.165365
4.75,0.25,4.75,0.25,1380,60,44,5,n40-1,4.0,4.165365
5.0,0.25,5.0,0.25,1440,60,57,2,n36-1,5.0,4.809896
5.0,1.0,5.0,1.0,1440,240,63,1,n32-1,5.0,4.809896
5.0,1.0,5.0,1.0,1440,240,66,1,n33-1,5.0,4.809896
5.25,0.75,5.25,0.75,1500,180,59,2,n37-1,5.0,4.809896
5.5,0.25,5.5,0.25,1560,60,35,5,n42-1,5.0,4.809896
5.75,0.25,5.75,0.25,1620,60,47,5,n43-1,5.0,4.809896
6.0,0.25,6.0,0.25,1680,60,56,2,n47-1,6.0,5.549479
6.0,1.0,6.0,1.0,1680,240,64,1,n44-1,6.0,5.549479
6.0,1.0,6.0,1.0,1680,240,68,1,n45-1,6.0,5.549479
6.25,0.75,6.25,0.75,1740,180,59,2,n48-1,6.0,5.549479
6.5,0.25,6.5,0.25,1800,60,52,5,n52-1,6.0,5.549479
6.75,0.25,6.75,0.25,1860,60,40,5,n53-1,6.0,5.549479
7.0,0.25,7.0,0.25,1920,60,68,2,n49-1,7.0,6.328125
7.0,1.0,7.0,1.0,1920,240,68,1,n46-1,7.0,6.328125
7.25,0.75,7.25,0.75,1980,180,71,2,n50-1,7.0,6.328125
7.5,0.25,7.5,0.25,2040,60,52,5,n55-1,7.0,6.328125
7.75,0.25,7.75,0.25,2100,60,59,5,n56-1,7.0,6.328125
8.0,0.25,8.0,0.25,2160,60,71,2,n59-1,8.0,6.959635
8.0,1.0,8.0,1.0,2160,240,71,1,n57-1,8.0,6.959635
8.25,0.75,8.25,0.75,2220,180,66,2,n60-1,8.0,6.959635
8.5,0.25,8.5,0.25,2280,60,63,5,n64-1,8.0,6.959635
8.75,0.25,8.75,0.25,2340,60,51,5,n65-1,8.0,6.959635
9.0,1.0,9.0,1.0,2400,240,64,1,n58-1,9.0,7.580729
9.0,0.25,9.0,0.25,2400,60,70,2,n61-1,9.0,7.580729
9.25,0.75,9.25,0.75,2460,180,76,2,n62-1,9.0,7.580729
9.5,0.25,9.5,0.25,2520,60,49,5,n67-1,9.0,7.580729
9.75,0.25,9.75,0.25,2580,60,54,5,n68-1,9.0,7.580729
10.0,1.0,10.0,1.0,2640,240,63,2,n72-1,10.0,8.22526
10.0,0.25,10.0,0.25,2640,60,75,1,n69-1,10.0,8.22526
10.25,0.75,10.25,0.75,2700,180,71,1,n70-1,10.0,8.22526
10.5,0.25,10.5,0.25,2760,60,59,5,n76-1,10.0,8.22526
10.75,0.25,10.75,0.25,2820,60,47,5,n77-1,10.0,8.22526
11.0,1.0,11.0,1.0,2880,240,71,1,n71-1,11.0,8.902344
11.0,0.25,11.0,0.25,2880,60,71,2,n73-1,11.0,8.902344
11.25,0.75,11.25,0.75,2940,180,75,2,n74-1,11.0,8.902344
11.5,0.25,11.5,0.25,3000,60,54,5,n79-1,11.0,8.902344
11.75,0.25,11.75,0.25,3060,60,66,5,n80-1,11.0,8.902344
12.0,0.25,12.0,0.25,3120,60,76,2,n83-1,12.0,9.514323
12.0,1.0,12.0,1.0,3120,240,76,1,n81-1,12.0,9.514323
12.25,0.75,12.25,0.75,3180,180,71,2,n84-1,12.0,9.514323
12.5,0.25,12.5,0.25,3240,60,68,5,n89-1,12.0,9.514323
12.75,0.25,12.75,0.25,3300,60,56,5,n90-1,12.0,9.514323
13.0,0.25,13.0,0.25,3360,60,68,2,n85-1,13.0,10.1536455
13.0,1.0,13.0,1.0,3360,240,71,1,n82-1,13.0,10.1536455
13.0,0.25,13.0,0.25,3360,60,71,2,n86-1,13.0,10.1536455
13.25,0.75,13.25,0.75,3420,180,80,2,n87-1,13.0,10.1536455
13.5,0.25,13.5,0.25,3480,60,52,5,n92-1,13.0,10.1536455
13.75,0.25,13.75,0.25,3540,60,64,5,n93-1,13.0,10.1536455
14.0,0.25,14.0,0.25,3600,60,78,2,n97-1,14.0,10.817708
14.0,1.0,14.0,1.0,3600,240,78,1,n94-1,14.0,10.817708
14.25,0.75,14.25,0.75,3660,180,71,2,n98-1,14.0,10.817708
14.25,0.75,14.25,0.75,3660,180,75,2,n99-1,14.0,10.817708
14.5,0.25,14.5,0.25,3720,60,66,5,n103-1,14.0,10.817708
14.75,0.25,14.75,0.25,3780,60,54,5,n104-1,14.0,10.817708
15.0,1.0,15.0,1.0,3840,240,70,2,n100-1,15.0,11.532552
15.0,1.0,15.0,1.0,3840,240,73,2,n101-1,15.0,11.532552
15.0,0.25,15.0,0.25,3840,60,73,1,n95-1,15.0,11.532552
15.25,0.75,15.25,0.75,3900,180,82,1,n96-1,15.0,11.532552
15.5,0.25,15.5,0.25,3960,60,42,5,n106-1,15.0,11.532552
15.75,0.25,15.75,0.25,4020,60,54,5,n107-1,15.0,11.532552
16.0,1.5,16.0,1.5,4080,360,69,1,n112-1,16.0,12.511719
16.0,0.0,16.0,0.0,4080,0,69,1,n108-1,16.0,12.511719
16.0,1.5,16.0,1.5,4080,360,72,1,n113-1,16.0,12.511719
16.0,0.0,16.0,0.0,4080,0,72,1,n109-1,16.0,12.511719
16.0,0.0,16.0,0.0,4080,0,75,1,n110-1,16.0,12.511719
16.0,1.5,16.0,1.5,4080,360,75,1,n114-1,16.0,12.511719
16.0,1.5,16.0,1.5,4080,360,78,1,n115-1,16.0,12.511719
16.0,0.0,16.0,0.0,4080,0,78,1,n111-1,16.0,12.511719
16.0,1.5,16.0,1.5,4080,360,81,1,n116-1,16.0,12.511719
16.5,0.5,16.5,0.5,4200,120,54,6,n148-1,16.0,12.511719
16.5,0.5,16.5,0.5,4200,120,58,6,n149-1,16.0,12.511719
16.5,0.5,16.5,0.5,4200,120,59,6,n150-1,16.0,12.511719
16.5,0.25,16.5,0.25,4200,60,63,5,n134-1,16.0,12.511719
16.75,0.25,16.75,0.25,4260,60,64,5,n135-1,16.0,12.511719
17.0,0.25,17.0,0.25,4320,60,66,5,n136-1,17.0,15.666667
17.25,0.25,17.25,0.25,4380,60,68,5,n137-1,17.0,15.666667
17.5,0.5,17.5,0.5,4440,120,60,6,n151-1,17.0,15.666667
17.5,0.5,17.5,0.5,4440,120,63,6,n152-1,17.0,15.666667
17.5,0.5,17.5,0.5,4440,120,69,5,n138-1,17.0,15.666667
17.5,0.25,17.5,0.25,4440,60,80,1,n122-1,17.0,15.666667
17.75,0.25,17.75,0.25,4500,60,78,1,n123-1,17.0,15.666667
18.0,0.25,18.0,0.25,4560,60,61,5,n139-1,18.0,18.175781
18.0,0.25,18.0,0.25,4560,60,64,5,n140-1,18.0,18.175781
18.0,0.25,18.0,0.25,4560,60,68,5,n141-1,18.0,18.175781
18.0,0.25,18.0,0.25,4560,60,73,1,n124-1,18.0,18.175781
18.0,0.25,18.0,0.25,4560,60,76,1,n125-1,18.0,18.175781
18.25,0.25,18.25,0.25,4620,60,66,5,n142-1,18.0,18.175781
18.25,0.25,18.25,0.25,4620,60,69,5,n143-1,18.0,18.175781
18.25,0.25,18.25,0.25,4620,60,72,1,n126-1,18.0,18.175781
18.25,0.25,18.25,0.25,4620,60,75,1,n127-1,18.0,18.175781
18.5,0.25,18.5,0.25,4680,60,64,5,n144-1,18.0,18.175781
18.5,0.25,18.5,0.25,4680,60,68,5,n145-1,18.0,18.175781
18.5,0.25,18.5,0.25,4680,60,73,1,n128-1,18.0,18.175781
18.5,0.25,18.5,0.25,4680,60,76,1,n129-1,18.0,18.175781
18.75,0.25,18.75,0.25,4740,60,63,5,n146-1,18.0,18.175781
18.75,0.25,18.75,0.25,4740,60,66,5,n147-1,18.0,18.175781
18.75,0.25,18.75,0.25,4740,60,68,1,n130-1,18.0,18.175781
18.75,0.25,18.75,0.25,4740,60,72,1,n131-1,18.0,18.175781
18.75,0.25,18.75,0.25,4740,60,78,1,n132-1,18.0,18.175781
19.0,0.5,19.0,0.5,4800,120,79,1,n153-1,19.0,20.223957
19.25,0.25,19.25,0.25,4860,60,52,5,n177-1,19.0,20.223957
19.5,0.5,19.5,0.5,4920,120,52,6,n190-1,19.0,20.223957
19.5,0.5,19.5,0.5,4920,120,56,6,n191-1,19.0,20.223957
19.5,0.25,19.5,0.25,4920,60,61,5,n178-1,19.0,20.223957
19.5,1.0,19.5,1.0,4920,240,68,1,n154-1,19.0,20.223957
19.5,1.0,19.5,1.0,4920,240,73,1,n155-1,19.0,20.223957
19.5,1.0,19.5,1.0,4920,240,76,1,n156-1,19.0,20.223957
19.5,1.0,19.5,1.0,4920,240,80,1,n157-1,19.0,20.223957
19.75,0.25,19.75,0.25,4980,60,63,5,n179-1,19.0,20.223957
20.0,0.25,20.0,0.25,5040,60,64,5,n180-1,20.0,22.429688
20.25,0.25,20.25,0.25,5100,60,66,5,n181-1,20.0,22.429688
20.5,0.5,20.5,0.5,5160,120,58,6,n193-1,20.0,22.429688
20.5,0.5,20.5,0.5,5160,120,67,5,n182-1,20.0,22.429688
20.5,0.5,20.5,0.5,5160,120,73,2,n175-1,20.0,22.429688
20.5,0.25,20.5,0.25,5160,60,78,1,n162-1,20.0,22.429688
20.75,0.25,20.75,0.25,5220,60,76,1,n163-1,20.0,22.429688
21.0,0.25,21.0,0.25,5280,60,59,5,n183-1,21.0,25.0625
21.0,0.25,21.0,0.25,5280,60,63,5,n184-1,21.0,25.0625
21.0,0.25,21.0,0.25,5280,60,66,1,n164-1,21.0,25.0625
21.0,0.25,21.0,0.25,5280,60,75,1,n165-1,21.0,25.0625
21.25,0.25,21.25,0.25,5340,60,58,5,n185-1,21.0,25.0625
21.25,0.25,21.25,0.25,5340,60,61,5,n186-1,21.0,25.0625
21.25,0.25,21.25,0.25,5340,60,64,1,n166-1,21.0,25.0625
21.25,0.25,21.25,0.25,5340,60,66,1,n167-1,21.0,25.0625
21.25,0.25,21.25,0.25,5340,60,73,1,n168-1,21.0,25.0625
21.5,0.25,21.5,0.25,5400,60,59,5,n187-1,21.0,25.0625
21.5,0.25,21.5,0.25,5400,60,63,1,n169-1,21.0,25.0625
21.5,0.25,21.5,0.25,5400,60,66,1,n170-1,21.0,25.0625
21.5,0.25,21.5,0.25,5400,60,75,1,n171-1,21.0,25.0625
21.75,0.25,21.75,0.25,5460,60,56,5,n188-1,21.0,25.0625
21.75,0.25,21.75,0.25,5460,60,59,5,n189-1,21.0,25.0625
21.75,0.25,21.75,0.25,5460,60,64,1,n172-1,21.0,25.0625
21.75,0.25,21.75,0.25,5460,60,71,1,n173-1,21.0,25.0625
21.75,0.25,21.75,0.25,5460,60,76,1,n174-1,21.0,25.0625
22.0,0.5,22.0,0.5,5520,120,51,5,n210-1,22.0,27.229168
22.0,0.5,22.0,0.5,5520,120,59,5,n211-1,22.0,27.229168
22.0,0.25,22.0,0.25,5520,60,78,1,n194-1,22.0,27.229168
22.25,0.25,22.25,0.25,5580,60,71,1,n195-1,22.0,27.229168
22.5,0.5,22.5,0.5,5640,120,56,5,n212-1,22.0,27.229168
22.5,0.5,22.5,0.5,5640,120,59,5,n213-1,22.0,27.229168
22.5,0.25,22.5,0.25,5640,60,78,1,n196-1,22.0,27.229168
22.75,0.25,22.75,0.25,5700,60,76,1,n197-1,22.0,27.229168
23.0,0.5,23.0,0.5,5760,120,54,5,n214-1,23.0,29.372396
23.0,0.5,23.0,0.5,5760,120,59,5,n215-1,23.0,29.372396
23.0,1.0,23.0,1.0,5760,240,75,1,n198-1,23.0,29.372396
23.5,0.5,23.5,0.5,5880,120,54,5,n216-1,23.0,29.372396
23.5,0.5,23.5,0.5,5880,120,59,5,n217-1,23.0,29.372396
23.5,0.5,23.5,0.5,5880,120,63,5,n218-1,23.0,29.372396
24.0,0.5,24.0,0.5,6000,120,54,5,n219-1,24.0,31.769531
24.0,0.5,24.0,0.5,6000,120,58,5,n220-1,24.0,31.769531
24.0,0.5,24.0,0.5,6000,120,61,5,n221-1,24.0,31.769531
24.0,0.1,24.0,0.1,6000,24,73,1,n199-1,24.0,31.769531
24.1,0.1,24.1,0.1,6024,24,75,1,n200-1,24.0,31.769531
24.2,0.1,24.2,0.1,6048,24,73,1,n201-1,24.0,31.769531
24.3,0.1,24.3,0.1,6072,24,72,1,n202-1,24.0,31.769531
24.4,0.1,24.4,0.1,6096,24,73,1,n203-1,24.0,31.769531
24.5,0.5,24.5,0.5,6120,120,54,5,n222-1,24.0,31.769531
24.5,0.5,24.5,0.5,6120,120,57,5,n223-1,24.0,31.769531
24.5,0.5,24.5,0.5,6120,120,60,5,n224-1,24.0,31.769531
24.5,0.5,24.5,0.5,6120,120,63,5,n225-1,24.0,31.769531
24.5,0.083333336,24.5,0.083333336,6120,20,75,1,n204-1,24.0,31.769531
24.583334,0.083333336,24.583334,0.083333336,6140,20,76,1,n205-1,24.0,31.769531
24.666666,0.083333336,24.666666,0.083333336,6160,20,77,1,n206-1,24.0,31.769531
24.75,0.083333336,24.75,0.083333336,6180,20,78,1,n207-1,24.0,31.769531
24.833334,0.083333336,24.833334,0.083333336,6200,20,79,1,n208-1,24.0,31.769531
24.916666,0.083333336,24.916666,0.083333336,6220,20,80,1,n209-1,24.0,31.769531
25.0,2.5,25.0,2.5,6240,600,30,5,n256-1,25.0,33.509113
25.0,2.5,25.0,2.5,6240,600,42,5,n257-1,25.0,33.509113
25.0,0.125,25.0,0.125,6240,30,81,1,n226-1,25.0,33.509113
25.125,0.125,25.125,0.125,6270,30,93,1,n227-1,25.0,33.509113
25.25,0.125,25.25,0.125,6300,30,87,1,n228-1,25.0,33.509113
25.375,0.125,25.375,0.125,6330,30,84,1,n229-1,25.0,33.509113
25.5,0.125,25.5,0.125,6360,30,81,1,n230-1,25.0,33.509113
25.625,0.125,25.625,0.125,6390,30,75,1,n231-1,25.0,33.509113
25.75,0.125,25.75,0.125,6420,30,72,1,n232-1,25.0,33.509113
25.875,0.125,25.875,0.125,6450,30,69,1,n233-1,25.0,33.509113
26.0,0.125,26.0,0.125,6480,30,63,1,n234-1,26.0,35.14323
26.125,0.125,26.125,0.125,6510,30,60,1,n235-1,26.0,35.14323
26.25,0.125,26.25,0.125,6540,30,57,1,n236-1,26.0,35.14323
26.375,0.125,26.375,0.125,6570,30,51,1,n237-1,26.0,35.14323
26.5,0.083333336,26.5,0.083333336,6600,20,48,1,n238-1,26.0,35.14323
26.583334,0.083333336,26.583334,0.083333336,6620,20,45,1,n239-1,26.0,35.14323
26.666666,0.083333336,26.666666,0.083333336,6640,20,48,1,n240-1,26.0,35.14323
26.75,0.083333336,26.75,0.083333336,6660,20,51,1,n241-1,26.0,35.14323
26.833334,0.083333336,26.833334,0.083333336,6680,20,57,1,n242-1,26.0,35.14323
26.916666,0.083333336,26.916666,0.083333336,6700,20,60,1,n243-1,26.0,35.14323
27.0,0.0625,27.0,0.0625,6720,15,63,1,n244-1,27.0,36.23047
27.0625,0.0625,27.0625,0.0625,6735,15,69,1,n245-1,27.0,36.23047
27.125,0.0625,27.125,0.0625,6750,15,72,1,n246-1,27.0,36.23047
27.1875,0.0625,27.1875,0.0625,6765,15,75,1,n247-1,27.0,36.23047
27.25,0.0625,27.25,0.0625,6780,15,81,1,n248-1,27.0,36.23047
27.3125,0.0625,27.3125,0.0625,6795,15,84,1,n249-1,27.0,36.23047
27.375,0.0625,27.375,0.0625,6810,15,87,1,n250-1,27.0,36.23047
27.4375,0.0625,27.4375,0.0625,6825,15,93,1,n251-1,27.0,36.23047
27.5,0.25,27.5,0.25,6840,60,29,5,n260-1,27.0,36.23047
27.5,0.25,27.5,0.25,6840,60,41,5,n261-1,27.0,36.23047
27.5,0.25,27.5,0.25,6840,60,80,1,n252-1,27.0,36.23047
27.5,0.25,27.5,0.25,6840,60,92,1,n253-1,27.0,36.23047
27.75,0.25,27.75,0.25,6900,60,27,5,n262-1,27.0,36.23047
27.75,0.25,27.75,0.25,6900,60,39,5,n263-1,27.0,36.23047
27.75,0.25,27.75,0.25,6900,60,79,1,n254-1,27.0,36.23047
27.75,0.25,27.75,0.25,6900,60,91,1,n255-1,27.0,36.23047
28.0,1.0,28.0,1.0,6960,240,27,5,n295-1,28.0,38.660156
28.0,1.0,28.0,1.0,6960,240,39,5,n296-1,28.0,38.660156
28.0,0.083333336,28.0,0.083333336,6960,20,91,1,n264-1,28.0,38.660156
28.083334,0.083333336,28.083334,0.083333336,6980,20,87,1,n265-1,28.0,38.660156
28.166666,0.083333336,28.166666,0.083333336,7000,20,82,1,n266-1,28.0,38.660156
28.25,0.083333336,28.25,0.083333336,7020,20,79,1,n267-1,28.0,38.660156
28.333334,0.083333336,28.333334,0.083333336,7040,20,75,1,n268-1,28.0,38.660156
28.416666,0.083333336,28.416666,0.083333336,7060,20,70,1,n269-1,28.0,38.660156
28.5,0.083333336,28.5,0.083333336,7080,20,67,1,n270-1,28.0,38.660156
28.583334,0.083333336,28.583334,0.083333336,7100,20,63,1,n271-1,28.0,38.660156
28.666666,0.083333336,28.666666,0.083333336,7120,20,58,1,n272-1,28.0,38.660156
28.75,0.083333336,28.75,0.083333336,7140,20,55,1,n273-1,28.0,38.660156
28.833334,0.083333336,28.833334,0.083333336,7160,20,51,1,n274-1,28.0,38.660156
28.916666,0.083333336,28.916666,0.083333336,7180,20,46,1,n275-1,28.0,38.660156
29.0,0.0625,29.0,0.0625,7200,15,39,5,n297-1,29.0,40.4388
29.0625,0.0625,29.0625,0.0625,7215,15,43,5,n298-1,29.0,40.4388
29.125,0.0625,29.125,0.0625,7230,15,46,5,n299-1,29.0,40.4388
29.1875,0.0625,29.1875,0.0625,7245,15,51,5,n300-1,29.0,40.4388
29.25,0.0625,29.25,0.0625,7260,15,55,1,n277-1,29.0,40.4388
29.3125,0.0625,29.3125,0.0625,7275,15,58,1,n278-1,29.0,40.4388
29.375,0.0625,29.375,0.0625,7290,15,63,1,n279-1,29.0,40.4388
29.4375,0.0625,29.4375,0.0625,7305,15,67,1,n280-1,29.0,40.4388
29.5,0.0625,29.5,0.0625,7320,15,51,5,n301-1,29.0,40.4388
29.5625,0.0625,29.5625,0.0625,7335,15,55,5,n302-1,29.0,40.4388
29.625,0.0625,29.625,0.0625,7350,15,58,5,n303-1,29.0,40.4388
29.6875,0.0625,29.6875,0.0625,7365,15,63,5,n304-1,29.0,40.4388
29.75,0.0625,29.75,0.0625,7380,15,67,1,n282-1,29.0,40.4388
29.8125,0.0625,29.8125,0.0625,7395,15,70,1,n283-1,29.0,40.4388
29.875,0.0625,29.875,0.0625,7410,15,75,1,n284-1,29.0,40.4388
29.9375,0.0625,29.9375,0.0625,7425,15,79,1,n285-1,29.0,40.4388
30.0,0.0625,30.0,0.0625,7440,15,63,5,n306-1,30.0,41.95052
30.0625,0.0625,30.0625,0.0625,7455,15,67,5,n307-1,30.0,41.95052
30.125,0.0625,30.125,0.0625,7470,15,70,5,n308-1,30.0,41.95052
30.1875,0.0625,30.1875,0.0625,7485,15,75,5,n309-1,30.0,41.95052
30.25,0.0625,30.25,0.0625,7500,15,79,1,n287-1,30.0,41.95052
30.3125,0.0625,30.3125,0.0625,7515,15,82,1,n288-1,30.0,41.95052
30.375,0.0625,30.375,0.0625,7530,15,87,1,n289-1,30.0,41.95052
30.4375,0.0625,30.4375,0.0625,7545,15,91,1,n290-1,30.0,41.95052
30.5,0.25,30.5,0.25,7560,60,39,5,n311-1,30.0,41.95052
30.5,0.25,30.5,0.25,7560,60,46,5,n312-1,30.0,41.95052
30.5,0.25,30.5,0.25,7560,60,51,5,n313-1,30.0,41.95052
30.5,0.25,30.5,0.25,7560,60,79,1,n291-1,30.0,41.95052
30.5,0.25,30.5,0.25,7560,60,91,1,n292-1,30.0,41.95052
30.75,0.25,30.75,0.25,7620,60,39,5,n314-1,30.0,41.95052
30.75,0.25,30.75,0.25,7620,60,47,5,n315-1,30.0,41.95052
30.75,0.25,30.75,0.25,7620,60,51,5,n316-1,30.0,41.95052
30.75,0.25,30.75,0.25,7620,60,78,1,n293-1,30.0,41.95052
30.75,0.25,30.75,0.25,7620,60,90,1,n294-1,30.0,41.95052
31.0,0.25,31.0,0.25,7680,60,39,5,n348-1,31.0,45.035156
31.0,0.25,31.0,0.25,7680,60,47,5,n349-1,31.0,45.035156
31.0,0.25,31.0,0.25,7680,60,51,5,n350-1,31.0,45.035156
31.0,0.125,31.0,0.125,7680,30,78,1,n317-1,31.0,45.035156
31.0,0.125,31.0,0.125,7680,30,90,1,n318-1,31.0,45.035156
31.125,0.125,31.125,0.125,7710,30,83,1,n319-1,31.0,45.035156
31.25,0.25,31.25,0.25,7740,60,51,5,n351-1,31.0,45.035156
31.25,0.25,31.25,0.25,7740,60,59,5,n352-1,31.0,45.035156
31.25,0.125,31.25,0.125,7740,30,82,1,n320-1,31.0,45.035156
31.375,0.125,31.375,0.125,7770,30,83,1,n321-1,31.0,45.035156
31.5,0.125,31.5,0.125,7800,30,82,1,n322-1,31.0,45.035156
31.625,0.125,31.625,0.125,7830,30,83,1,n323-1,31.0,45.035156
31.75,0.25,31.75,0.25,7860,60,56,5,n354-1,31.0,45.035156
31.75,0.25,31.75,0.25,7860,60,59,5,n355-1,31.0,45.035156
31.75,0.25,31.75,0.25,7860,60,64,5,n356-1,31.0,45.035156
31.75,0.125,31.75,0.125,7860,30,90,1,n324-1,31.0,45.035156
31.875,0.125,31.875,0.125,7890,30,88,1,n325-1,31.0,45.035156
32.0,0.125,32.0,0.125,7920,30,87,1,n326-1,32.0,47.66927
32.125,0.125,32.125,0.125,7950,30,94,1,n327-1,32.0,47.66927
32.25,0.25,32.25,0.25,7980,60,54,5,n358-1,32.2,54.502605
32.25,0.25,32.25,0.25,7980,60,59,5,n359-1,32.2,54.502605
32.25,0.25,32.25,0.25,7980,60,63,5,n360-1,32.2,54.502605
32.25,0.125,32.25,0.125,7980,30,95,1,n328-1,32.2,54.502605
32.375,0.125,32.375,0.125,8010,30,94,1,n329-1,32.2,54.502605
32.5,0.083333336,32.5,0.083333336,8040,20,87,5,n361-1,32.2,54.502605
32.5,0.083333336,32.5,0.083333336,8040,20,95,1,n330-1,32.2,54.502605
32.583332,0.083333336,32.583332,0.083333336,8060,20,85,5,n362-1,32.2,54.502605
32.583332,0.083333336,32.583332,0.083333336,8060,20,94,1,n331-1,32.2,54.502605
32.666668,0.083333336,32.666668,0.083333336,8080,20,82,5,n363-1,32.2,54.502605
32.666668,0.083333336,32.666668,0.083333336,8080,20,90,1,n332-1,32.2,54.502605
32.75,0.083333336,32.75,0.083333336,8100,20,85,5,n364-1,32.2,54.502605
32.75,0.083333336,32.75,0.083333336,8100,20,94,1,n333-1,32.2,54.502605
32.833332,0.083333336,32.833332,0.083333336,8120,20,83,5,n365-1,32.2,54.502605
32.833332,0.083333336,32.833332,0.083333336,8120,20,92,1,n334-1,32.2,54.502605
32.916668,0.083333336,32.916668,0.083333336,8140,20,80,5,n366-1,32.2,54.502605
32.916668,0.083333336,32.916668,0.083333336,8140,20,88,1,n335-1,32.2,54.502605
33.0,0.083333336,33.0,0.083333336,8160,20,83,5,n367-1,32.2,54.502605
33.0,0.083333336,33.0,0.083333336,8160,20,92,1,n336-1,32.2,54.502605
33.083332,0.083333336,33.083332,0.083333336,8180,20,82,5,n368-1,32.2,54.502605
33.083332,0.083333336,33.083332,0.083333336,8180,20,90,1,n337-1,32.2,54.502605
33.166668,0.083333336,33.166668,0.083333336,8200,20,78,5,n369-1,32.2,54.502605
33.166668,0.083333336,33.166668,0.083333336,8200,20,87,1,n338-1,32.2,54.502605
33.25,0.083333336,33.25,0.083333336,8220,20,82,5,n370-1,32.2,54.502605
33.25,0.083333336,33.25,0.083333336,8220,20,90,1,n339-1,32.2,54.502605
33.333332,0.083333336,33.333332,0.083333336,8240,20,80,5,n371-1,32.2,54.502605
33.333332,0.083333336,33.333332,0.083333336,8240,20,88,1,n340-1,32.2,54.502605
33.416668,0.083333336,33.416668,0.083333336,8260,20,76,5,n372-1,33.4,56.059895
33.416668,0.083333336,33.416668,0.083333336,8260,20,85,1,n341-1,33.4,56.059895
33.5,0.083333336,33.5,0.083333336,8280,20,80,5,n373-1,33.4,56.059895
33.5,0.083333336,33.5,0.083333336,8280,20,88,1,n342-1,33.4,56.059895
33.583332,0.083333336,33.583332,0.083333336,8300,20,78,5,n374-1,33.4,56.059895
33.583332,0.083333336,33.583332,0.083333336,8300,20,87,1,n343-1,33.4,56.059895
33.666668,0.083333336,33.666668,0.083333336,8320,20,75,5,n375-1,33.4,56.059895
33.666668,0.083333336,33.666668,0.083333336,8320,20,83,1,n344-1,33.4,56.059895
33.75,0.083333336,33.75,0.083333336,8340,20,78,5,n376-1,33.4,56.059895
33.75,0.083333336,33.75,0.083333336,8340,20,87,1,n345-1,33.4,56.059895
33.833332,0.083333336,33.833332,0.083333336,8360,20,76,5,n377-1,33.4,56.059895
33.833332,0.083333336,33.833332,0.083333336,8360,20,85,1,n346-1,33.4,56.059895
33.916668,0.083333336,33.916668,0.083333336,8380,20,73,5,n378-1,33.4,56.059895
33.916668,0.083333336,33.916668,0.083333336,8380,20,82,1,n347-1,33.4,56.059895
34.0,0.25,34.0,0.25,8400,60,71,5,n423-1,33.4,56.059895
34.0,0.25,34.0,0.25,8400,60,75,5,n424-1,33.4,56.059895
34.0,0.083333336,34.0,0.083333336,8400,20,83,1,n379-1,33.4,56.059895
34.083332,0.083333336,34.083332,0.083333336,8420,20,82,1,n380-1,33.4,56.059895
34.166668,0.083333336,34.166668,0.083333336,8440,20,80,1,n381-1,33.4,56.059895
34.25,0.25,34.25,0.25,8460,60,54,5,n425-1,33.4,56.059895
34.25,0.083333336,34.25,0.083333336,8460,20,78,1,n382-1,33.4,56.059895
34.333332,0.083333336,34.333332,0.083333336,8480,20,76,1,n383-1,33.4,56.059895
34.416668,0.083333336,34.416668,0.083333336,8500,20,75,1,n384-1,33.4,56.059895
34.5,0.25,34.5,0.25,8520,60,56,5,n426-1,33.4,56.059895
34.5,0.083333336,34.5,0.083333336,8520,20,73,1,n385-1,33.4,56.059895
34.583332,0.083333336,34.583332,0.083333336,8540,20,71,1,n386-1,33.4,56.059895
34.666668,0.083333336,34.666668,0.083333336,8560,20,70,1,n387-1,34.6,57.020832
34.75,0.25,34.75,0.25,8580,60,58,5,n427-1,34.6,57.020832
34.75,0.083333336,34.75,0.083333336,8580,20,68,1,n388-1,34.6,57.020832
34.833332,0.083333336,34.833332,0.083333336,8600,20,66,1,n389-1,34.6,57.020832
34.916668,0.083333336,34.916668,0.083333336,8620,20,64,1,n390-1,34.6,57.020832
35.0,0.25,35.0,0.25,8640,60,59,5,n428-1,34.6,57.020832
35.0,0.083333336,35.0,0.083333336,8640,20,63,1,n391-1,34.6,57.020832
35.083332,0.083333336,35.083332,0.083333336,8660,20,61,1,n392-1,34.6,57.020832
35.166668,0.083333336,35.166668,0.083333336,8680,20,59,1,n393-1,34.6,57.020832
35.25,0.083333336,35.25,0.083333336,8700,20,58,1,n394-1,34.6,57.020832
35.333332,0.083333336,35.333332,0.083333336,8720,20,56,1,n395-1,34.6,57.020832
35.416668,0.083333336,35.416668,0.083333336,8740,20,54,1,n396-1,34.6,57.020832
35.5,0.25,35.5,0.25,8760,60,35,5,n429-1,34.6,57.020832
35.5,0.083333336,35.5,0.083333336,8760,20,52,1,n397-1,34.6,57.020832
35.583332,0.083333336,35.583332,0.083333336,8780,20,51,1,n398-1,34.6,57.020832
35.666668,0.083333336,35.666668,0.083333336,8800,20,49,1,n399-1,34.6,57.020832
35.75,0.083333336,35.75,0.083333336,8820,20,47,1,n400-1,34.6,57.020832
35.833332,0.083333336,35.833332,0.083333336,8840,20,46,1,n401-1,35.8,58.46419
35.916668,0.083333336,35.916668,0.083333336,8860,20,47,1,n402-1,35.8,58.46419
36.0,0.083333336,36.0,0.083333336,8880,20,49,1,n403-1,35.8,58.46419
36.083332,0.083333336,36.083332,0.083333336,8900,20,51,1,n404-1,35.8,58.46419
36.166668,0.083333336,36.166668,0.083333336,8920,20,52,1,n405-1,35.8,58.46419
36.25,0.083333336,36.25,0.083333336,8940,20,54,1,n406-1,35.8,58.46419
36.333332,0.083333336,36.333332,0.083333336,8960,20,56,1,n407-1,35.8,58.46419
36.416668,0.083333336,36.416668,0.083333336,8980,20,58,1,n408-1,35.8,58.46419
36.5,0.083333336,36.5,0.083333336,9000,20,59,1,n409-1,35.8,58.46419
36.583332,0.083333336,36.583332,0.083333336,9020,20,61,1,n410-1,35.8,58.46419
36.666668,0.083333336,36.666668,0.083333336,9040,20,63,1,n411-1,35.8,58.46419
36.75,0.083333336,36.75,0.083333336,9060,20,64,1,n412-1,35.8,58.46419
36.833332,0.083333336,36.833332,0.083333336,9080,20,66,1,n413-1,35.8,58.46419
36.916668,0.083333336,36.916668,0.083333336,9100,20,68,1,n414-1,35.8,58.46419
37.0,0.25,37.0,0.25,9120,60,70,1,n415-1,35.8,58.46419
37.25,0.25,37.25,0.25,9180,60,71,1,n416-1,35.8,58.46419
37.5,0.25,37.5,0.25,9240,60,73,1,n417-1,35.8,58.46419
37.75,0.25,37.75,0.25,9300,60,75,1,n418-1,35.8,58.46419
38.0,0.25,38.0,0.25,9360,60,76,1,n419-1,35.8,58.46419
38.25,0.25,38.25,0.25,9420,60,78,1,n420-1,35.8,58.46419
38.5,0.25,38.5,0.25,9480,60,80,1,n421-1,35.8,58.46419
38.75,0.25,38.75,0.25,9540,60,82,1,n422-1,35.8,58.46419
39.0,0.25,39.0,0.25,9600,60,63,6,n435-1,35.8,58.46419
39.0,1.0,39.0,1.0,9600,240,63,5,n434-1,35.8,58.46419
39.0,0.5,39.0,0.5,9600,120,83,1,n431-1,35.8,58.46419
39.25,0.75,39.25,0.75,9660,180,66,6,n436-1,35.8,58.46419
39.5,0.25,39.5,0.25,9720,60,71,1,n432-1,35.8,58.46419
39.75,0.25,39.75,0.25,9780,60,78,1,n433-1,35.8,58.46419
40.0,1.0,40.0,1.0,9840,240,66,5,n443-1,40.0,59.46224
40.0,0.25,40.0,0.25,9840,60,66,6,n445-1,40.0,59.46224
40.25,0.75,40.25,0.75,9900,180,61,6,n446-1,40.0,59.46224
40.5,0.25,40.5,0.25,9960,60,71,1,n438-1,40.0,59.46224
40.75,0.25,40.75,0.25,10020,60,70,1,n439-1,40.0,59.46224
41.0,0.25,41.0,0.25,10080,60,64,6,n447-1,41.0,60.161457
41.0,1.0,41.0,1.0,10080,240,64,5,n444-1,41.0,60.161457
41.25,0.75,41.25,0.75,10140,180,68,6,n448-1,41.0,60.161457
41.5,0.25,41.5,0.25,10200,60,73,1,n441-1,41.0,60.161457
41.75,0.25,41.75,0.25,10260,60,80,1,n442-1,41.0,60.161457
42.0,1.0,42.0,1.0,10320,240,68,5,n456-1,42.0,60.78255
42.0,0.25,42.0,0.25,10320,60,68,6,n459-1,42.0,60.78255
42.25,0.75,42.25,0.75,10380,180,63,6,n460-1,42.0,60.78255
42.5,0.25,42.5,0.25,10440,60,73,1,n450-1,42.0,60.78255
42.75,0.25,42.75,0.25,10500,60,72,1,n451-1,42.0,60.78255
43.0,1.0,43.0,1.0,10560,240,66,6,n461-1,43.0,61.377605
43.0,0.25,43.0,0.25,10560,60,66,5,n457-1,43.0,61.377605
43.25,0.75,43.25,0.75,10620,180,69,5,n458-1,43.0,61.377605
43.5,0.25,43.5,0.25,10680,60,72,1,n453-1,43.0,61.377605
43.5,0.25,43.5,0.25,10680,60,75,1,n454-1,43.0,61.377605
43.75,0.25,43.75,0.25,10740,60,84,1,n455-1,43.0,61.377605
44.0,0.25,44.0,0.25,10800,60,64,5,n469-1,44.0,62.005207
44.0,1.0,44.0,1.0,10800,240,64,6,n473-1,44.0,62.005207
44.25,0.75,44.25,0.75,10860,180,68,5,n470-1,44.0,62.005207
44.5,0.25,44.5,0.25,10920,60,73,1,n463-1,44.0,62.005207
44.5,0.25,44.5,0.25,10920,60,76,1,n464-1,44.0,62.005207
44.75,0.25,44.75,0.25,10980,60,85,1,n465-1,44.0,62.005207
45.0,1.0,45.0,1.0,11040,240,63,6,n474-1,45.0,62.608723
45.0,0.25,45.0,0.25,11040,60,63,5,n471-1,45.0,62.608723
45.25,0.75,45.25,0.75,11100,180,68,5,n472-1,45.0,62.608723
45.5,0.25,45.5,0.25,11160,60,84,1,n467-1,45.0,62.608723
45.75,0.25,45.75,0.25,11220,60,87,1,n468-1,45.0,62.608723
46.0,1.0,46.0,1.0,11280,240,61,6,n486-1,46.0,63.209637
46.0,0.25,46.0,0.25,11280,60,64,5,n482-1,46.0,63.209637
46.25,0.75,46.25,0.75,11340,180,68,5,n483-1,46.0,63.209637
46.5,0.25,46.5,0.25,11400,60,80,1,n476-1,46.0,63.209637
46.75,0.25,46.75,0.25,11460,60,88,1,n477-1,46.0,63.209637
47.0,1.0,47.0,1.0,11520,240,60,6,n487-1,47.0,63.844402
47.0,0.25,47.0,0.25,11520,60,63,5,n484-1,47.0,63.844402
47.25,0.75,47.25,0.75,11580,180,68,5,n485-1,47.0,63.844402
47.5,0.25,47.5,0.25,11640,60,78,1,n479-1,47.0,63.844402
47.5,0.25,47.5,0.25,11640,60,87,1,n480-1,47.0,63.844402
47.75,0.25,47.75,0.25,11700,60,80,1,n481-1,47.0,63.844402
48.0,1.0,48.0,1.0,11760,240,61,6,n500-1,48.0,64.47396
48.0,0.25,48.0,0.25,11760,60,64,5,n496-1,48.0,64.47396
48.25,0.75,48.25,0.75,11820,180,68,5,n497-1,48.0,64.47396
48.5,0.25,48.5,0.25,11880,60,76,1,n489-1,48.0,64.47396
48.5,0.25,48.5,0.25,11880,60,80,1,n490-1,48.0,64.47396
48.75,0.25,48.75,0.25,11940,60,88,1,n491-1,48.0,64.47396
49.0,1.0,49.0,1.0,12000,240,57,6,n501-1,49.0,65.12174
49.0,0.25,49.0,0.25,12000,60,61,5,n498-1,49.0,65.12174
49.25,0.75,49.25,0.75,12060,180,66,5,n499-1,49.0,65.12174
49.5,0.25,49.5,0.25,12120,60,78,1,n493-1,49.0,65.12174
49.5,0.25,49.5,0.25,12120,60,85,1,n494-1,49.0,65.12174
49.75,0.25,49.75,0.25,12180,60,90,1,n495-1,49.0,65.12174
50.0,1.0,50.0,1.0,12240,240,56,6,n515-1,50.0,65.87826
50.0,0.25,50.0,0.25,12240,60,63,5,n510-1,50.0,65.87826
50.25,0.75,50.25,0.75,12300,180,68,5,n511-1,50.0,65.87826
50.5,0.25,50.5,0.25,12360,60,80,1,n503-1,50.0,65.87826
50.5,0.25,50.5,0.25,12360,60,84,1,n504-1,50.0,65.87826
50.75,0.25,50.75,0.25,12420,60,92,1,n505-1,50.0,65.87826
51.0,1.0,51.0,1.0,12480,240,70,1,n506-1,51.0,66.978516
51.0,0.25,51.0,0.25,12480,60,70,2,n508-1,51.0,66.978516
51.0,1.0,51.0,1.0,12480,240,75,1,n507-1,51.0,66.978516
51.25,0.75,51.25,0.75,12540,180,63,2,n509-1,51.0,66.978516
51.5,0.25,51.5,0.25,12600,60,55,5,n513-1,51.0,66.978516
51.75,0.25,51.75,0.25,12660,60,58,5,n514-1,51.0,66.978516
52.0,1.0,52.0,1.0,12720,240,71,1,n516-1,52.0,67.74219
52.0,0.25,52.0,0.25,12720,60,71,2,n520-1,52.0,67.74219
52.0,1.0,52.0,1.0,12720,240,75,1,n517-1,52.0,67.74219
52.25,0.75,52.25,0.75,12780,180,63,2,n521-1,52.0,67.74219
52.5,0.25,52.5,0.25,12840,60,56,5,n525-1,52.0,67.74219
52.75,0.25,52.75,0.25,12900,60,59,5,n526-1,52.0,67.74219
53.0,1.0,53.0,1.0,12960,240,67,1,n518-1,53.0,68.367836
53.0,0.25,53.0,0.25,12960,60,67,2,n522-1,53.0,68.367836
53.0,1.0,53.0,1.0,12960,240,73,1,n519-1,53.0,68.367836
53.25,0.75,53.25,0.75,13020,180,63,2,n523-1,53.0,68.367836
53.5,0.25,53.5,0.25,13080,60,46,5,n528-1,53.0,68.367836
53.75,0.25,53.75,0.25,13140,60,49,5,n529-1,53.0,68.367836
54.0,1.0,54.0,1.0,13200,240,68,1,n530-1,54.0,68.98177
54.0,0.25,54.0,0.25,13200,60,68,2,n535-1,54.0,68.98177
54.0,1.0,54.0,1.0,13200,240,71,1,n531-1,54.0,68.98177
54.25,0.75,54.25,0.75,13260,180,63,2,n536-1,54.0,68.98177
54.5,0.25,54.5,0.25,13320,60,47,5,n540-1,54.0,68.98177
54.75,0.25,54.75,0.25,13380,60,51,5,n541-1,54.0,68.98177
55.0,0.25,55.0,0.25,13440,60,64,2,n537-1,55.0,69.57422
55.0,1.0,55.0,1.0,13440,240,64,1,n532-1,55.0,69.57422
55.0,1.0,55.0,1.0,13440,240,67,1,n533-1,55.0,69.57422
55.0,1.0,55.0,1.0,13440,240,70,1,n534-1,55.0,69.57422
55.25,0.75,55.25,0.75,13500,180,61,2,n538-1,55.0,69.57422
55.5,0.25,55.5,0.25,13560,60,49,5,n543-1,55.0,69.57422
55.75,0.25,55.75,0.25,13620,60,52,5,n544-1,55.0,69.57422
56.0,1.0,56.0,1.0,13680,240,65,1,n545-1,56.0,70.18099
56.0,0.25,56.0,0.25,13680,60,65,2,n551-1,56.0,70.18099
56.0,1.0,56.0,1.0,13680,240,68,1,n546-1,56.0,70.18099
56.0,1.0,56.0,1.0,13680,240,71,1,n547-1,56.0,70.18099
56.25,0.75,56.25,0.75,13740,180,59,2,n552-1,56.0,70.18099
56.5,0.25,56.5,0.25,13800,60,50,5,n556-1,56.0,70.18099
56.75,0.25,56.75,0.25,13860,60,53,5,n557-1,56.0,70.18099
57.0,0.25,57.0,0.25,13920,60,59,2,n553-1,57.0,70.78776
57.0,1.0,57.0,1.0,13920,240,59,1,n548-1,57.0,70.78776
57.0,1.0,57.0,1.0,13920,240,65,1,n549-1,57.0,70.78776
57.0,1.0,57.0,1.0,13920,240,68,1,n550-1,57.0,70.78776
57.25,0.75,57.25,0.75,13980,180,56,2,n554-1,57.0,70.78776
57.5,0.25,57.5,0.25,14040,60,38,5,n559-1,57.0,70.78776
57.75,0.25,57.75,0.25,14100,60,50,5,n560-1,57.0,70.78776
58.0,0.25,58.0,0.25,14160,60,58,2,n567-1,58.0,71.46224
58.0,1.0,58.0,1.0,14160,240,58,1,n561-1,58.0,71.46224
58.0,1.0,58.0,1.0,14160,240,63,1,n562-1,58.0,71.46224
58.0,1.0,58.0,1.0,14160,240,67,1,n563-1,58.0,71.46224
58.25,0.75,58.25,0.75,14220,180,55,2,n568-1,58.0,71.46224
58.5,0.25,58.5,0.25,14280,60,39,5,n572-1,58.0,71.46224
58.75,0.25,58.75,0.25,14340,60,51,5,n573-1,58.0,71.46224
59.0,0.25,59.0,0.25,14400,60,58,2,n569-1,59.0,72.1875
59.0,1.0,59.0,1.0,14400,240,58,1,n564-1,59.0,72.1875
59.0,1.0,59.0,1.0,14400,240,63,1,n565-1,59.0,72.1875
59.0,1.0,59.0,1.0,14400,240,67,1,n566-1,59.0,72.1875
59.25,0.75,59.25,0.75,14460,180,55,2,n570-1,59.0,72.1875
59.5,0.25,59.5,0.25,14520,60,39,5,n575-1,59.0,72.1875
59.75,0.25,59.75,0.25,14580,60,51,5,n576-1,59.0,72.1875
60.0,0.25,60.0,0.25,14640,60,59,2,n583-1,60.0,72.80469
60.0,1.0,60.0,1.0,14640,240,59,1,n577-1,60.0,72.80469
60.0,1.0,60.0,1.0,14640,240,63,1,n578-1,60.0,72.80469
60.0,1.0,60.0,1.0,14640,240,68,1,n579-1,60.0,72.80469
60.25,0.75,60.25,0.75,14700,180,56,2,n584-1,60.0,72.80469
60.5,0.25,60.5,0.25,14760,60,44,5,n588-1,60.0,72.80469
60.75,0.25,60.75,0.25,14820,60,51,5,n589-1,60.0,72.80469
61.0,0.25,61.0,0.25,14880,60,63,2,n585-1,61.0,73.41276
61.0,1.0,61.0,1.0,14880,240,63,1,n580-1,61.0,73.41276
61.0,1.0,61.0,1.0,14880,240,67,1,n581-1,61.0,73.41276
61.0,1.0,61.0,1.0,14880,240,70,1,n582-1,61.0,73.41276
61.25,0.75,61.25,0.75,14940,180,58,2,n586-1,61.0,73.41276
61.5,0.25,61.5,0.25,15000,60,39,5,n591-1,61.0,73.41276
61.75,0.25,61.75,0.25,15060,60,51,5,n592-1,61.0,73.41276
62.0,0.25,62.0,0.25,15120,60,63,2,n599-1,62.0,74.072914
62.0,1.0,62.0,1.0,15120,240,63,1,n593-1,62.0,74.072914
62.0,1.0,62.0,1.0,15120,240,68,1,n594-1,62.0,74.072914
62.0,1.0,62.0,1.0,15120,240,71,1,n595-1,62.0,74.072914
62.25,0.75,62.25,0.75,15180,180,59,2,n600-1,62.0,74.072914
62.5,0.25,62.5,0.25,15240,60,32,5,n604-1,62.0,74.072914
62.75,0.25,62.75,0.25,15300,60,44,5,n605-1,62.0,74.072914
63.0,0.25,63.0,0.25,15360,60,63,2,n601-1,63.0,74.74609
63.0,1.0,63.0,1.0,15360,240,63,1,n596-1,63.0,74.74609
63.0,1.0,63.0,1.0,15360,240,67,1,n597-1,63.0,74.74609
63.0,1.0,63.0,1.0,15360,240,70,1,n598-1,63.0,74.74609
63.25,0.75,63.25,0.75,15420,180,58,2,n602-1,63.0,74.74609
63.5,0.25,63.5,0.25,15480,60,39,5,n607-1,63.0,74.74609
63.75,0.25,63.75,0.25,15540,60,51,5,n608-1,63.0,74.74609
64.0,1.0,64.0,1.0,15600,240,63,1,n609-1,64.0,75.32162
64.0,0.25,64.0,0.25,15600,60,63,2,n615-1,64.0,75.32162
64.0,1.0,64.0,1.0,15600,240,68,1,n610-1,64.0,75.32162
64.0,1.0,64.0,1.0,15600,240,71,1,n611-1,64.0,75.32162
64.25,0.75,64.25,0.75,15660,180,59,2,n616-1,64.0,75.32162
64.5,0.25,64.5,0.25,15720,60,44,5,n620-1,64.0,75.32162
64.75,0.25,64.75,0.25,15780,60,56,5,n621-1,64.0,75.32162
65.0,0.25,65.0,0.25,15840,60,66,2,n617-1,65.0,75.89453
65.0,1.0,65.0,1.0,15840,240,66,1,n612-1,65.0,75.89453
65.0,1.0,65.0,1.0,15840,240,70,1,n613-1,65.0,75.89453
65.0,1.0,65.0,1.0,15840,240,73,1,n614-1,65.0,75.89453
65.25,0.75,65.25,0.75,15900,180,61,2,n618-1,65.0,75.89453
65.5,0.25,65.5,0.25,15960,60,42,5,n623-1,65.0,75.89453
65.75,0.25,65.75,0.25,16020,60,54,5,n624-1,65.0,75.89453
66.0,1.0,66.0,1.0,16080,240,66,1,n625-1,66.0,76.51432
66.0,0.25,66.0,0.25,16080,60,66,2,n631-1,66.0,76.51432
66.0,1.0,66.0,1.0,16080,240,71,1,n626-1,66.0,76.51432
66.0,1.0,66.0,1.0,16080,240,75,1,n627-1,66.0,76.51432
66.25,0.75,66.25,0.75,16140,180,63,2,n632-1,66.0,76.51432
66.5,0.25,66.5,0.25,16200,60,35,5,n636-1,66.0,76.51432
66.75,0.25,66.75,0.25,16260,60,47,5,n637-1,66.0,76.51432
67.0,1.0,67.0,1.0,16320,240,66,1,n628-1,67.0,77.13932
67.0,0.25,67.0,0.25,16320,60,66,2,n633-1,67.0,77.13932
67.0,1.0,67.0,1.0,16320,240,70,1,n629-1,67.0,77.13932
67.0,1.0,67.0,1.0,16320,240,73,1,n630-1,67.0,77.13932
67.25,0.75,67.25,0.75,16380,180,61,2,n634-1,67.0,77.13932
67.5,0.25,67.5,0.25,16440,60,42,5,n639-1,67.0,77.13932
67.75,0.25,67.75,0.25,16500,60,54,5,n640-1,67.0,77.13932
68.0,1.0,68.0,1.0,16560,240,66,1,n641-1,68.0,77.67318
68.0,0.25,68.0,0.25,16560,60,66,2,n647-1,68.0,77.67318
68.0,1.0,68.0,1.0,16560,240,71,1,n642-1,68.0,77.67318
68.0,1.0,68.0,1.0,16560,240,75,1,n643-1,68.0,77.67318
68.25,0.75,68.25,0.75,16620,180,63,2,n648-1,68.0,77.67318
68.5,0.25,68.5,0.25,16680,60,47,5,n652-1,68.0,77.67318
68.75,0.25,68.75,0.25,16740,60,59,5,n653-1,68.0,77.67318
69.0,0.25,69.0,0.25,16800,60,70,2,n649-1,69.0,78.24219
69.0,1.0,69.0,1.0,16800,240,70,1,n644-1,69.0,78.24219
69.0,1.0,69.0,1.0,16800,240,74,1,n645-1,69.0,78.24219
69.0,1.0,69.0,1.0,16800,240,77,1,n646-1,69.0,78.24219
69.25,0.75,69.25,0.75,16860,180,65,2,n650-1,69.0,78.24219
69.5,0.25,69.5,0.25,16920,60,46,5,n655-1,69.0,78.24219
69.75,0.25,69.75,0.25,16980,60,58,5,n656-1,69.0,78.24219
70.0,1.0,70.0,1.0,17040,240,70,1,n657-1,70.0,78.85026
70.0,0.25,70.0,0.25,17040,60,70,2,n663-1,70.0,78.85026
70.0,1.0,70.0,1.0,17040,240,75,1,n658-1,70.0,78.85026
70.0,1.0,70.0,1.0,17040,240,78,1,n659-1,70.0,78.85026
70.25,0.75,70.25,0.75,17100,180,66,2,n664-1,70.0,78.85026
70.5,0.25,70.5,0.25,17160,60,39,5,n668-1,70.0,78.85026
70.75,0.25,70.75,0.25,17220,60,51,5,n669-1,70.0,78.85026
71.0,0.25,71.0,0.25,17280,60,70,2,n665-1,71.0,79.50651
71.0,1.0,71.0,1.0,17280,240,70,1,n660-1,71.0,79.50651
71.0,1.0,71.0,1.0,17280,240,74,1,n661-1,71.0,79.50651
71.0,1.0,71.0,1.0,17280,240,77,1,n662-1,71.0,79.50651
71.25,0.75,71.25,0.75,17340,180,65,2,n666-1,71.0,79.50651
71.5,0.25,71.5,0.25,17400,60,46,5,n671-1,71.0,79.50651
71.75,0.25,71.75,0.25,17460,60,58,5,n672-1,71.0,79.50651
72.0,1.0,72.0,1.0,17520,240,70,1,n673-1,72.0,80.08073
72.0,0.25,72.0,0.25,17520,60,70,2,n679-1,72.0,80.08073
72.0,1.0,72.0,1.0,17520,240,75,1,n674-1,72.0,80.08073
72.0,1.0,72.0,1.0,17520,240,78,1,n675-1,72.0,80.08073
72.25,0.75,72.25,0.75,17580,180,66,2,n680-1,72.0,80.08073
72.5,0.25,72.5,0.25,17640,60,51,5,n684-1,72.0,80.08073
72.75,0.25,72.75,0.25,17700,60,63,5,n685-1,72.0,80.08073
73.0,1.0,73.0,1.0,17760,240,73,1,n676-1,73.0,80.70052
73.0,0.25,73.0,0.25,17760,60,73,2,n681-1,73.0,80.70052
73.0,1.0,73.0,1.0,17760,240,77,1,n677-1,73.0,80.70052
73.0,1.0,73.0,1.0,17760,240,80,1,n678-1,73.0,80.70052
73.25,0.75,73.25,0.75,17820,180,68,2,n682-1,73.0,80.70052
73.5,0.25,73.5,0.25,17880,60,49,5,n687-1,73.0,80.70052
73.75,0.25,73.75,0.25,17940,60,61,5,n688-1,73.0,80.70052
74.0,1.0,74.0,1.0,18000,240,73,1,n689-1,74.0,81.436195
74.0,0.25,74.0,0.25,18000,60,73,2,n695-1,74.0,81.436195
74.0,1.0,74.0,1.0,18000,240,78,1,n690-1,74.0,81.436195
74.0,1.0,74.0,1.0,18000,240,82,1,n691-1,74.0,81.436195
74.25,0.75,74.25,0.75,18060,180,70,2,n696-1,74.0,81.436195
74.5,0.25,74.5,0.25,18120,60,42,5,n700-1,74.0,81.436195
74.75,0.25,74.75,0.25,18180,60,54,5,n701-1,74.0,81.436195
75.0,1.0,75.0,1.0,18240,240,75,1,n692-1,75.0,82.24349
75.0,0.25,75.0,0.25,18240,60,75,2,n697-1,75.0,82.24349
75.0,1.0,75.0,1.0,18240,240,78,1,n693-1,75.0,82.24349
75.0,1.0,75.0,1.0,18240,240,83,1,n694-1,75.0,82.24349
75.25,0.75,75.25,0.75,18300,180,71,2,n698-1,75.0,82.24349
75.5,0.25,75.5,0.25,18360,60,66,5,n703-1,75.0,82.24349
75.75,0.25,75.75,0.25,18420,60,54,5,n704-1,75.0,82.24349
76.0,0.25,76.0,0.25,18480,60,71,2,n711-1,76.0,82.94141
76.0,1.0,76.0,1.0,18480,240,71,1,n705-1,76.0,82.94141
76.0,1.0,76.0,1.0,18480,240,78,1,n706-1,76.0,82.94141
76.0,1.0,76.0,1.0,18480,240,80,1,n707-1,76.0,82.94141
76.25,0.75,76.25,0.75,18540,180,68,2,n712-1,76.0,82.94141
76.5,0.25,76.5,0.25,18600,60,42,5,n716-1,76.0,82.94141
76.75,0.25,76.75,0.25,18660,60,54,5,n717-1,76.0,82.94141
77.0,1.0,77.0,1.0,18720,240,73,1,n708-1,77.0,83.583336
77.0,0.25,77.0,0.25,18720,60,73,2,n713-1,77.0,83.583336
77.0,1.0,77.0,1.0,18720,240,78,1,n709-1,77.0,83.583336
77.0,1.0,77.0,1.0,18720,240,82,1,n710-1,77.0,83.583336
77.25,0.75,77.25,0.75,18780,180,70,2,n714-1,77.0,83.583336
77.5,0.25,77.5,0.25,18840,60,66,5,n719-1,77.0,83.583336
77.75,0.25,77.75,0.25,18900,60,54,5,n720-1,77.0,83.583336
78.0,1.0,78.0,1.0,18960,240,75,1,n721-1,78.0,84.20963
78.0,0.25,78.0,0.25,18960,60,75,2,n727-1,78.0,84.20963
78.0,1.0,78.0,1.0,18960,240,78,1,n722-1,78.0,84.20963
78.0,1.0,78.0,1.0,18960,240,83,1,n723-1,78.0,84.20963
78.25,0.75,78.25,0.75,19020,180,71,2,n728-1,78.0,84.20963
78.5,0.25,78.5,0.25,19080,60,42,5,n732-1,78.0,84.20963
78.75,0.25,78.75,0.25,19140,60,54,5,n733-1,78.0,84.20963
79.0,0.25,79.0,0.25,19200,60,78,2,n729-1,79.0,84.83203
79.0,1.0,79.0,1.0,19200,240,78,1,n724-1,79.0,84.83203
79.0,1.0,79.0,1.0,19200,240,82,1,n725-1,79.0,84.83203
79.0,1.0,79.0,1.0,19200,240,85,1,n726-1,79.0,84.83203
79.25,0.75,79.25,0.75,19260,180,73,2,n730-1,79.0,84.83203
79.5,0.25,79.5,0.25,19320,60,66,5,n735-1,79.0,84.83203
79.75,0.25,79.75,0.25,19380,60,54,5,n736-1,79.0,84.83203
80.0,0.25,80.0,0.25,19440,60,78,2,n743-1,80.0,85.44271
80.0,1.0,80.0,1.0,19440,240,78,1,n737-1,80.0,85.44271
80.0,1.0,80.0,1.0,19440,240,83,1,n738-1,80.0,85.44271
80.0,1.0,80.0,1.0,19440,240,87,1,n739-1,80.0,85.44271
80.25,0.75,80.25,0.75,19500,180,75,2,n744-1,80.0,85.44271
80.5,0.25,80.5,0.25,19560,60,35,5,n748-1,80.0,85.44271
80.75,0.25,80.75,0.25,19620,60,47,5,n749-1,80.0,85.44271
81.0,0.25,81.0,0.25,19680,60,80,2,n745-1,81.0,86.063805
81.0,1.0,81.0,1.0,19680,240,80,1,n740-1,81.0,86.063805
81.0,1.0,81.0,1.0,19680,240,83,1,n741-1,81.0,86.063805
81.0,1.0,81.0,1.0,19680,240,88,1,n742-1,81.0,86.063805
81.25,0.75,81.25,0.75,19740,180,76,2,n746-1,81.0,86.063805
81.5,0.25,81.5,0.25,19800,60,59,5,n751-1,81.0,86.063805
81.75,0.25,81.75,0.25,19860,60,47,5,n752-1,81.0,86.063805
82.0,0.25,82.0,0.25,19920,60,76,2,n759-1,82.0,86.654945
82.0,1.0,82.0,1.0,19920,240,76,1,n753-1,82.0,86.654945
82.0,1.0,82.0,1.0,19920,240,83,1,n754-1,82.0,86.654945
82.0,1.0,82.0,1.0,19920,240,85,1,n755-1,82.0,86.654945
82.25,0.75,82.25,0.75,19980,180,73,2,n760-1,82.0,86.654945
82.5,0.25,82.5,0.25,20040,60,35,5,n764-1,82.0,86.654945
82.75,0.25,82.75,0.25,20100,60,47,5,n765-1,82.0,86.654945
83.0,1.0,83.0,1.0,20160,240,78,1,n756-1,83.0,87.21224
83.0,0.25,83.0,0.25,20160,60,78,2,n761-1,83.0,87.21224
83.0,1.0,83.0,1.0,20160,240,83,1,n757-1,83.0,87.21224
83.0,1.0,83.0,1.0,20160,240,87,1,n758-1,83.0,87.21224
83.25,0.75,83.25,0.75,20220,180,75,2,n762-1,83.0,87.21224
83.5,0.25,83.5,0.25,20280,60,59,5,n767-1,83.0,87.21224
83.75,0.25,83.75,0.25,20340,60,47,5,n768-1,83.0,87.21224
84.0,1.0,84.0,1.0,20400,240,80,1,n769-1,84.0,87.79557
84.0,0.25,84.0,0.25,20400,60,80,2,n775-1,84.0,87.79557
84.0,1.0,84.0,1.0,20400,240,83,1,n770-1,84.0,87.79557
84.0,1.0,84.0,1.0,20400,240,88,1,n771-1,84.0,87.79557
84.25,0.75,84.25,0.75,20460,180,76,2,n776-1,84.0,87.79557
84.5,0.25,84.5,0.25,20520,60,35,5,n780-1,84.0,87.79557
84.75,0.25,84.75,0.25,20580,60,47,5,n781-1,84.0,87.79557
85.0,1.0,85.0,1.0,20640,240,83,1,n772-1,85.0,88.34635
85.0,0.25,85.0,0.25,20640,60,83,2,n777-1,85.0,88.34635
85.0,1.0,85.0,1.0,20640,240,87,1,n773-1,85.0,88.34635
85.0,1.0,85.0,1.0,20640,240,90,1,n774-1,85.0,88.34635
85.25,0.75,85.25,0.75,20700,180,78,2,n778-1,85.0,88.34635
85.5,0.25,85.5,0.25,20760,60,59,5,n783-1,85.0,88.34635
85.75,0.25,85.75,0.25,20820,60,47,5,n784-1,85.0,88.34635
86.0,1.0,86.0,1.0,20880,240,78,1,n785-1,86.0,88.91016
86.0,0.25,86.0,0.25,20880,60,78,2,n791-1,86.0,88.91016
86.0,1.0,86.0,1.0,20880,240,83,1,n786-1,86.0,88.91016
86.0,1.0,86.0,1.0,20880,240,87,1,n787-1,86.0,88.91016
86.25,0.75,86.25,0.75,20940,180,75,2,n792-1,86.0,88.91016
86.5,0.25,86.5,0.25,21000,60,45,5,n796-1,86.0,88.91016
86.75,0.25,86.75,0.25,21060,60,57,5,n797-1,86.0,88.91016
87.0,1.0,87.0,1.0,21120,240,80,1,n788-1,87.0,89.4349
87.0,0.25,87.0,0.25,21120,60,80,2,n793-1,87.0,89.4349
87.0,1.0,87.0,1.0,21120,240,83,1,n789-1,87.0,89.4349
87.0,1.0,87.0,1.0,21120,240,88,1,n790-1,87.0,89.4349
87.25,0.75,87.25,0.75,21180,180,76,2,n794-1,87.0,89.4349
87.5,0.25,87.5,0.25,21240,60,56,5,n799-1,87.0,89.4349
87.75,0.25,87.75,0.25,21300,60,44,5,n800-1,87.0,89.4349
88.0,0.25,88.0,0.25,21360,60,83,2,n807-1,88.0,90.01432
88.0,1.0,88.0,1.0,21360,240,83,1,n801-1,88.0,90.01432
88.0,1.0,88.0,1.0,21360,240,87,1,n802-1,88.0,90.01432
88.0,1.0,88.0,1.0,21360,240,90,1,n803-1,88.0,90.01432
88.25,0.75,88.25,0.75,21420,180,81,2,n808-1,88.0,90.01432
88.5,0.25,88.5,0.25,21480,60,42,5,n812-1,88.0,90.01432
88.75,0.25,88.75,0.25,21540,60,54,5,n813-1,88.0,90.01432
89.0,1.0,89.0,1.0,21600,240,83,1,n804-1,89.0,90.55078
89.0,0.25,89.0,0.25,21600,60,83,2,n809-1,89.0,90.55078
89.0,1.0,89.0,1.0,21600,240,88,1,n805-1,89.0,90.55078
89.0,1.0,89.0,1.0,21600,240,92,1,n806-1,89.0,90.55078
89.25,0.75,89.25,0.75,21660,180,80,2,n810-1,89.0,90.55078
89.5,0.25,89.5,0.25,21720,60,52,5,n815-1,89.0,90.55078
89.75,0.25,89.75,0.25,21780,60,40,5,n816-1,89.0,90.55078
90.0,0.25,90.0,0.25,21840,60,84,2,n823-1,90.0,91.08008
90.0,1.0,90.0,1.0,21840,240,84,1,n817-1,90.0,91.08008
90.0,1.0,90.0,1.0,21840,240,90,1,n818-1,90.0,91.08008
90.0,1.0,90.0,1.0,21840,240,93,1,n819-1,90.0,91.08008
90.25,0.75,90.25,0.75,21900,180,81,2,n824-1,90.0,91.08008
90.5,0.25,90.5,0.25,21960,60,39,5,n828-1,90.0,91.08008
90.75,0.25,90.75,0.25,22020,60,51,5,n829-1,90.0,91.08008
91.0,0.25,91.0,0.25,22080,60,88,2,n825-1,91.0,91.61588
91.0,1.0,91.0,1.0,22080,240,88,1,n820-1,91.0,91.61588
91.0,1.0,91.0,1.0,22080,240,91,1,n821-1,91.0,91.61588
91.0,1.0,91.0,1.0,22080,240,94,1,n822-1,91.0,91.61588
91.25,0.75,91.25,0.75,22140,180,82,2,n826-1,91.0,91.61588
91.5,0.25,91.5,0.25,22200,60,49,5,n831-1,91.0,91.61588
91.75,0.25,91.75,0.25,22260,60,37,5,n832-1,91.0,91.61588
92.0,0.25,92.0,0.25,22320,60,87,2,n837-1,92.0,92.322914
92.0,1.0,92.0,1.0,22320,240,87,1,n833-1,92.0,92.322914
92.0,1.0,92.0,1.0,22320,240,95,1,n834-1,92.0,92.322914
92.25,0.75,92.25,0.75,22380,180,83,2,n838-1,92.0,92.322914
92.5,0.25,92.5,0.25,22440,60,35,5,n842-1,92.0,92.322914
92.75,0.25,92.75,0.25,22500,60,47,5,n843-1,92.0,92.322914
93.0,0.25,93.0,0.25,22560,60,92,2,n839-1,93.0,93.05924
93.0,1.0,93.0,1.0,22560,240,92,1,n835-1,93.0,93.05924
93.0,1.0,93.0,1.0,22560,240,95,1,n836-1,93.0,93.05924
93.25,0.75,93.25,0.75,22620,180,83,2,n840-1,93.0,93.05924
93.5,0.25,93.5,0.25,22680,60,53,5,n845-1,93.0,93.05924
93.75,0.25,93.75,0.25,22740,60,41,5,n846-1,93.0,93.05924
94.0,0.25,94.0,0.25,22800,60,93,2,n851-1,94.0,93.708984
94.0,1.0,94.0,1.0,22800,240,93,1,n847-1,94.0,93.708984
94.0,1.0,94.0,1.0,22800,240,95,1,n848-1,94.0,93.708984
94.25,0.75,94.25,0.75,22860,180,83,2,n852-1,94.0,93.708984
94.5,0.25,94.5,0.25,22920,60,42,5,n856-1,94.0,93.708984
94.75,0.25,94.75,0.25,22980,60,54,5,n857-1,94.0,93.708984
95.0,1.0,95.0,1.0,23040,240,90,1,n849-1,95.0,94.25586
95.0,0.25,95.0,0.25,23040,60,90,2,n853-1,95.0,94.25586
95.0,1.0,95.0,1.0,23040,240,95,1,n850-1,95.0,94.25586
95.25,0.75,95.25,0.75,23100,180,83,2,n854-1,95.0,94.25586
95.5,0.25,95.5,0.25,23160,60,51,5,n859-1,95.0,94.25586
95.75,0.25,95.75,0.25,23220,60,39,5,n860-1,95.0,94.25586
96.0,0.25,96.0,0.25,23280,60,87,2,n865-1,96.0,94.807945
96.0,1.0,96.0,1.0,23280,240,87,1,n861-1,96.0,94.807945
96.0,1.0,96.0,1.0,23280,240,95,1,n862-1,96.0,94.807945
96.25,0.75,96.25,0.75,23340,180,83,2,n866-1,96.0,94.807945
96.5,0.25,96.5,0.25,23400,60,35,5,n870-1,96.0,94.807945
96.75,0.25,96.75,0.25,23460,60,47,5,n871-1,96.0,94.807945
97.0,0.25,97.0,0.25,23520,60,92,2,n867-1,97.0,95.33008
97.0,1.0,97.0,1.0,23520,240,92,1,n863-1,97.0,95.33008
97.0,1.0,97.0,1.0,23520,240,95,1,n864-1,97.0,95.33008
97.25,0.75,97.25,0.75,23580,180,83,2,n868-1,97.0,95.33008
97.5,0.25,97.5,0.25,23640,60,53,5,n873-1,97.0,95.33008
97.75,0.25,97.75,0.25,23700,60,41,5,n874-1,97.0,95.33008
98.0,0.25,98.0,0.25,23760,60,93,2,n879-1,98.0,95.88021
98.0,1.0,98.0,1.0,23760,240,93,1,n875-1,98.0,95.88021
98.0,1.0,98.0,1.0,23760,240,95,1,n876-1,98.0,95.88021
98.25,0.75,98.25,0.75,23820,180,83,2,n880-1,98.0,95.88021
98.5,0.25,98.5,0.25,23880,60,42,5,n884-1,98.0,95.88021
98.75,0.25,98.75,0.25,23940,60,54,5,n885-1,98.0,95.88021
99.0,1.0,99.0,1.0,24000,240,90,1,n877-1,99.0,96.410805
99.0,0.25,99.0,0.25,24000,60,90,2,n881-1,99.0,96.410805
99.0,1.0,99.0,1.0,24000,240,95,1,n878-1,99.0,96.410805
99.25,0.75,99.25,0.75,24060,180,83,2,n882-1,99.0,96.410805
99.5,0.25,99.5,0.25,24120,60,51,5,n887-1,99.0,96.410805
99.75,0.25,99.75,0.25,24180,60,39,5,n888-1,99.0,96.410805
100.0,1.0,100.0,1.0,24240,240,87,1,n889-1,100.0,96.96484
100.0,0.25,100.0,0.25,24240,60,87,2,n893-1,100.0,96.96484
100.0,1.0,100.0,1.0,24240,240,95,1,n890-1,100.0,96.96484
100.25,0.75,100.25,0.75,24300,180,83,2,n894-1,100.0,96.96484
100.5,0.25,100.5,0.25,24360,60,35,5,n898-1,100.0,96.96484
100.75,0.25,100.75,0.25,24420,60,47,5,n899-1,100.0,96.96484
101.0,1.0,101.0,1.0,24480,240,92,1,n891-1,101.0,97.53125
101.0,0.25,101.0,0.25,24480,60,92,2,n895-1,101.0,97.53125
101.0,1.0,101.0,1.0,24480,240,95,1,n892-1,101.0,97.53125
101.25,0.75,101.25,0.75,24540,180,83,2,n896-1,101.0,97.53125
101.5,0.25,101.5,0.25,24600,60,53,5,n901-1,101.0,97.53125
101.75,0.25,101.75,0.25,24660,60,41,5,n902-1,101.0,97.53125
102.0,0.25,102.0,0.25,24720,60,93,2,n906-1,102.0,98.10482
102.0,1.0,102.0,1.0,24720,240,93,1,n903-1,102.0,98.10482
102.0,1.0,102.0,1.0,24720,240,95,1,n904-1,102.0,98.10482
102.25,0.75,102.25,0.75,24780,180,83,2,n907-1,102.0,98.10482
102.5,0.25,102.5,0.25,24840,60,44,5,n911-1,102.0,98.10482
102.75,0.25,102.75,0.25,24900,60,54,5,n912-1,102.0,98.10482
103.0,0.25,103.0,0.25,24960,60,89,2,n908-1,103.0,98.71289
103.0,1.0,103.0,1.0,24960,240,95,1,n905-1,103.0,98.71289
103.25,0.75,103.25,0.75,25020,180,83,2,n909-1,103.0,98.71289
103.5,0.25,103.5,0.25,25080,60,49,5,n914-1,103.0,98.71289
103.75,0.25,103.75,0.25,25140,60,37,5,n915-1,103.0,98.71289
104.0,0.25,104.0,0.25,25200,60,90,2,n919-1,104.0,99.37695
104.0,1.0,104.0,1.0,25200,240,95,1,n916-1,104.0,99.37695
104.25,0.75,104.25,0.75,25260,180,83,2,n920-1,104.0,99.37695
104.5,0.25,104.5,0.25,25320,60,39,5,n923-1,104.0,99.37695
104.75,0.25,104.75,0.25,25380,60,51,5,n924-1,104.0,99.37695
105.0,0.25,105.0,0.25,25440,60,92,1,n917-1,105.0,100.16276
105.0,1.0,105.0,1.0,25440,240,92,2,n921-1,105.0,100.16276
105.25,0.75,105.25,0.75,25500,180,95,1,n918-1,105.0,100.16276
105.5,0.25,105.5,0.25,25560,60,40,5,n926-1,105.0,100.16276
105.75,0.75,105.75,0.75,25620,180,52,5,n927-1,105.0,100.16276
106.0,0.25,106.0,0.25,25680,60,95,1,n928-1,106.0,101.00521
106.0,1.0,106.0,1.0,25680,240,95,2,n932-1,106.0,101.00521
106.25,0.75,106.25,0.75,25740,180,90,1,n929-1,106.0,101.00521
106.5,0.25,106.5,0.25,25800,60,39,5,n935-1,106.0,101.00521
106.75,0.75,106.75,0.75,25860,180,51,5,n936-1,106.0,101.00521
107.0,1.0,107.0,1.0,25920,240,88,2,n933-1,107.0,101.65234
107.0,0.25,107.0,0.25,25920,60,88,1,n930-1,107.0,101.65234
107.25,0.75,107.25,0.75,25980,180,92,1,n931-1,107.0,101.65234
107.5,0.25,107.5,0.25,26040,60,37,5,n938-1,107.0,101.65234
107.75,0.75,107.75,0.75,26100,180,49,5,n939-1,107.0,101.65234
108.0,0.25,108.0,0.25,26160,60,92,1,n940-1,108.0,102.23177
108.0,1.0,108.0,1.0,26160,240,92,2,n944-1,108.0,102.23177
108.25,0.75,108.25,0.75,26220,180,87,1,n941-1,108.0,102.23177
108.5,0.25,108.5,0.25,26280,60,35,5,n947-1,108.0,102.23177
108.75,0.75,108.75,0.75,26340,180,47,5,n948-1,108.0,102.23177
109.0,0.25,109.0,0.25,26400,60,85,1,n942-1,109.0,102.81771
109.0,1.0,109.0,1.0,26400,240,85,2,n945-1,109.0,102.81771
109.25,0.75,109.25,0.75,26460,180,88,1,n943-1,109.0,102.81771
109.5,0.25,109.5,0.25,26520,60,33,5,n950-1,109.0,102.81771
109.75,0.75,109.75,0.75,26580,180,45,5,n951-1,109.0,102.81771
110.0,0.25,110.0,0.25,26640,60,88,1,n952-1,110.0,103.390625
110.0,1.0,110.0,1.0,26640,240,88,2,n957-1,110.0,103.390625
110.25,0.75,110.25,0.75,26700,180,83,1,n953-1,110.0,103.390625
110.5,0.25,110.5,0.25,26760,60,32,5,n961-1,110.0,103.390625
110.75,0.75,110.75,0.75,26820,180,44,5,n962-1,110.0,103.390625
111.0,0.25,111.0,0.25,26880,60,83,2,n958-1,111.0,103.953125
111.0,1.0,111.0,1.0,26880,240,83,1,n954-1,111.0,103.953125
111.0,1.0,111.0,1.0,26880,240,87,1,n955-1,111.0,103.953125
111.0,1.0,111.0,1.0,26880,240,90,1,n956-1,111.0,103.953125
111.25,0.75,111.25,0.75,26940,180,81,2,n959-1,111.0,103.953125
111.5,0.25,111.5,0.25,27000,60,30,5,n964-1,111.0,103.953125
111.75,0.75,111.75,0.75,27060,180,42,5,n965-1,111.0,103.953125
112.0,1.0,112.0,1.0,27120,240,83,1,n966-1,112.0,104.625
112.0,0.25,112.0,0.25,27120,60,83,2,n972-1,112.0,104.625
112.0,1.0,112.0,1.0,27120,240,88,1,n967-1,112.0,104.625
112.0,1.0,112.0,1.0,27120,240,92,1,n968-1,112.0,104.625
112.25,0.75,112.25,0.75,27180,180,80,2,n973-1,112.0,104.625
112.5,0.25,112.5,0.25,27240,60,28,5,n975-1,112.0,104.625
112.75,0.25,112.75,0.25,27300,60,40,5,n976-1,112.0,104.625
113.0,1.0,113.0,1.0,27360,240,52,6,n979-1,113.0,105.65625
113.0,0.25,113.0,0.25,27360,60,56,5,n977-1,113.0,105.65625
113.25,0.75,113.25,0.75,27420,180,59,5,n978-1,113.0,105.65625
113.5,0.25,113.5,0.25,27480,60,68,1,n970-1,113.0,105.65625
113.75,0.25,113.75,0.25,27540,60,71,1,n971-1,113.0,105.65625
114.0,1.0,114.0,1.0,27600,240,51,6,n991-1,114.0,106.34896
114.0,0.25,114.0,0.25,27600,60,59,5,n987-1,114.0,106.34896
114.25,0.75,114.25,0.75,27660,180,54,5,n988-1,114.0,106.34896
114.5,0.25,114.5,0.25,27720,60,71,1,n981-1,114.0,106.34896
114.75,0.25,114.75,0.25,27780,60,78,1,n982-1,114.0,106.34896
115.0,0.5,115.0,0.5,27840,120,49,6,n992-1,115.0,106.95377
115.0,0.25,115.0,0.25,27840,60,58,5,n989-1,115.0,106.95377
115.25,0.75,115.25,0.75,27900,180,64,5,n990-1,115.0,106.95377
115.5,0.25,115.5,0.25,27960,60,76,1,n984-1,115.0,106.95377
115.5,0.25,115.5,0.25,27960,60,78,1,n985-1,115.0,106.95377
115.75,0.25,115.75,0.25,28020,60,82,1,n986-1,115.0,106.95377
116.0,0.25,116.0,0.25,28080,60,63,5,n1000-1,116.0,107.55599
116.25,1.25,116.25,1.25,28140,300,59,5,n1001-1,116.0,107.55599
116.5,0.25,116.5,0.25,28200,60,82,1,n995-1,116.0,107.55599
116.75,0.25,116.75,0.25,28260,60,83,1,n996-1,116.0,107.55599
117.0,1.0,117.0,1.0,28320,240,85,2,n999-1,117.0,108.260414
117.0,0.25,117.0,0.25,28320,60,85,1,n997-1,117.0,108.260414
117.25,0.75,117.25,0.75,28380,180,88,1,n998-1,117.0,108.260414
117.5,0.25,117.5,0.25,28440,60,45,5,n1003-1,117.0,108.260414
117.75,0.75,117.75,0.75,28500,180,57,5,n1004-1,117.0,108.260414
118.0,0.25,118.0,0.25,28560,60,88,1,n1005-1,118.0,109.00521
118.0,1.0,118.0,1.0,28560,240,88,2,n1009-1,118.0,109.00521
118.25,0.75,118.25,0.75,28620,180,83,1,n1006-1,118.0,109.00521
118.5,0.25,118.5,0.25,28680,60,44,5,n1013-1,118.0,109.00521
118.75,0.75,118.75,0.75,28740,180,56,5,n1014-1,118.0,109.00521
119.0,1.0,119.0,1.0,28800,240,81,2,n1010-1,119.0,109.649086
119.0,0.25,119.0,0.25,28800,60,83,1,n1007-1,119.0,109.649086
119.0,1.0,119.0,1.0,28800,240,83,2,n1011-1,119.0,109.649086
119.25,0.75,119.25,0.75,28860,180,93,1,n1008-1,119.0,109.649086
119.5,0.25,119.5,0.25,28920,60,42,5,n1016-1,119.0,109.649086
119.75,0.75,119.75,0.75,28980,180,54,5,n1017-1,119.0,109.649086
120.0,1.0,120.0,1.0,29040,240,80,2,n1022-1,120.0,110.270836
120.0,1.0,120.0,1.0,29040,240,83,2,n1023-1,120.0,110.270836
120.0,0.25,120.0,0.25,29040,60,92,1,n1018-1,120.0,110.270836
120.25,0.75,120.25,0.75,29100,180,88,1,n1019-1,120.0,110.270836
120.5,0.25,120.5,0.25,29160,60,40,5,n1028-1,120.0,110.270836
120.75,0.25,120.75,0.25,29220,60,52,5,n1029-1,120.0,110.270836
121.0,1.0,121.0,1.0,29280,240,76,2,n1024-1,121.0,110.907555
121.0,1.0,121.0,1.0,29280,240,81,2,n1025-1,121.0,110.907555
121.0,0.25,121.0,0.25,29280,60,85,1,n1020-1,121.0,110.907555
121.0,1.0,121.0,1.0,29280,240,85,2,n1026-1,121.0,110.907555
121.25,0.75,121.25,0.75,29340,180,88,1,n1021-1,121.0,110.907555
121.5,0.25,121.5,0.25,29400,60,57,5,n1031-1,121.0,110.907555
121.75,0.25,121.75,0.25,29460,60,45,5,n1032-1,121.0,110.907555
122.0,1.0,122.0,1.0,29520,240,76,2,n1037-1,122.0,111.62695
122.0,0.25,122.0,0.25,29520,60,80,1,n1033-1,122.0,111.62695
122.0,1.0,122.0,1.0,29520,240,80,2,n1038-1,122.0,111.62695
122.25,0.75,122.25,0.75,29580,180,88,1,n1034-1,122.0,111.62695
122.5,0.25,122.5,0.25,29640,60,47,5,n1042-1,122.0,111.62695
122.75,0.25,122.75,0.25,29700,60,59,5,n1043-1,122.0,111.62695
123.0,1.0,123.0,1.0,29760,240,75,2,n1039-1,123.0,112.38086
123.0,0.25,123.0,0.25,29760,60,78,1,n1035-1,123.0,112.38086
123.0,1.0,123.0,1.0,29760,240,78,2,n1040-1,123.0,112.38086
123.25,0.75,123.25,0.75,29820,180,87,1,n1036-1,123.0,112.38086
123.5,0.25,123.5,0.25,29880,60,47,5,n1045-1,123.0,112.38086
123.75,0.25,123.75,0.25,29940,60,35,5,n1046-1,123.0,112.38086
124.0,0.0,124.0,0.0,30000,0,74,1,n1047-1,124.0,113.41406
124.0,1.0,124.0,1.0,30000,240,74,1,n1051-1,124.0,113.41406
124.0,0.0,124.0,0.0,30000,0,77,1,n1048-1,124.0,113.41406
124.0,1.0,124.0,1.0,30000,240,77,1,n1052-1,124.0,113.41406
124.0,0.0,124.0,0.0,30000,0,80,1,n1049-1,124.0,113.41406
124.0,1.0,124.0,1.0,30000,240,80,1,n1053-1,124.0,113.41406
124.0,1.0,124.0,1.0,30000,240,83,1,n1054-1,124.0,113.41406
124.0,0.0,124.0,0.0,30000,0,83,1,n1050-1,124.0,113.41406
124.0,1.5,124.0,1.5,30000,360,86,1,n1055-1,124.0,113.41406
124.5,0.5,124.5,0.5,30120,120,59,6,n1086-1,124.0,113.41406
124.5,0.5,124.5,0.5,30120,120,62,6,n1087-1,124.0,113.41406
124.5,0.5,124.5,0.5,30120,120,65,6,n1088-1,124.0,113.41406
124.5,0.25,124.5,0.25,30120,60,68,5,n1072-1,124.0,113.41406
124.75,0.25,124.75,0.25,30180,60,69,5,n1073-1,124.0,113.41406
125.0,0.25,125.0,0.25,30240,60,71,5,n1074-1,125.0,116.614586
125.25,0.25,125.25,0.25,30300,60,73,5,n1075-1,125.0,116.614586
125.5,0.5,125.5,0.5,30360,120,64,6,n1089-1,125.0,116.614586
125.5,0.5,125.5,0.5,30360,120,68,6,n1090-1,125.0,116.614586
125.5,0.5,125.5,0.5,30360,120,74,5,n1076-1,125.0,116.614586
125.5,0.25,125.5,0.25,30360,60,85,1,n1057-1,125.0,116.614586
125.75,0.25,125.75,0.25,30420,60,83,1,n1058-1,125.0,116.614586
126.0,0.25,126.0,0.25,30480,60,66,5,n1077-1,126.0,119.21615
126.0,0.25,126.0,0.25,30480,60,69,5,n1078-1,126.0,119.21615
126.0,0.5,126.0,0.5,30480,120,73,2,n1066-1,126.0,119.21615
126.0,0.25,126.0,0.25,30480,60,78,1,n1059-1,126.0,119.21615
126.0,0.25,126.0,0.25,30480,60,81,1,n1060-1,126.0,119.21615
126.25,0.25,126.25,0.25,30540,60,68,5,n1079-1,126.0,119.21615
126.25,0.25,126.25,0.25,30540,60,71,5,n1080-1,126.0,119.21615
126.25,0.25,126.25,0.25,30540,60,77,1,n1061-1,126.0,119.21615
126.25,0.25,126.25,0.25,30540,60,80,1,n1062-1,126.0,119.21615
126.5,0.25,126.5,0.25,30600,60,66,5,n1081-1,126.0,119.21615
126.5,0.25,126.5,0.25,30600,60,69,5,n1082-1,126.0,119.21615
126.5,0.25,126.5,0.25,30600,60,73,2,n1067-1,126.0,119.21615
126.5,0.25,126.5,0.25,30600,60,78,1,n1063-1,126.0,119.21615
126.5,0.25,126.5,0.25,30600,60,81,1,n1064-1,126.0,119.21615
126.75,0.25,126.75,0.25,30660,60,61,5,n1083-1,126.0,119.21615
126.75,0.25,126.75,0.25,30660,60,64,5,n1084-1,126.0,119.21615
126.75,0.25,126.75,0.25,30660,60,68,5,n1085-1,126.0,119.21615
126.75,0.25,126.75,0.25,30660,60,73,2,n1068-1,126.0,119.21615
126.75,0.25,126.75,0.25,30660,60,77,2,n1069-1,126.0,119.21615
126.75,0.25,126.75,0.25,30660,60,80,2,n1070-1,126.0,119.21615
126.75,0.25,126.75,0.25,30660,60,83,1,n1065-1,126.0,119.21615
127.0,0.5,127.0,0.5,30720,120,84,1,n1091-1,127.0,121.404945
127.5,0.5,127.5,0.5,30840,120,57,6,n1126-1,127.0,121.404945
127.5,0.5,127.5,0.5,30840,120,61,6,n1127-1,127.0,121.404945
127.5,0.125,127.5,0.125,30840,30,66,5,n1109-1,127.0,121.404945
127.5,1.0,127.5,1.0,30840,240,85,1,n1092-1,127.0,121.404945
127.625,0.125,127.625,0.125,30870,30,65,5,n1110-1,127.0,121.404945
127.75,0.125,127.75,0.125,30900,30,66,5,n1111-1,127.0,121.404945
127.875,0.125,127.875,0.125,30930,30,68,5,n1112-1,127.0,121.404945
128.0,0.125,128.0,0.125,30960,30,69,5,n1113-1,128.0,123.686195
128.125,0.125,128.125,0.125,30990,30,68,5,n1114-1,128.0,123.686195
128.25,0.125,128.25,0.125,31020,30,69,5,n1115-1,128.0,123.686195
128.375,0.125,128.375,0.125,31050,30,71,5,n1116-1,128.0,123.686195
128.5,0.5,128.5,0.5,31080,120,63,6,n1128-1,128.0,123.686195
128.5,0.5,128.5,0.5,31080,120,66,5,n1117-1,128.0,123.686195
128.5,0.5,128.5,0.5,31080,120,72,5,n1118-1,128.0,123.686195
128.5,0.5,128.5,0.5,31080,120,78,2,n1100-1,128.0,123.686195
128.5,0.25,128.5,0.25,31080,60,83,1,n1094-1,128.0,123.686195
128.75,0.25,128.75,0.25,31140,60,81,1,n1095-1,128.0,123.686195
129.0,0.25,129.0,0.25,31200,60,64,5,n1119-1,129.0,125.94857
129.0,0.25,129.0,0.25,31200,60,68,5,n1120-1,129.0,125.94857
129.0,0.25,129.0,0.25,31200,60,71,2,n1101-1,129.0,125.94857
129.0,0.25,129.0,0.25,31200,60,80,1,n1096-1,129.0,125.94857
129.25,0.25,129.25,0.25,31260,60,63,5,n1121-1,129.0,125.94857
129.25,0.25,129.25,0.25,31260,60,66,5,n1122-1,129.0,125.94857
129.25,0.25,129.25,0.25,31260,60,69,2,n1102-1,129.0,125.94857
129.25,0.25,129.25,0.25,31260,60,71,2,n1103-1,129.0,125.94857
129.25,0.25,129.25,0.25,31260,60,78,1,n1097-1,129.0,125.94857
129.5,0.25,129.5,0.25,31320,60,64,5,n1123-1,129.0,125.94857
129.5,0.25,129.5,0.25,31320,60,68,2,n1104-1,129.0,125.94857
129.5,0.25,129.5,0.25,31320,60,71,2,n1105-1,129.0,125.94857
129.5,0.25,129.5,0.25,31320,60,80,1,n1098-1,129.0,125.94857
129.75,0.25,129.75,0.25,31380,60,61,5,n1124-1,129.0,125.94857
129.75,0.25,129.75,0.25,31380,60,64,5,n1125-1,129.0,125.94857
129.75,0.25,129.75,0.25,31380,60,69,2,n1106-1,129.0,125.94857
129.75,0.25,129.75,0.25,31380,60,76,2,n1107-1,129.0,125.94857
129.75,0.25,129.75,0.25,31380,60,81,1,n1099-1,129.0,125.94857
130.0,0.5,130.0,0.5,31440,120,56,5,n1147-1,130.0,128.1289
130.0,0.5,130.0,0.5,31440,120,64,5,n1148-1,130.0,128.1289
130.0,0.25,130.0,0.25,31440,60,83,1,n1129-1,130.0,128.1289
130.25,0.25,130.25,0.25,31500,60,76,1,n1130-1,130.0,128.1289
130.5,0.5,130.5,0.5,31560,120,61,5,n1149-1,130.0,128.1289
130.5,0.5,130.5,0.5,31560,120,64,5,n1150-1,130.0,128.1289
130.5,0.5,130.5,0.5,31560,120,69,5,n1151-1,130.0,128.1289
130.5,0.25,130.5,0.25,31560,60,83,1,n1131-1,130.0,128.1289
130.75,0.25,130.75,0.25,31620,60,81,1,n1132-1,130.0,128.1289
131.0,0.5,131.0,0.5,31680,120,59,5,n1152-1,131.0,130.34895
131.0,0.5,131.0,0.5,31680,120,64,5,n1153-1,131.0,130.34895
131.0,0.5,131.0,0.5,31680,120,68,5,n1154-1,131.0,130.34895
131.0,1.0,131.0,1.0,31680,240,80,1,n1133-1,131.0,130.34895
131.5,0.5,131.5,0.5,31800,120,59,5,n1155-1,131.0,130.34895
131.5,0.5,131.5,0.5,31800,120,64,5,n1156-1,131.0,130.34895
131.5,0.5,131.5,0.5,31800,120,70,5,n1157-1,131.0,130.34895
132.0,0.25,132.0,0.25,31920,60,59,5,n1158-1,132.0,132.56836
132.0,0.25,132.0,0.25,31920,60,63,5,n1159-1,132.0,132.56836
132.0,0.25,132.0,0.25,31920,60,71,5,n1160-1,132.0,132.56836
132.0,0.05,132.0,0.05,31920,12,78,1,n1134-1,132.0,132.56836
132.05,0.05,132.05,0.05,31932,12,80,1,n1135-1,132.0,132.56836
132.1,0.05,132.1,0.05,31944,12,78,1,n1136-1,132.0,132.56836
132.15,0.05,132.15,0.05,31956,12,77,1,n1137-1,132.0,132.56836
132.2,0.05,132.2,0.05,31968,12,78,1,n1138-1,132.0,132.56836
132.25,0.25,132.25,0.25,31980,60,59,5,n1161-1,132.0,132.56836
132.25,0.25,132.25,0.25,31980,60,62,5,n1162-1,132.0,132.56836
132.25,0.25,132.25,0.25,31980,60,65,5,n1163-1,132.0,132.56836
132.25,0.25,132.25,0.25,31980,60,68,5,n1164-1,132.0,132.56836
132.25,0.0625,132.25,0.0625,31980,15,80,1,n1139-1,132.0,132.56836
132.3125,0.0625,132.3125,0.0625,31995,15,81,1,n1140-1,132.0,132.56836
132.375,0.0625,132.375,0.0625,32010,15,83,1,n1141-1,132.0,132.56836
132.4375,0.0625,132.4375,0.0625,32025,15,85,1,n1142-1,132.0,132.56836
132.5,0.5,132.5,0.5,32040,120,32,5,n1165-1,132.0,132.56836
132.5,0.5,132.5,0.5,32040,120,44,5,n1166-1,132.0,132.56836
132.5,0.5,132.5,0.5,32040,120,74,1,n1143-1,132.0,132.56836
132.5,0.5,132.5,0.5,32040,120,77,1,n1144-1,132.0,132.56836
132.5,0.5,132.5,0.5,32040,120,83,1,n1145-1,132.0,132.56836
132.5,0.5,132.5,0.5,32040,120,86,1,n1146-1,132.0,132.56836
133.0,1.25,133.0,1.25,32160,300,32,5,n1198-1,133.0,134.82356
133.0,1.25,133.0,1.25,32160,300,39,5,n1199-1,133.0,134.82356
133.0,1.25,133.0,1.25,32160,300,42,5,n1200-1,133.0,134.82356
133.0,1.25,133.0,1.25,32160,300,44,5,n1201-1,133.0,134.82356
133.0,0.125,133.0,0.125,32160,30,75,1,n1167-1,133.0,134.82356
133.0,0.125,133.0,0.125,32160,30,78,1,n1168-1,133.0,134.82356
133.0,0.125,133.0,0.125,32160,30,83,1,n1169-1,133.0,134.82356
133.0,0.125,133.0,0.125,32160,30,87,1,n1170-1,133.0,134.82356
133.125,0.125,133.125,0.125,32190,30,83,1,n1171-1,133.0,134.82356
133.25,0.125,133.25,0.125,32220,30,80,1,n1172-1,133.0,134.82356
133.375,0.125,133.375,0.125,32250,30,78,1,n1173-1,133.0,134.82356
133.5,0.125,133.5,0.125,32280,30,75,1,n1174-1,133.0,134.82356
133.625,0.125,133.625,0.125,32310,30,71,1,n1175-1,133.0,134.82356
133.75,0.125,133.75,0.125,32340,30,68,1,n1176-1,133.0,134.82356
133.875,0.125,133.875,0.125,32370,30,66,1,n1177-1,133.0,134.82356
134.0,0.083333336,134.0,0.083333336,32400,20,63,1,n1178-1,134.0,136.08594
134.08333,0.083333336,134.08333,0.083333336,32420,20,59,1,n1179-1,134.0,136.08594
134.16667,0.083333336,134.16667,0.083333336,32440,20,56,1,n1180-1,134.0,136.08594
134.25,0.083333336,134.25,0.083333336,32460,20,54,5,n1206-1,134.0,136.08594
134.33333,0.083333336,134.33333,0.083333336,32480,20,51,5,n1207-1,134.0,136.08594
134.41667,0.083333336,134.41667,0.083333336,32500,20,47,5,n1208-1,134.0,136.08594
134.5,0.0625,134.5,0.0625,32520,15,44,5,n1209-1,134.0,136.08594
134.5625,0.0625,134.5625,0.0625,32535,15,47,5,n1210-1,134.0,136.08594
134.625,0.0625,134.625,0.0625,32550,15,51,5,n1211-1,134.0,136.08594
134.6875,0.0625,134.6875,0.0625,32565,15,54,5,n1212-1,134.0,136.08594
134.75,0.0625,134.75,0.0625,32580,15,56,1,n1183-1,134.0,136.08594
134.8125,0.0625,134.8125,0.0625,32595,15,59,1,n1184-1,134.0,136.08594
134.875,0.0625,134.875,0.0625,32610,15,63,1,n1185-1,134.0,136.08594
134.9375,0.0625,134.9375,0.0625,32625,15,66,1,n1186-1,134.0,136.08594
135.0,0.0625,135.0,0.0625,32640,15,68,5,n1214-1,135.0,137.38411
135.0625,0.0625,135.0625,0.0625,32655,15,71,5,n1215-1,135.0,137.38411
135.125,0.0625,135.125,0.0625,32670,15,75,5,n1216-1,135.0,137.38411
135.1875,0.0625,135.1875,0.0625,32685,15,78,5,n1217-1,135.0,137.38411
135.25,0.0625,135.25,0.0625,32700,15,75,1,n1188-1,135.0,137.38411
135.3125,0.0625,135.3125,0.0625,32715,15,78,1,n1189-1,135.0,137.38411
135.375,0.0625,135.375,0.0625,32730,15,80,1,n1190-1,135.0,137.38411
135.4375,0.0625,135.4375,0.0625,32745,15,83,1,n1191-1,135.0,137.38411
135.5,0.25,135.5,0.25,32760,60,32,5,n1219-1,135.0,137.38411
135.5,0.25,135.5,0.25,32760,60,44,5,n1220-1,135.0,137.38411
135.5,0.25,135.5,0.25,32760,60,75,1,n1192-1,135.0,137.38411
135.5,0.25,135.5,0.25,32760,60,78,1,n1193-1,135.0,137.38411
135.5,0.25,135.5,0.25,32760,60,87,1,n1194-1,135.0,137.38411
135.75,0.25,135.75,0.25,32820,60,37,5,n1221-1,135.0,137.38411
135.75,0.25,135.75,0.25,32820,60,49,5,n1222-1,135.0,137.38411
135.75,0.25,135.75,0.25,32820,60,73,1,n1195-1,135.0,137.38411
135.75,0.25,135.75,0.25,32820,60,76,1,n1196-1,135.0,137.38411
135.75,0.25,135.75,0.25,32820,60,85,1,n1197-1,135.0,137.38411
136.0,0.75,136.0,0.75,32880,180,37,5,n1251-1,136.0,139.57031
136.0,0.75,136.0,0.75,32880,180,40,5,n1252-1,136.0,139.57031
136.0,0.75,136.0,0.75,32880,180,44,5,n1253-1,136.0,139.57031
136.0,0.75,136.0,0.75,32880,180,49,5,n1254-1,136.0,139.57031
136.0,0.083333336,136.0,0.083333336,32880,20,85,1,n1223-1,136.0,139.57031
136.08333,0.083333336,136.08333,0.083333336,32900,20,80,1,n1224-1,136.0,139.57031
136.16667,0.083333336,136.16667,0.083333336,32920,20,76,1,n1225-1,136.0,139.57031
136.25,0.083333336,136.25,0.083333336,32940,20,73,1,n1226-1,136.0,139.57031
136.33333,0.083333336,136.33333,0.083333336,32960,20,68,1,n1227-1,136.0,139.57031
136.41667,0.083333336,136.41667,0.083333336,32980,20,64,1,n1228-1,136.0,139.57031
136.5,0.083333336,136.5,0.083333336,33000,20,61,1,n1229-1,136.0,139.57031
136.58333,0.083333336,136.58333,0.083333336,33020,20,56,1,n1230-1,136.0,139.57031
136.66667,0.083333336,136.66667,0.083333336,33040,20,52,1,n1231-1,136.0,139.57031
136.75,0.083333336,136.75,0.083333336,33060,20,49,5,n1255-1,136.0,139.57031
136.83333,0.083333336,136.83333,0.083333336,33080,20,44,5,n1256-1,136.0,139.57031
136.91667,0.083333336,136.91667,0.083333336,33100,20,40,5,n1257-1,136.0,139.57031
137.0,0.041666668,137.0,0.041666668,33120,10,37,5,n1258-1,137.0,141.2972
137.04167,0.041666668,137.04167,0.041666668,33130,10,40,5,n1259-1,137.0,141.2972
137.08333,0.041666668,137.08333,0.041666668,33140,10,44,5,n1260-1,137.0,141.2972
137.125,0.041666668,137.125,0.041666668,33150,10,49,1,n1232-1,137.0,141.2972
137.16667,0.041666668,137.16667,0.041666668,33160,10,52,1,n1233-1,137.0,141.2972
137.20833,0.041666668,137.20833,0.041666668,33170,10,56,1,n1234-1,137.0,141.2972
137.25,0.041666668,137.25,0.041666668,33180,10,61,5,n1261-1,137.0,141.2972
137.29167,0.041666668,137.29167,0.041666668,33190,10,64,5,n1262-1,137.0,141.2972
137.33333,0.041666668,137.33333,0.041666668,33200,10,68,5,n1263-1,137.0,141.2972
137.375,0.041666668,137.375,0.041666668,33210,10,73,1,n1236-1,137.0,141.2972
137.41667,0.041666668,137.41667,0.041666668,33220,10,76,1,n1237-1,137.0,141.2972
137.45833,0.041666668,137.45833,0.041666668,33230,10,80,1,n1238-1,137.0,141.2972
137.5,0.25,137.5,0.25,33240,60,32,5,n1265-1,137.0,141.2972
137.5,0.25,137.5,0.25,33240,60,44,5,n1266-1,137.0,141.2972
137.5,0.25,137.5,0.25,33240,60,73,1,n1239-1,137.0,141.2972
137.5,0.25,137.5,0.25,33240,60,76,1,n1240-1,137.0,141.2972
137.5,0.25,137.5,0.25,33240,60,85,1,n1241-1,137.0,141.2972
137.75,0.25,137.75,0.25,33300,60,32,5,n1267-1,137.0,141.2972
137.75,0.25,137.75,0.25,33300,60,44,5,n1268-1,137.0,141.2972
137.75,0.25,137.75,0.25,33300,60,71,1,n1242-1,137.0,141.2972
137.75,0.25,137.75,0.25,33300,60,76,1,n1243-1,137.0,141.2972
137.75,0.25,137.75,0.25,33300,60,83,1,n1244-1,137.0,141.2972
138.0,0.5,138.0,0.5,33360,120,32,5,n1269-1,138.0,143.0241
138.0,0.5,138.0,0.5,33360,120,40,5,n1270-1,138.0,143.0241
138.0,0.5,138.0,0.5,33360,120,44,5,n1271-1,138.0,143.0241
138.0,0.5,138.0,0.5,33360,120,71,1,n1245-1,138.0,143.0241
138.0,0.5,138.0,0.5,33360,120,76,1,n1246-1,138.0,143.0241
138.0,0.5,138.0,0.5,33360,120,83,1,n1247-1,138.0,143.0241
138.5,0.75,138.5,0.75,33480,180,32,5,n1272-1,138.0,143.0241
138.5,0.75,138.5,0.75,33480,180,40,5,n1273-1,138.0,143.0241
138.5,0.75,138.5,0.75,33480,180,44,5,n1274-1,138.0,143.0241
138.5,0.625,138.5,0.625,33480,150,83,1,n1248-1,138.0,143.0241
138.5,0.625,138.5,0.625,33480,150,88,1,n1249-1,138.0,143.0241
138.5,0.625,138.5,0.625,33480,150,95,1,n1250-1,138.0,143.0241
139.125,0.125,139.125,0.125,33630,30,88,1,n1278-1,139.0,147.61035
139.25,0.25,139.25,0.25,33660,60,44,5,n1310-1,139.0,147.61035
139.25,0.25,139.25,0.25,33660,60,47,5,n1311-1,139.0,147.61035
139.25,0.25,139.25,0.25,33660,60,52,5,n1312-1,139.0,147.61035
139.25,0.125,139.25,0.125,33660,30,87,1,n1279-1,139.0,147.61035
139.375,0.125,139.375,0.125,33690,30,88,1,n1280-1,139.0,147.61035
139.5,0.125,139.5,0.125,33720,30,87,1,n1281-1,139.0,147.61035
139.625,0.125,139.625,0.125,33750,30,88,1,n1282-1,139.0,147.61035
139.75,0.25,139.75,0.25,33780,60,49,5,n1314-1,139.0,147.61035
139.75,0.25,139.75,0.25,33780,60,52,5,n1315-1,139.0,147.61035
139.75,0.25,139.75,0.25,33780,60,57,5,n1316-1,139.0,147.61035
139.75,0.125,139.75,0.125,33780,30,95,1,n1283-1,139.0,147.61035
139.875,0.125,139.875,0.125,33810,30,93,1,n1284-1,139.0,147.61035
140.0,0.125,140.0,0.125,33840,30,92,1,n1285-1,140.0,152.19661
140.125,0.125,140.125,0.125,33870,30,87,1,n1286-1,140.0,152.19661
140.25,0.25,140.25,0.25,33900,60,47,5,n1318-1,140.0,152.19661
140.25,0.25,140.25,0.25,33900,60,52,5,n1319-1,140.0,152.19661
140.25,0.25,140.25,0.25,33900,60,56,5,n1320-1,140.0,152.19661
140.25,0.125,140.25,0.125,33900,30,88,1,n1287-1,140.0,152.19661
140.375,0.125,140.375,0.125,33930,30,87,1,n1288-1,140.0,152.19661
140.5,0.083333336,140.5,0.083333336,33960,20,80,5,n1321-1,140.0,152.19661
140.5,0.083333336,140.5,0.083333336,33960,20,88,1,n1289-1,140.0,152.19661
140.58333,0.083333336,140.58333,0.083333336,33980,20,76,5,n1322-1,140.0,152.19661
140.58333,0.083333336,140.58333,0.083333336,33980,20,85,1,n1290-1,140.0,152.19661
140.66667,0.083333336,140.66667,0.083333336,34000,20,78,5,n1323-1,140.0,152.19661
140.66667,0.083333336,140.66667,0.083333336,34000,20,87,1,n1291-1,140.0,152.19661
140.75,0.083333336,140.75,0.083333336,34020,20,75,5,n1324-1,140.0,152.19661
140.75,0.083333336,140.75,0.083333336,34020,20,83,1,n1292-1,140.0,152.19661
140.83333,0.083333336,140.83333,0.083333336,34040,20,76,5,n1325-1,140.0,152.19661
140.83333,0.083333336,140.83333,0.083333336,34040,20,85,1,n1293-1,140.0,152.19661
140.91667,0.083333336,140.91667,0.083333336,34060,20,73,5,n1326-1,140.0,152.19661
140.91667,0.083333336,140.91667,0.083333336,34060,20,81,1,n1294-1,140.0,152.19661
141.0,0.083333336,141.0,0.083333336,34080,20,75,5,n1327-1,141.0,154.63672
141.0,0.083333336,141.0,0.083333336,34080,20,83,1,n1295-1,141.0,154.63672
141.08333,0.083333336,141.08333,0.083333336,34100,20,71,5,n1328-1,141.0,154.63672
141.08333,0.083333336,141.08333,0.083333336,34100,20,80,1,n1296-1,141.0,154.63672
141.16667,0.083333336,141.16667,0.083333336,34120,20,73,5,n1329-1,141.0,154.63672
141.16667,0.083333336,141.16667,0.083333336,34120,20,81,1,n1297-1,141.0,154.63672
141.25,0.083333336,141.25,0.083333336,34140,20,69,5,n1330-1,141.0,154.63672
141.25,0.083333336,141.25,0.083333336,34140,20,78,1,n1298-1,141.0,154.63672
141.33333,0.083333336,141.33333,0.083333336,34160,20,71,5,n1331-1,141.0,154.63672
141.33333,0.083333336,141.33333,0.083333336,34160,20,80,1,n1299-1,141.0,154.63672
141.41667,0.083333336,141.41667,0.083333336,34180,20,68,5,n1332-1,141.0,154.63672
141.41667,0.083333336,141.41667,0.083333336,34180,20,76,1,n1300-1,141.0,154.63672
141.5,0.083333336,141.5,0.083333336,34200,20,69,5,n1333-1,141.0,154.63672
141.5,0.083333336,141.5,0.083333336,34200,20,78,1,n1301-1,141.0,154.63672
141.58333,0.083333336,141.58333,0.083333336,34220,20,66,5,n1334-1,141.0,154.63672
141.58333,0.083333336,141.58333,0.083333336,34220,20,75,1,n1302-1,141.0,154.63672
141.66667,0.083333336,141.66667,0.083333336,34240,20,68,5,n1335-1,141.0,154.63672
141.66667,0.083333336,141.66667,0.083333336,34240,20,76,1,n1303-1,141.0,154.63672
141.75,0.083333336,141.75,0.083333336,34260,20,64,5,n1336-1,141.0,154.63672
141.75,0.083333336,141.75,0.083333336,34260,20,73,1,n1304-1,141.0,154.63672
141.83333,0.083333336,141.83333,0.083333336,34280,20,66,5,n1337-1,141.0,154.63672
141.83333,0.083333336,141.83333,0.083333336,34280,20,75,1,n1305-1,141.0,154.63672
141.91667,0.083333336,141.91667,0.083333336,34300,20,63,5,n1338-1,141.0,154.63672
141.91667,0.083333336,141.91667,0.083333336,34300,20,71,1,n1306-1,141.0,154.63672
142.0,0.083333336,142.0,0.083333336,34320,20,64,5,n1375-1,142.0,155.88347
142.0,0.083333336,142.0,0.083333336,34320,20,73,1,n1339-1,142.0,155.88347
142.08333,0.083333336,142.08333,0.083333336,34340,20,61,5,n1376-1,142.0,155.88347
142.08333,0.083333336,142.08333,0.083333336,34340,20,69,1,n1340-1,142.0,155.88347
142.16667,0.083333336,142.16667,0.083333336,34360,20,63,5,n1377-1,142.0,155.88347
142.16667,0.083333336,142.16667,0.083333336,34360,20,71,1,n1341-1,142.0,155.88347
142.25,0.083333336,142.25,0.083333336,34380,20,59,5,n1378-1,142.0,155.88347
142.25,0.083333336,142.25,0.083333336,34380,20,68,1,n1342-1,142.0,155.88347
142.33333,0.083333336,142.33333,0.083333336,34400,20,61,5,n1379-1,142.0,155.88347
142.33333,0.083333336,142.33333,0.083333336,34400,20,69,1,n1343-1,142.0,155.88347
142.41667,0.083333336,142.41667,0.083333336,34420,20,57,5,n1380-1,142.0,155.88347
142.41667,0.083333336,142.41667,0.083333336,34420,20,66,1,n1344-1,142.0,155.88347
142.5,0.083333336,142.5,0.083333336,34440,20,59,5,n1381-1,142.0,155.88347
142.5,0.083333336,142.5,0.083333336,34440,20,68,1,n1345-1,142.0,155.88347
142.58333,0.083333336,142.58333,0.083333336,34460,20,56,5,n1382-1,142.0,155.88347
142.58333,0.083333336,142.58333,0.083333336,34460,20,64,1,n1346-1,142.0,155.88347
142.66667,0.083333336,142.66667,0.083333336,34480,20,57,5,n1383-1,142.0,155.88347
142.66667,0.083333336,142.66667,0.083333336,34480,20,66,1,n1347-1,142.0,155.88347
142.75,0.083333336,142.75,0.083333336,34500,20,54,5,n1384-1,142.0,155.88347
142.75,0.083333336,142.75,0.083333336,34500,20,63,1,n1348-1,142.0,155.88347
142.83333,0.083333336,142.83333,0.083333336,34520,20,56,5,n1385-1,142.0,155.88347
142.83333,0.083333336,142.83333,0.083333336,34520,20,64,1,n1349-1,142.0,155.88347
142.91667,0.083333336,142.91667,0.083333336,34540,20,52,5,n1386-1,142.0,155.88347
142.91667,0.083333336,142.91667,0.083333336,34540,20,61,1,n1350-1,142.0,155.88347
143.0,0.083333336,143.0,0.083333336,34560,20,54,5,n1387-1,143.0,157.03711
143.0,0.083333336,143.0,0.083333336,34560,20,63,1,n1351-1,143.0,157.03711
143.08333,0.083333336,143.08333,0.083333336,34580,20,51,5,n1388-1,143.0,157.03711
143.08333,0.083333336,143.08333,0.083333336,34580,20,59,1,n1352-1,143.0,157.03711
143.16667,0.083333336,143.16667,0.083333336,34600,20,52,5,n1389-1,143.0,157.03711
143.16667,0.083333336,143.16667,0.083333336,34600,20,61,1,n1353-1,143.0,157.03711
143.25,0.083333336,143.25,0.083333336,34620,20,49,5,n1390-1,143.0,157.03711
143.25,0.083333336,143.25,0.083333336,34620,20,57,1,n1354-1,143.0,157.03711
143.33333,0.083333336,143.33333,0.083333336,34640,20,51,5,n1391-1,143.3,162.3112
143.33333,0.083333336,143.33333,0.083333336,34640,20,59,1,n1355-1,143.3,162.3112
143.41667,0.083333336,143.41667,0.083333336,34660,20,47,5,n1392-1,143.3,162.3112
143.41667,0.083333336,143.41667,0.083333336,34660,20,56,1,n1356-1,143.3,162.3112
143.5,0.083333336,143.5,0.083333336,34680,20,49,5,n1393-1,143.3,162.3112
143.5,0.083333336,143.5,0.083333336,34680,20,57,1,n1357-1,143.3,162.3112
143.58333,0.083333336,143.58333,0.083333336,34700,20,45,5,n1394-1,143.3,162.3112
143.58333,0.083333336,143.58333,0.083333336,34700,20,54,1,n1358-1,143.3,162.3112
143.66667,0.083333336,143.66667,0.083333336,34720,20,47,5,n1395-1,143.3,162.3112
143.66667,0.083333336,143.66667,0.083333336,34720,20,56,1,n1359-1,143.3,162.3112
143.75,0.083333336,143.75,0.083333336,34740,20,44,5,n1396-1,143.3,162.3112
143.75,0.083333336,143.75,0.083333336,34740,20,52,1,n1360-1,143.3,162.3112
143.83333,0.083333336,143.83333,0.083333336,34760,20,45,5,n1397-1,143.3,162.3112
143.83333,0.083333336,143.83333,0.083333336,34760,20,54,1,n1361-1,143.3,162.3112
143.91667,0.083333336,143.91667,0.083333336,34780,20,42,5,n1398-1,143.3,162.3112
143.91667,0.083333336,143.91667,0.083333336,34780,20,51,1,n1362-1,143.3,162.3112
144.0,0.083333336,144.0,0.083333336,34800,20,44,5,n1399-1,143.3,162.3112
144.0,0.083333336,144.0,0.083333336,34800,20,52,1,n1363-1,143.3,162.3112
144.08333,0.083333336,144.08333,0.083333336,34820,20,40,5,n1400-1,143.3,162.3112
144.08333,0.083333336,144.08333,0.083333336,34820,20,49,1,n1364-1,143.3,162.3112
144.16667,0.083333336,144.16667,0.083333336,34840,20,42,5,n1401-1,143.3,162.3112
144.16667,0.083333336,144.16667,0.083333336,34840,20,52,1,n1365-1,143.3,162.3112
144.25,0.083333336,144.25,0.083333336,34860,20,39,5,n1402-1,143.3,162.3112
144.25,0.083333336,144.25,0.083333336,34860,20,47,1,n1366-1,143.3,162.3112
144.33333,0.083333336,144.33333,0.083333336,34880,20,40,5,n1403-1,143.3,162.3112
144.33333,0.083333336,144.33333,0.083333336,34880,20,49,1,n1367-1,143.3,162.3112
144.41667,0.083333336,144.41667,0.083333336,34900,20,37,5,n1404-1,143.3,162.3112
144.41667,0.083333336,144.41667,0.083333336,34900,20,46,1,n1368-1,143.3,162.3112
144.5,0.16666667,144.5,0.16666667,34920,40,35,5,n1405-1,143.3,162.3112
144.5,0.083333336,144.5,0.083333336,34920,20,47,1,n1369-1,143.3,162.3112
144.58333,0.083333336,144.58333,0.083333336,34940,20,45,1,n1370-1,143.3,162.3112
144.66667,0.16666667,144.66667,0.16666667,34960,40,37,5,n1406-1,144.6,163.89973
144.66667,0.083333336,144.66667,0.083333336,34960,20,47,1,n1371-1,144.6,163.89973
144.75,0.083333336,144.75,0.083333336,34980,20,44,1,n1372-1,144.6,163.89973
144.83333,0.16666667,144.83333,0.16666667,35000,40,39,5,n1407-1,144.6,163.89973
144.83333,0.083333336,144.83333,0.083333336,35000,20,47,1,n1373-1,144.6,163.89973
144.91667,0.083333336,144.91667,0.083333336,35020,20,42,1,n1374-1,144.6,163.89973
145.0,1.0,145.0,1.0,35040,240,28,5,n1435-1,144.6,163.89973
145.0,0.16666667,145.0,0.16666667,35040,40,40,1,n1408-1,144.6,163.89973
145.16667,0.16666667,145.16667,0.16666667,35080,40,47,1,n1409-1,144.6,163.89973
145.33333,0.16666667,145.33333,0.16666667,35120,40,44,1,n1410-1,144.6,163.89973
145.5,0.16666667,145.5,0.16666667,35160,40,52,1,n1411-1,144.6,163.89973
145.66667,0.16666667,145.66667,0.16666667,35200,40,47,1,n1412-1,144.6,163.89973
145.83333,0.16666667,145.83333,0.16666667,35240,40,56,1,n1413-1,144.6,163.89973
146.0,0.16666667,146.0,0.16666667,35280,40,52,1,n1414-1,145.9,165.97395
146.16667,0.16666667,146.16667,0.16666667,35320,40,59,1,n1415-1,145.9,165.97395
146.33333,0.16666667,146.33333,0.16666667,35360,40,56,1,n1416-1,145.9,165.97395
146.5,0.16666667,146.5,0.16666667,35400,40,64,1,n1417-1,145.9,165.97395
146.66667,0.16666667,146.66667,0.16666667,35440,40,59,1,n1418-1,145.9,165.97395
146.83333,0.16666667,146.83333,0.16666667,35480,40,68,1,n1419-1,145.9,165.97395
147.0,0.16666667,147.0,0.16666667,35520,40,64,1,n1420-1,145.9,165.97395
147.16667,0.16666667,147.16667,0.16666667,35560,40,71,1,n1421-1,145.9,165.97395
147.33333,0.16666667,147.33333,0.16666667,35600,40,68,1,n1422-1,147.2,167.10808
147.5,0.16666667,147.5,0.16666667,35640,40,76,1,n1423-1,147.2,167.10808
147.66667,0.16666667,147.66667,0.16666667,35680,40,71,1,n1424-1,147.2,167.10808
147.83333,0.16666667,147.83333,0.16666667,35720,40,80,1,n1425-1,147.2,167.10808
148.0,0.1,148.0,0.1,35760,24,76,1,n1426-1,147.2,167.10808
148.1,0.1,148.1,0.1,35784,24,83,1,n1427-1,147.2,167.10808
148.2,0.1,148.2,0.1,35808,24,80,1,n1428-1,147.2,167.10808
148.3,0.1,148.3,0.1,35832,24,88,1,n1429-1,147.2,167.10808
148.4,0.1,148.4,0.1,35856,24,83,1,n1430-1,147.2,167.10808
148.5,0.5,148.5,0.5,35880,120,92,1,n1431-1,147.2,167.10808
149.0,0.5,149.0,0.5,36000,120,88,1,n1432-1,147.2,167.10808
149.5,0.5,149.5,0.5,36120,120,83,1,n1433-1,147.2,167.10808
150.0,0.5,150.0,0.5,36240,120,84,1,n1434-1,147.2,167.10808
150.5,1.0,150.5,1.0,36360,240,85,2,n1441-1,147.2,167.10808
150.5,0.25,150.5,0.25,36360,60,85,1,n1439-1,147.2,167.10808
150.75,0.75,150.75,0.75,36420,180,88,1,n1440-1,147.2,167.10808
151.0,0.25,151.0,0.25,36480,60,69,5,n1443-1,147.2,167.10808
151.25,0.25,151.25,0.25,36540,60,76,5,n1444-1,147.2,167.10808
151.5,1.0,151.5,1.0,36600,240,88,2,n1449-1,151.5,167.95833
151.5,0.25,151.5,0.25,36600,60,88,1,n1445-1,151.5,167.95833
151.75,0.75,151.75,0.75,36660,180,83,1,n1446-1,151.5,167.95833
152.0,0.25,152.0,0.25,36720,60,76,5,n1452-1,151.5,167.95833
152.25,0.25,152.25,0.25,36780,60,68,5,n1453-1,151.5,167.95833
152.5,1.0,152.5,1.0,36840,240,81,2,n1450-1,152.5,168.58203
152.5,0.25,152.5,0.25,36840,60,81,1,n1447-1,152.5,168.58203
152.75,0.75,152.75,0.75,36900,180,83,1,n1448-1,152.5,168.58203
153.0,0.25,153.0,0.25,36960,60,66,5,n1455-1,152.5,168.58203
153.25,0.25,153.25,0.25,37020,60,75,5,n1456-1,152.5,168.58203
153.5,0.25,153.5,0.25,37080,60,83,1,n1457-1,153.5,169.22656
153.5,1.0,153.5,1.0,37080,240,83,2,n1462-1,153.5,169.22656
153.75,0.75,153.75,0.75,37140,180,80,1,n1458-1,153.5,169.22656
154.0,0.25,154.0,0.25,37200,60,76,5,n1464-1,153.5,169.22656
154.25,0.25,154.25,0.25,37260,60,64,5,n1465-1,153.5,169.22656
154.5,1.0,154.5,1.0,37320,240,69,6,n1468-1,154.5,170.04297
154.5,0.25,154.5,0.25,37320,60,73,5,n1466-1,154.5,170.04297
154.75,0.75,154.75,0.75,37380,180,76,5,n1467-1,154.5,170.04297
155.0,0.25,155.0,0.25,37440,60,85,1,n1460-1,154.5,170.04297
155.25,0.25,155.25,0.25,37500,60,88,1,n1461-1,154.5,170.04297
155.5,1.0,155.5,1.0,37560,240,68,6,n1480-1,155.5,170.72266
155.5,0.25,155.5,0.25,37560,60,76,5,n1476-1,155.5,170.72266
155.75,0.75,155.75,0.75,37620,180,71,5,n1477-1,155.5,170.72266
156.0,0.25,156.0,0.25,37680,60,88,1,n1470-1,155.5,170.72266
156.25,0.25,156.25,0.25,37740,60,83,1,n1471-1,155.5,170.72266
156.5,1.0,156.5,1.0,37800,240,66,6,n1481-1,156.5,171.30534
156.5,0.25,156.5,0.25,37800,60,69,5,n1478-1,156.5,171.30534
156.75,0.75,156.75,0.75,37860,180,71,5,n1479-1,156.5,171.30534
157.0,0.25,157.0,0.25,37920,60,83,1,n1473-1,156.5,171.30534
157.25,0.25,157.25,0.25,37980,60,87,1,n1474-1,156.5,171.30534
157.25,0.25,157.25,0.25,37980,60,90,1,n1475-1,156.5,171.30534
157.5,1.0,157.5,1.0,38040,240,64,6,n1494-1,157.5,171.9388
157.5,0.25,157.5,0.25,38040,60,71,5,n1489-1,157.5,171.9388
158.0,0.25,158.0,0.25,38160,60,88,1,n1483-1,157.5,171.9388
158.0,0.25,158.0,0.25,38160,60,92,1,n1484-1,157.5,171.9388
158.25,0.25,158.25,0.25,38220,60,83,1,n1485-1,157.5,171.9388
158.5,1.0,158.5,1.0,38280,240,78,2,n1488-1,158.5,172.7448
158.5,0.25,158.5,0.25,38280,60,78,1,n1486-1,158.5,172.7448
158.75,0.75,158.75,0.75,38340,180,83,1,n1487-1,158.5,172.7448
159.0,0.25,159.0,0.25,38400,60,75,5,n1492-1,158.5,172.7448
159.25,0.25,159.25,0.25,38460,60,71,5,n1493-1,158.5,172.7448
159.5,1.0,159.5,1.0,38520,240,80,2,n1499-1,159.5,173.38281
159.5,0.25,159.5,0.25,38520,60,80,1,n1495-1,159.5,173.38281
159.75,0.75,159.75,0.75,38580,180,83,1,n1496-1,159.5,173.38281
160.0,0.25,160.0,0.25,38640,60,76,5,n1502-1,159.5,173.38281
160.25,0.25,160.25,0.25,38700,60,71,5,n1503-1,159.5,173.38281
160.5,0.25,160.5,0.25,38760,60,81,1,n1497-1,160.5,174.00911
160.5,1.0,160.5,1.0,38760,240,81,2,n1500-1,160.5,174.00911
160.75,0.75,160.75,0.75,38820,180,83,1,n1498-1,160.5,174.00911
161.0,0.25,161.0,0.25,38880,60,78,5,n1505-1,160.5,174.00911
161.25,0.25,161.25,0.25,38940,60,71,5,n1506-1,160.5,174.00911
161.5,1.0,161.5,1.0,39000,240,83,2,n1512-1,161.5,174.64062
161.5,0.25,161.5,0.25,39000,60,83,1,n1507-1,161.5,174.64062
161.75,0.75,161.75,0.75,39060,180,88,1,n1508-1,161.5,174.64062
162.0,0.25,162.0,0.25,39120,60,80,5,n1514-1,161.5,174.64062
162.25,0.25,162.25,0.25,39180,60,71,5,n1515-1,161.5,174.64062
162.5,1.0,162.5,1.0,39240,240,63,6,n1518-1,162.5,175.44402
162.5,1.0,162.5,1.0,39240,240,66,6,n1519-1,162.5,175.44402
162.5,0.25,162.5,0.25,39240,60,66,5,n1516-1,162.5,175.44402
162.75,0.75,162.75,0.75,39300,180,71,5,n1517-1,162.5,175.44402
163.0,0.25,163.0,0.25,39360,60,83,1,n1510-1,162.5,175.44402
163.25,0.25,163.25,0.25,39420,60,78,1,n1511-1,162.5,175.44402
163.5,1.0,163.5,1.0,39480,240,64,6,n1530-1,163.5,176.21875
163.5,0.25,163.5,0.25,39480,60,68,5,n1526-1,163.5,176.21875
163.5,1.0,163.5,1.0,39480,240,68,6,n1531-1,163.5,176.21875
163.75,0.75,163.75,0.75,39540,180,71,5,n1527-1,163.5,176.21875
164.0,0.25,164.0,0.25,39600,60,83,1,n1521-1,163.5,176.21875
164.25,0.25,164.25,0.25,39660,60,80,1,n1522-1,163.5,176.21875
164.5,1.0,164.5,1.0,39720,240,66,6,n1532-1,164.5,176.8405
164.5,0.25,164.5,0.25,39720,60,69,5,n1528-1,164.5,176.8405
164.5,1.0,164.5,1.0,39720,240,69,6,n1533-1,164.5,176.8405
164.75,0.75,164.75,0.75,39780,180,71,5,n1529-1,164.5,176.8405
165.0,0.25,165.0,0.25,39840,60,83,1,n1524-1,164.5,176.8405
165.25,0.25,165.25,0.25,39900,60,81,1,n1525-1,164.5,176.8405
165.5,1.0,165.5,1.0,39960,240,68,6,n1548-1,165.5,177.48372
165.5,0.25,165.5,0.25,39960,60,71,5,n1542-1,165.5,177.48372
165.5,1.0,165.5,1.0,39960,240,71,6,n1549-1,165.5,177.48372
165.75,0.75,165.75,0.75,40020,180,76,5,n1543-1,165.5,177.48372
166.0,0.25,166.0,0.25,40080,60,83,1,n1535-1,165.5,177.48372
166.25,0.25,166.25,0.25,40140,60,80,1,n1536-1,165.5,177.48372
166.5,1.0,166.5,1.0,40200,240,71,2,n1539-1,166.5,178.25911
166.5,1.0,166.5,1.0,40200,240,75,2,n1540-1,166.5,178.25911
166.5,1.0,166.5,1.0,40200,240,78,2,n1541-1,166.5,178.25911
166.5,0.25,166.5,0.25,40200,60,78,1,n1537-1,166.5,178.25911
166.75,0.75,166.75,0.75,40260,180,83,1,n1538-1,166.5,178.25911
167.0,0.25,167.0,0.25,40320,60,66,5,n1545-1,166.5,178.25911
167.0,0.25,167.0,0.25,40320,60,69,5,n1546-1,166.5,178.25911
167.25,0.25,167.25,0.25,40380,60,59,5,n1547-1,166.5,178.25911
167.5,1.0,167.5,1.0,40440,240,71,2,n1554-1,167.5,179.01953
167.5,1.0,167.5,1.0,40440,240,76,2,n1555-1,167.5,179.01953
167.5,0.25,167.5,0.25,40440,60,80,1,n1550-1,167.5,179.01953
167.5,1.0,167.5,1.0,40440,240,80,2,n1556-1,167.5,179.01953
167.75,0.75,167.75,0.75,40500,180,83,1,n1551-1,167.5,179.01953
168.0,0.25,168.0,0.25,40560,60,64,5,n1561-1,167.5,179.01953
168.0,0.25,168.0,0.25,40560,60,68,5,n1562-1,167.5,179.01953
168.25,0.25,168.25,0.25,40620,60,59,5,n1563-1,167.5,179.01953
168.5,1.0,168.5,1.0,40680,240,71,2,n1557-1,168.5,180.01302
168.5,1.0,168.5,1.0,40680,240,78,2,n1558-1,168.5,180.01302
168.5,0.25,168.5,0.25,40680,60,81,1,n1552-1,168.5,180.01302
168.5,1.0,168.5,1.0,40680,240,81,2,n1559-1,168.5,180.01302
168.75,0.75,168.75,0.75,40740,180,83,1,n1553-1,168.5,180.01302
169.0,0.25,169.0,0.25,40800,60,63,5,n1565-1,168.5,180.01302
169.0,0.25,169.0,0.25,40800,60,66,5,n1566-1,168.5,180.01302
169.25,0.25,169.25,0.25,40860,60,59,5,n1567-1,168.5,180.01302
170.5,1.0,170.5,1.0,41160,240,47,5,n1573-1,170.5,183.49284
170.5,1.0,170.5,1.0,41160,240,54,5,n1574-1,170.5,183.49284
170.5,1.0,170.5,1.0,41160,240,57,5,n1575-1,170.5,183.49284
170.5,1.0,170.5,1.0,41160,240,59,1,n1569-1,170.5,183.49284
170.5,1.0,170.5,1.0,41160,240,63,1,n1570-1,170.5,183.49284
170.5,1.0,170.5,1.0,41160,240,66,1,n1571-1,170.5,183.49284
172.5,1.0,172.5,1.0,41640,240,47,5,n1581-1,172.5,185.62695
172.5,1.0,172.5,1.0,41640,240,52,5,n1582-1,172.5,185.62695
172.5,1.0,172.5,1.0,41640,240,56,5,n1583-1,172.5,185.62695
172.5,1.0,172.5,1.0,41640,240,59,1,n1577-1,172.5,185.62695
172.5,1.0,172.5,1.0,41640,240,64,1,n1578-1,172.5,185.62695
172.5,1.0,172.5,1.0,41640,240,68,1,n1579-1,172.5,185.62695
174.5,1.0,174.5,1.0,42120,240,48,5,n1591-1,174.5,187.86653
174.5,1.0,174.5,1.0,42120,240,51,5,n1592-1,174.5,187.86653
174.5,1.0,174.5,1.0,42120,240,54,5,n1593-1,174.5,187.86653
174.5,1.0,174.5,1.0,42120,240,58,1,n1585-1,174.5,187.86653
174.5,1.0,174.5,1.0,42120,240,59,1,n1586-1,174.5,187.86653
174.5,1.0,174.5,1.0,42120,240,63,1,n1587-1,174.5,187.86653
174.5,1.0,174.5,1.0,42120,240,66,1,n1588-1,174.5,187.86653
174.5,1.0,174.5,1.0,42120,240,69,1,n1589-1,174.5,187.86653
175.5,1.0,175.5,1.0,42360,240,49,5,n1600-1,175.5,189.11003
175.5,1.0,175.5,1.0,42360,240,52,5,n1601-1,175.5,189.11003
175.5,1.0,175.5,1.0,42360,240,56,5,n1602-1,175.5,189.11003
175.5,1.0,175.5,1.0,42360,240,61,1,n1594-1,175.5,189.11003
175.5,1.0,175.5,1.0,42360,240,64,1,n1595-1,175.5,189.11003
175.5,1.0,175.5,1.0,42360,240,68,1,n1596-1,175.5,189.11003
176.5,6.0,176.5,6.0,42600,1440,45,6,n1606-1,176.5,190.1569
176.5,2.0,176.5,2.0,42600,480,49,5,n1603-1,176.5,190.1569
176.5,1.0,176.5,1.0,42600,240,53,5,n1604-1,176.5,190.1569
176.5,2.0,176.5,2.0,42600,480,61,1,n1597-1,176.5,190.1569
176.5,2.0,176.5,2.0,42600,480,65,1,n1598-1,176.5,190.1569
176.5,2.0,176.5,2.0,42600,480,73,1,n1599-1,176.5,190.1569
177.5,1.0,177.5,1.0,42840,240,54,5,n1616-1,177.5,191.0677
178.5,1.0,178.5,1.0,43080,240,50,5,n1617-1,178.5,191.77148
178.5,1.0,178.5,1.0,43080,240,53,5,n1618-1,178.5,191.77148
178.5,1.0,178.5,1.0,43080,240,56,5,n1619-1,178.5,191.77148
178.5,1.0,178.5,1.0,43080,240,59,1,n1610-1,178.5,191.77148
178.5,1.0,178.5,1.0,43080,240,62,1,n1611-1,178.5,191.77148
178.5,1.0,178.5,1.0,43080,240,65,1,n1612-1,178.5,191.77148
178.5,1.0,178.5,1.0,43080,240,68,1,n1613-1,178.5,191.77148
178.5,1.0,178.5,1.0,43080,240,71,1,n1614-1,178.5,191.77148
179.5,1.0,179.5,1.0,43320,240,49,5,n1630-1,179.5,192.44597
179.5,1.0,179.5,1.0,43320,240,54,5,n1631-1,179.5,192.44597
179.5,1.0,179.5,1.0,43320,240,57,1,n1621-1,179.5,192.44597
179.5,1.0,179.5,1.0,43320,240,61,1,n1622-1,179.5,192.44597
179.5,1.0,179.5,1.0,43320,240,66,1,n1623-1,179.5,192.44597
179.5,1.0,179.5,1.0,43320,240,69,1,n1624-1,179.5,192.44597
180.5,1.0,180.5,1.0,43560,240,47,5,n1632-1,180.5,193.15495
180.5,1.0,180.5,1.0,43560,240,50,5,n1633-1,180.5,193.15495
180.5,1.0,180.5,1.0,43560,240,53,5,n1634-1,180.5,193.15495
180.5,1.0,180.5,1.0,43560,240,56,1,n1625-1,180.5,193.15495
180.5,1.0,180.5,1.0,43560,240,59,1,n1626-1,180.5,193.15495
180.5,1.0,180.5,1.0,43560,240,62,1,n1627-1,180.5,193.15495
180.5,1.0,180.5,1.0,43560,240,65,1,n1628-1,180.5,193.15495
180.5,1.0,180.5,1.0,43560,240,68,1,n1629-1,180.5,193.15495
181.5,1.0,181.5,1.0,43800,240,49,5,n1642-1,181.5,194.02995
181.5,1.0,181.5,1.0,43800,240,54,5,n1643-1,181.5,194.02995
181.5,1.0,181.5,1.0,43800,240,57,1,n1636-1,181.5,194.02995
181.5,1.0,181.5,1.0,43800,240,61,1,n1637-1,181.5,194.02995
181.5,1.0,181.5,1.0,43800,240,66,1,n1638-1,181.5,194.02995
181.5,1.0,181.5,1.0,43800,240,69,1,n1639-1,181.5,194.02995
182.5,1.0,182.5,1.0,44040,240,34,5,n1644-1,182.5,194.87239
182.5,1.0,182.5,1.0,44040,240,46,5,n1645-1,182.5,194.87239
182.5,1.0,182.5,1.0,44040,240,54,1,n1640-1,182.5,194.87239
182.5,1.0,182.5,1.0,44040,240,61,1,n1641-1,182.5,194.87239
183.5,1.0,183.5,1.0,44280,240,35,5,n1654-1,183.5,195.64388
183.5,1.0,183.5,1.0,44280,240,47,5,n1655-1,183.5,195.64388
183.5,1.0,183.5,1.0,44280,240,52,1,n1647-1,183.5,195.64388
183.5,1.0,183.5,1.0,44280,240,56,1,n1648-1,183.5,195.64388
183.5,1.0,183.5,1.0,44280,240,59,1,n1649-1,183.5,195.64388
183.5,1.0,183.5,1.0,44280,240,64,1,n1650-1,183.5,195.64388
184.5,1.0,184.5,1.0,44520,240,36,5,n1656-1,184.5,196.45703
184.5,1.0,184.5,1.0,44520,240,48,5,n1657-1,184.5,196.45703
184.5,1.0,184.5,1.0,44520,240,54,1,n1651-1,184.5,196.45703
184.5,1.0,184.5,1.0,44520,240,57,1,n1652-1,184.5,196.45703
184.5,1.0,184.5,1.0,44520,240,63,1,n1653-1,184.5,196.45703
185.5,1.0,185.5,1.0,44760,240,35,5,n1665-1,185.5,197.17058
185.5,1.0,185.5,1.0,44760,240,47,5,n1666-1,185.5,197.17058
185.5,1.0,185.5,1.0,44760,240,56,1,n1658-1,185.5,197.17058
185.5,1.0,185.5,1.0,44760,240,59,1,n1659-1,185.5,197.17058
185.5,1.0,185.5,1.0,44760,240,64,1,n1660-1,185.5,197.17058
186.5,1.0,186.5,1.0,45000,240,33,5,n1667-1,186.5,197.95964
186.5,1.0,186.5,1.0,45000,240,45,5,n1668-1,186.5,197.95964
186.5,1.0,186.5,1.0,45000,240,54,1,n1661-1,186.5,197.95964
186.5,1.0,186.5,1.0,45000,240,60,1,n1662-1,186.5,197.95964
186.5,1.0,186.5,1.0,45000,240,63,1,n1663-1,186.5,197.95964
186.5,1.0,186.5,1.0,45000,240,66,1,n1664-1,186.5,197.95964
187.5,1.0,187.5,1.0,45240,240,32,5,n1675-1,187.5,198.89192
187.5,1.0,187.5,1.0,45240,240,44,5,n1676-1,187.5,198.89192
187.5,1.0,187.5,1.0,45240,240,59,1,n1669-1,187.5,198.89192
187.5,1.0,187.5,1.0,45240,240,64,1,n1670-1,187.5,198.89192
187.5,1.0,187.5,1.0,45240,240,68,1,n1671-1,187.5,198.89192
188.5,1.0,188.5,1.0,45480,240,30,5,n1677-1,188.5,199.96094
188.5,0.75,188.5,0.75,45480,180,42,6,n1678-1,188.5,199.96094
188.5,1.0,188.5,1.0,45480,240,58,1,n1672-1,188.5,199.96094
188.5,1.0,188.5,1.0,45480,240,64,1,n1673-1,188.5,199.96094
188.5,2.0,188.5,2.0,45480,480,73,1,n1674-1,188.5,199.96094
189.25,0.25,189.25,0.25,45660,60,44,6,n1679-1,188.5,199.96094
189.5,2.0,189.5,2.0,45720,480,35,6,n1686-1,189.5,200.94466
189.5,1.0,189.5,1.0,45720,240,45,5,n1684-1,189.5,200.94466
189.5,2.0,189.5,2.0,45720,480,63,2,n1682-1,189.5,200.94466
189.5,2.0,189.5,2.0,45720,480,66,2,n1683-1,189.5,200.94466
190.5,1.0,190.5,1.0,45960,240,47,5,n1685-1,190.5,202.1556
190.5,1.0,190.5,1.0,45960,240,71,1,n1681-1,190.5,202.1556
191.5,0.25,191.5,0.25,46200,60,68,1,n1687-1,191.5,203.28906
191.5,1.0,191.5,1.0,46200,240,68,2,n1691-1,191.5,203.28906
191.75,0.75,191.75,0.75,46260,180,59,1,n1688-1,191.5,203.28906
192.0,0.25,192.0,0.25,46320,60,40,5,n1693-1,191.5,203.28906
192.25,0.25,192.25,0.25,46380,60,52,5,n1694-1,191.5,203.28906
192.5,0.25,192.5,0.25,46440,60,57,1,n1689-1,192.5,204.03645
192.75,0.75,192.75,0.75,46500,180,69,1,n1690-1,192.5,204.03645
193.0,0.25,193.0,0.25,46560,60,48,5,n1696-1,192.5,204.03645
193.25,0.25,193.25,0.25,46620,60,40,5,n1697-1,192.5,204.03645
193.5,0.25,193.5,0.25,46680,60,66,1,n1698-1,193.5,204.70703
193.5,1.0,193.5,1.0,46680,240,66,2,n1704-1,193.5,204.70703
193.75,0.75,193.75,0.75,46740,180,57,1,n1699-1,193.5,204.70703
193.75,0.75,193.75,0.75,46740,180,60,1,n1700-1,193.5,204.70703
194.0,0.25,194.0,0.25,46800,60,40,5,n1706-1,193.5,204.70703
194.25,0.25,194.25,0.25,46860,60,51,5,n1707-1,193.5,204.70703
194.5,0.25,194.5,0.25,46920,60,56,1,n1701-1,194.5,205.3418
194.5,0.25,194.5,0.25,46920,60,59,1,n1702-1,194.5,205.3418
194.75,0.75,194.75,0.75,46980,180,64,1,n1703-1,194.5,205.3418
195.0,0.25,195.0,0.25,47040,60,52,5,n1709-1,194.5,205.3418
195.25,0.25,195.25,0.25,47100,60,40,5,n1710-1,194.5,205.3418
195.5,0.25,195.5,0.25,47160,60,63,1,n1711-1,195.5,205.97656
195.5,1.0,195.5,1.0,47160,240,63,2,n1717-1,195.5,205.97656
195.75,0.75,195.75,0.75,47220,180,54,1,n1712-1,195.5,205.97656
195.75,0.75,195.75,0.75,47220,180,57,1,n1713-1,195.5,205.97656
196.0,0.25,196.0,0.25,47280,60,40,5,n1719-1,195.5,205.97656
196.25,0.25,196.25,0.25,47340,60,48,5,n1720-1,195.5,205.97656
196.5,0.25,196.5,0.25,47400,60,52,1,n1714-1,196.5,206.59961
196.5,0.25,196.5,0.25,47400,60,56,1,n1715-1,196.5,206.59961
196.75,0.75,196.75,0.75,47460,180,64,1,n1716-1,196.5,206.59961
197.0,0.25,197.0,0.25,47520,60,47,5,n1722-1,196.5,206.59961
197.25,0.25,197.25,0.25,47580,60,40,5,n1723-1,196.5,206.59961
197.5,0.25,197.5,0.25,47640,60,57,2,n1726-1,197.5,207.26953
197.5,1.0,197.5,1.0,47640,240,60,1,n1724-1,197.5,207.26953
197.75,0.75,197.75,0.75,47700,180,52,2,n1727-1,197.5,207.26953
198.0,0.25,198.0,0.25,47760,60,40,5,n1730-1,197.5,207.26953
198.25,0.25,198.25,0.25,47820,60,48,5,n1731-1,197.5,207.26953
198.5,0.25,198.5,0.25,47880,60,57,2,n1728-1,198.5,207.88152
198.5,1.0,198.5,1.0,47880,240,59,1,n1725-1,198.5,207.88152
198.75,0.75,198.75,0.75,47940,180,54,2,n1729-1,198.5,207.88152
199.0,0.25,199.0,0.25,48000,60,51,5,n1732-1,198.5,207.88152
199.25,0.25,199.25,0.25,48060,60,40,5,n1733-1,198.5,207.88152
199.5,1.0,199.5,1.0,48120,240,61,1,n1734-1,199.5,208.53386
199.5,0.25,199.5,0.25,48120,60,61,2,n1736-1,199.5,208.53386
199.75,0.75,199.75,0.75,48180,180,56,2,n1737-1,199.5,208.53386
200.0,0.25,200.0,0.25,48240,60,40,5,n1741-1,199.5,208.53386
200.25,0.25,200.25,0.25,48300,60,52,5,n1742-1,199.5,208.53386
200.5,0.25,200.5,0.25,48360,60,59,2,n1738-1,200.5,209.15495
200.5,1.0,200.5,1.0,48360,240,59,1,n1735-1,200.5,209.15495
200.75,0.75,200.75,0.75,48420,180,56,2,n1739-1,200.5,209.15495
201.0,0.25,201.0,0.25,48480,60,52,5,n1744-1,200.5,209.15495
201.25,0.25,201.25,0.25,48540,60,40,5,n1745-1,200.5,209.15495
201.5,0.25,201.5,0.25,48600,60,57,2,n1748-1,201.5,209.77214
201.5,1.0,201.5,1.0,48600,240,60,1,n1746-1,201.5,209.77214
201.75,0.75,201.75,0.75,48660,180,54,2,n1749-1,201.5,209.77214
202.0,0.25,202.0,0.25,48720,60,40,5,n1753-1,201.5,209.77214
202.25,0.25,202.25,0.25,48780,60,51,5,n1754-1,201.5,209.77214
202.5,0.25,202.5,0.25,48840,60,57,2,n1750-1,202.5,210.36719
202.5,1.0,202.5,1.0,48840,240,59,1,n1747-1,202.5,210.36719
202.75,0.75,202.75,0.75,48900,180,54,2,n1751-1,202.5,210.36719
203.0,0.25,203.0,0.25,48960,60,51,5,n1756-1,202.5,210.36719
203.25,0.25,203.25,0.25,49020,60,40,5,n1757-1,202.5,210.36719
203.5,0.25,203.5,0.25,49080,60,61,2,n1760-1,203.5,211.0039
203.5,1.0,203.5,1.0,49080,240,61,1,n1758-1,203.5,211.0039
203.75,0.75,203.75,0.75,49140,180,56,2,n1761-1,203.5,211.0039
204.0,0.25,204.0,0.25,49200,60,40,5,n1765-1,203.5,211.0039
204.25,0.25,204.25,0.25,49260,60,52,5,n1766-1,203.5,211.0039
204.5,1.0,204.5,1.0,49320,240,59,1,n1759-1,204.5,211.59636
204.5,0.25,204.5,0.25,49320,60,59,2,n1762-1,204.5,211.59636
204.75,0.75,204.75,0.75,49380,180,56,2,n1763-1,204.5,211.59636
205.0,0.25,205.0,0.25,49440,60,51,5,n1768-1,204.5,211.59636
205.25,0.25,205.25,0.25,49500,60,52,5,n1769-1,204.5,211.59636
205.5,1.0,205.5,1.0,49560,240,69,1,n1770-1,205.5,212.1836
205.5,0.25,205.5,0.25,49560,60,69,2,n1772-1,205.5,212.1836
205.75,0.75,205.75,0.75,49620,180,59,2,n1773-1,205.5,212.1836
206.0,0.25,206.0,0.25,49680,60,51,5,n1777-1,205.5,212.1836
206.25,0.25,206.25,0.25,49740,60,52,5,n1778-1,205.5,212.1836
206.5,1.0,206.5,1.0,49800,240,68,1,n1771-1,206.5,212.79297
206.5,0.25,206.5,0.25,49800,60,68,2,n1774-1,206.5,212.79297
206.75,0.75,206.75,0.75,49860,180,59,2,n1775-1,206.5,212.79297
207.0,0.25,207.0,0.25,49920,60,63,5,n1780-1,206.5,212.79297
207.25,0.25,207.25,0.25,49980,60,64,5,n1781-1,206.5,212.79297
207.5,1.0,207.5,1.0,50040,240,73,1,n1782-1,207.5,213.32161
207.5,0.25,207.5,0.25,50040,60,73,2,n1784-1,207.5,213.32161
207.75,0.75,207.75,0.75,50100,180,68,2,n1785-1,207.5,213.32161
208.0,0.25,208.0,0.25,50160,60,52,5,n1789-1,207.5,213.32161
208.25,0.25,208.25,0.25,50220,60,64,5,n1790-1,207.5,213.32161
208.5,1.0,208.5,1.0,50280,240,71,1,n1783-1,208.5,213.8698
208.5,0.25,208.5,0.25,50280,60,71,2,n1786-1,208.5,213.8698
208.75,0.75,208.75,0.75,50340,180,68,2,n1787-1,208.5,213.8698
209.0,0.25,209.0,0.25,50400,60,63,5,n1792-1,208.5,213.8698
209.25,0.25,209.25,0.25,50460,60,64,5,n1793-1,208.5,213.8698
209.5,1.0,209.5,1.0,50520,240,81,1,n1794-1,209.5,214.42188
209.5,0.25,209.5,0.25,50520,60,81,2,n1796-1,209.5,214.42188
209.75,0.75,209.75,0.75,50580,180,71,2,n1797-1,209.5,214.42188
210.0,0.25,210.0,0.25,50640,60,63,5,n1801-1,209.5,214.42188
210.25,0.25,210.25,0.25,50700,60,64,5,n1802-1,209.5,214.42188
210.5,1.0,210.5,1.0,50760,240,80,1,n1795-1,210.5,214.9948
210.5,0.25,210.5,0.25,50760,60,80,2,n1798-1,210.5,214.9948
210.75,0.75,210.75,0.75,50820,180,71,2,n1799-1,210.5,214.9948
211.0,0.25,211.0,0.25,50880,60,75,5,n1804-1,210.5,214.9948
211.25,0.25,211.25,0.25,50940,60,76,5,n1805-1,210.5,214.9948
211.5,0.25,211.5,0.25,51000,60,85,2,n1808-1,211.5,215.55078
211.5,1.0,211.5,1.0,51000,240,85,1,n1806-1,211.5,215.55078
211.75,0.75,211.75,0.75,51060,180,80,2,n1809-1,211.5,215.55078
212.0,0.25,212.0,0.25,51120,60,64,5,n1813-1,211.5,215.55078
212.25,0.25,212.25,0.25,51180,60,76,5,n1814-1,211.5,215.55078
212.5,0.25,212.5,0.25,51240,60,83,2,n1810-1,212.5,216.1263
212.5,1.0,212.5,1.0,51240,240,83,1,n1807-1,212.5,216.1263
212.75,0.75,212.75,0.75,51300,180,80,2,n1811-1,212.5,216.1263
213.0,0.25,213.0,0.25,51360,60,75,5,n1816-1,212.5,216.1263
213.25,0.25,213.25,0.25,51420,60,76,5,n1817-1,212.5,216.1263
213.5,0.25,213.5,0.25,51480,60,85,2,n1820-1,213.5,216.77083
213.5,1.0,213.5,1.0,51480,240,85,1,n1818-1,213.5,216.77083
213.75,0.75,213.75,0.75,51540,180,80,2,n1821-1,213.5,216.77083
214.0,0.25,214.0,0.25,51600,60,87,5,n1825-1,213.5,216.77083
214.25,0.25,214.25,0.25,51660,60,88,5,n1826-1,213.5,216.77083
214.5,1.0,214.5,1.0,51720,240,83,1,n1819-1,214.5,217.58203
214.5,0.25,214.5,0.25,51720,60,83,2,n1822-1,214.5,217.58203
214.75,0.75,214.75,0.75,51780,180,80,2,n1823-1,214.5,217.58203
215.0,0.25,215.0,0.25,51840,60,92,5,n1828-1,214.5,217.58203
215.25,0.25,215.25,0.25,51900,60,95,5,n1829-1,214.5,217.58203
216.5,2.0,216.5,2.0,52200,480,40,5,n1835-1,216.5,219.8138
216.5,2.0,216.5,2.0,52200,480,44,5,n1836-1,216.5,219.8138
216.5,2.0,216.5,2.0,52200,480,47,5,n1837-1,216.5,219.8138
216.5,2.0,216.5,2.0,52200,480,52,1,n1831-1,216.5,219.8138
216.5,2.0,216.5,2.0,52200,480,56,1,n1832-1,216.5,219.8138
216.5,2.0,216.5,2.0,52200,480,59,1,n1833-1,216.5,219.8138
